unique_id,file_name,sample_id,class,AAAT,AACA,AACC,AACG,AACT,AAGC,AAGG,AAGT,AATC,ACAA,ACAC,ACAG,ACAT,ACCA,ACCC,ACCG,ACCT,ACGA,ACGC,ACGG,ACGT,ACTA,ACTC,ACTG,AGAA,AGAC,AGAG,AGAT,AGCA,AGCC,AGCG,AGCT,AGGA,AGGC,AGGG,AGGT,AGTA,AGTC,AGTG,AGTT,ATAC,ATAG,ATCA,ATCC,ATCG,ATCT,ATGA,ATGC,ATGG,ATGT,CAAC,CAAG,CACA,CACC,CACG,CACT,CAGA,CAGC,CAGG,CAGT,CATA,CATC,CATG,CCAA,CCAC,CCAG,CCAT,CCCA,CCCC,CCCG,CCCT,CCGA,CCGC,CCGG,CCGT,CCTA,CCTC,CCTG,CCTT,CGAA,CGAC,CGAG,CGAT,CGCA,CGCC,CGCG,CGCT,CGGA,CGGC,CGGG,CGGT,CGTA,CGTC,CGTG,CGTT,CTAC,CTAG,CTCA,CTCC,CTCG,CTGA,CTGC,CTGG,CTGT,CTTC,CTTG,GAAA,GAAC,GAAG,GAAT,GACA,GACC,GACG,GACT,GAGA,GAGC,GAGG,GAGT,GATA,GATC,GATG,GCAA,GCAC,GCAG,GCAT,GCCA,GCCC,GCCG,GCCT,GCGA,GCGC,GCGG,GCGT,GCTA,GCTC,GCTG,GCTT,GGAA,GGAC,GGAG,GGAT,GGCA,GGCC,GGCG,GGCT,GGGA,GGGC,GGGG,GGGT,GGTA,GGTC,GGTG,GGTT,GTAA,GTAC,GTAG,GTCA,GTCC,GTCG,GTCT,GTGA,GTGC,GTGG,GTGT,GTTC,GTTG,GTTT,TAAC,TACA,TACC,TACG,TACT,TAGC,TAGG,TAGT,TCAA,TCAC,TCAG,TCAT,TCCA,TCCC,TCCG,TCCT,TCGA,TCGC,TCGG,TCGT,TCTA,TCTC,TCTG,TCTT,TGAA,TGAC,TGAG,TGCA,TGCC,TGCG,TGCT,TGGA,TGGC,TGGG,TGGT,TGTC,TGTG,TGTT,TTCA,TTCC,TTCG,TTCT,TTGA,TTGC,TTGG,TTTC,TTTT,AAAC,AAAG,AAGA,AATA,AATG,AATT,ACTT,ATAA,ATTA,ATTG,CAAT,CTCT,CTTT,GTAT,GTTA,TAAT,TATA,TATC,TATT,TGAT,TTAC,TTAT,TTGT,TTTA,ATTC,ATTT,GATT,TAGA,TGTA,TTTG,AAAA,ATAT,CAAA,CATT,CTAT,TAAA,TATG,TTAA,CTAA,CTTA,TAAG,TTAG
archaea_halobacterium_chunk_1,archaea_halobacterium.fasta,1,archaea,1.0,2,3.0,10,3.0,6,2.0,3.0,2.0,2.0,5,5.0,2.0,8,9,15,1,17,22,19,11,4.0,4.0,8.0,1.0,2.0,1.0,4.0,4,11,18,6,3.0,10,4.0,10.0,4.0,7.0,3.0,3.0,2.0,1.0,5.0,4,7,4.0,3.0,1.0,1,1.0,4,3.0,3.0,12,17,2.0,6.0,14,3.0,3,1.0,8,2.0,1.0,15,10,4.0,6.0,4.0,14,3.0,15,31,24,9,1.0,10,5,2.0,12,44,29,5,11,33,58,13,20,54,19,21,8,43,12,5,6.0,1.0,1.0,7,23,1.0,5,16,4,6,4.0,1.0,13,8,1.0,6,15,33,7,2.0,18,19.0,7.0,2.0,10,4,3.0,9,6,2.0,8,7,41,8,30,44,48,26,1.0,15,9,5.0,6,11,14,7,3,16,63,8,4,20,6,7,5.0,19,11,7.0,1.0,10,6.0,6.0,14,51,3.0,3,10,11,3.0,11,2,4.0,1.0,3.0,3.0,8.0,4.0,1.0,3.0,4.0,1.0,5.0,5.0,3.0,8,7.0,10,6.0,28,18,23,22,1.0,2.0,4.0,3.0,4.0,4.0,2.0,2.0,4,9,3,11.0,6,8,4,5,1.0,2.0,2.0,6.0,10,3.0,3.0,2.0,1.0,4.0,1.0,0.0,0.0,0.0,0.0,0.0,0.0,0.0,0.0,0.0,0.0,0.0,0.0,0.0,0.0,0.0,0.0,0.0,0.0,0.0,0.0,0.0,0.0,0.0,0.0,0.0,0.0,0.0,0.0,0.0,0.0,0.0,0.0,0.0,0.0,0.0,0.0,0.0,0.0,0.0,0.0,0.0,0.0
archaea_halobacterium_chunk_2,archaea_halobacterium.fasta,2,archaea,2.0,6,9.0,7,3.0,7,2.0,4.0,3.0,3.0,8,4.0,9.0,10,9,27,10,18,22,14,25,2.0,5.0,5.0,1.0,8.0,1.0,7.0,9,8,11,2,7.0,5,5.0,4.0,3.0,9.0,3.0,2.0,2.0,1.0,3.0,9,20,6.0,3.0,6.0,6,1.0,12,4.0,7.0,25,24,4.0,6.0,6,4.0,5,1.0,19,5.0,6.0,23,7,5.0,7.0,12.0,16,2.0,31,29,20,9,2.0,12,5,1.0,16,38,37,13,13,35,31,10,10,34,16,15,6,40,9,6,7.0,0.0,8.0,10,17,3.0,8,6,3,6,0.0,9.0,8,11,3.0,6,19,38,6,7.0,16,14.0,8.0,1.0,15,9,4.0,14,7,7.0,13,14,32,5,20,21,19,14,0.0,13,5,4.0,10,20,3,3,10,17,21,3,10,8,13,7,1.0,14,9,5.0,0.0,7,1.0,12.0,7,40,6.0,7,7,6,3.0,10,3,3.0,0.0,5.0,3.0,9.0,1.0,1.0,1.0,0.0,4.0,15.0,3.0,4.0,11,2.0,15,3.0,35,17,22,13,3.0,7.0,5.0,1.0,4.0,3.0,4.0,0.0,4,11,7,9.0,4,4,3,2,2.0,4.0,3.0,5.0,10,2.0,0.0,1.0,2.0,4.0,0.0,5.0,2.0,4.0,1.0,2.0,1.0,2.0,1.0,1.0,1.0,1.0,2.0,2.0,2.0,1.0,1.0,1.0,1.0,1.0,2.0,2.0,1.0,1.0,1.0,0.0,0.0,0.0,0.0,0.0,0.0,0.0,0.0,0.0,0.0,0.0,0.0,0.0,0.0,0.0,0.0,0.0,0.0
archaea_halobacterium_chunk_3,archaea_halobacterium.fasta,3,archaea,0.0,4,5.0,7,5.0,8,3.0,7.0,0.0,2.0,4,1.0,2.0,4,4,17,10,8,11,10,13,0.0,9.0,3.0,5.0,1.0,6.0,5.0,7,10,7,7,6.0,6,3.0,12.0,3.0,12.0,4.0,6.0,2.0,1.0,2.0,2,4,10.0,5.0,1.0,7,5.0,5,7.0,1.0,17,11,0.0,4.0,4,6.0,6,0.0,7,5.0,2.0,7,11,5.0,5.0,7.0,17,6.0,18,18,20,22,0.0,27,8,3.0,12,22,19,13,8,21,32,14,19,24,14,15,16,42,14,11,1.0,0.0,4.0,20,39,2.0,10,8,4,5,7.0,1.0,14,13,0.0,2,11,23,4,5.0,16,16.0,4.0,3.0,11,13,4.0,11,4,2.0,6,18,31,8,6,22,23,18,1.0,19,11,4.0,6,13,11,9,5,22,20,6,7,14,10,5,3.0,16,19,4.0,1.0,7,18.0,8.0,18,54,4.0,6,9,16,11.0,7,12,4.0,1.0,2.0,2.0,1.0,5.0,3.0,2.0,8.0,4.0,7.0,4.0,3.0,10,6.0,13,14.0,34,24,19,30,0.0,11.0,2.0,7.0,5.0,3.0,5.0,1.0,10,10,8,7.0,9,9,10,14,5.0,2.0,4.0,3.0,10,3.0,4.0,9.0,5.0,7.0,3.0,1.0,0.0,2.0,0.0,0.0,0.0,2.0,0.0,0.0,0.0,0.0,3.0,4.0,1.0,0.0,0.0,0.0,0.0,1.0,4.0,0.0,0.0,6.0,0.0,1.0,4.0,4.0,6.0,5.0,5.0,0.0,0.0,0.0,0.0,0.0,0.0,0.0,0.0,0.0,0.0,0.0,0.0
archaea_halobacterium_chunk_4,archaea_halobacterium.fasta,4,archaea,2.0,9,5.0,7,2.0,2,4.0,0.0,3.0,6.0,14,8.0,3.0,13,11,17,5,15,18,11,14,1.0,11.0,6.0,1.0,9.0,4.0,5.0,15,5,9,2,9.0,5,8.0,6.0,6.0,6.0,3.0,1.0,5.0,2.0,6.0,7,13,3.0,2.0,5.0,4,4.0,11,4.0,10.0,21,21,9.0,5.0,16,8.0,7,4.0,12,5.0,4.0,19,11,7.0,6.0,11.0,28,6.0,16,36,19,19,1.0,9,11,2.0,10,23,28,13,10,39,32,13,12,26,7,11,9,24,20,7,2.0,1.0,7.0,13,15,3.0,7,13,10,5,1.0,3.0,7,6,0.0,8,13,24,5,10.0,11,15.0,7.0,2.0,12,9,6.0,17,11,7.0,8,23,30,6,18,22,15,16,2.0,11,14,2.0,5,12,7,3,7,13,23,10,4,11,10,8,0.0,14,13,8.0,1.0,12,2.0,10.0,12,29,1.0,6,15,13,10.0,12,4,5.0,1.0,4.0,7.0,6.0,4.0,2.0,1.0,2.0,3.0,11.0,6.0,6.0,14,5.0,15,6.0,25,18,12,11,1.0,4.0,2.0,0.0,0.0,6.0,4.0,9.0,10,7,4,2.0,11,8,10,8,8.0,8.0,3.0,8.0,9,3.0,1.0,3.0,1.0,5.0,4.0,4.0,0.0,4.0,1.0,0.0,1.0,2.0,1.0,0.0,1.0,2.0,0.0,0.0,1.0,3.0,1.0,2.0,2.0,0.0,2.0,2.0,1.0,1.0,1.0,1.0,1.0,0.0,0.0,1.0,0.0,3.0,1.0,2.0,2.0,2.0,1.0,1.0,1.0,0.0,0.0,0.0,0.0
archaea_halobacterium_chunk_5,archaea_halobacterium.fasta,5,archaea,2.0,11,8.0,8,3.0,1,3.0,1.0,3.0,4.0,12,12.0,1.0,8,8,11,5,20,25,10,7,4.0,5.0,11.0,3.0,5.0,1.0,7.0,8,7,8,5,3.0,3,3.0,5.0,6.0,5.0,5.0,3.0,4.0,2.0,5.0,7,17,5.0,7.0,1.0,3,5.0,10,1.0,6.0,11,25,9.0,2.0,18,8.0,8,2.0,7,4.0,3.0,18,13,7.0,12.0,9.0,15,5.0,14,25,18,17,1.0,16,9,3.0,8,27,11,13,9,42,20,20,8,27,10,11,6,29,20,8,4.0,2.0,6.0,16,17,7.0,19,11,15,10,2.0,2.0,14,3,3.0,10,8,23,7,8.0,6,3.0,5.0,4.0,21,10,2.0,13,9,1.0,12,15,31,7,11,16,12,20,2.0,14,21,6.0,4,7,7,10,5,9,17,11,5,5,4,6,5.0,11,6,5.0,3.0,4,9.0,6.0,17,31,5.0,12,6,10,13.0,13,6,4.0,4.0,2.0,5.0,6.0,3.0,3.0,0.0,5.0,6.0,8.0,3.0,5.0,8,9.0,17,12.0,14,25,16,19,2.0,12.0,11.0,2.0,7.0,9.0,3.0,3.0,7,14,7,12.0,7,3,5,14,10.0,9.0,5.0,6.0,9,9.0,2.0,5.0,3.0,4.0,2.0,2.0,2.0,1.0,3.0,1.0,0.0,2.0,2.0,1.0,2.0,0.0,8.0,1.0,3.0,2.0,2.0,0.0,3.0,2.0,9.0,4.0,0.0,2.0,1.0,2.0,2.0,4.0,5.0,2.0,2.0,0.0,1.0,4.0,1.0,2.0,0.0,1.0,0.0,1.0,0.0,0.0,0.0
archaea_halobacterium_chunk_6,archaea_halobacterium.fasta,6,archaea,2.0,5,7.0,11,9.0,9,8.0,12.0,7.0,11.0,7,8.0,4.0,2,3,16,7,21,17,9,6,4.0,8.0,8.0,9.0,7.0,4.0,7.0,11,5,8,7,11.0,6,6.0,5.0,9.0,7.0,5.0,10.0,2.0,0.0,9.0,9,10,13.0,10.0,4.0,3,7.0,12,13.0,7.0,8,12,8.0,9.0,7,5.0,7,0.0,10,3.0,10.0,12,6,3.0,7.0,5.0,3,3.0,15,12,8,6,0.0,10,3,4.0,15,22,20,8,9,12,15,13,11,13,4,14,6,9,12,5,9.0,0.0,6.0,11,17,9.0,5,10,15,9,6.0,7.0,13,15,9.0,9,8,23,4,10.0,13,11.0,11.0,1.0,18,10,8.0,9,9,1.0,9,2,11,2,9,6,14,8,6.0,15,17,5.0,10,7,11,12,3,4,11,12,4,6,1,5,0.0,11,11,8.0,2.0,8,3.0,4.0,4,18,8.0,13,5,11,7.0,15,12,8.0,3.0,9.0,5.0,7.0,4.0,2.0,4.0,1.0,8.0,7.0,5.0,9.0,13,8.0,11,5.0,20,14,11,12,6.0,10.0,11.0,8.0,10.0,8.0,10.0,4.0,3,3,11,14.0,5,5,6,7,8.0,16.0,10.0,13.0,12,6.0,11.0,7.0,6.0,9.0,3.0,4.0,8.0,8.0,2.0,8.0,5.0,5.0,1.0,5.0,9.0,7.0,8.0,4.0,7.0,4.0,3.0,3.0,6.0,5.0,15.0,6.0,3.0,7.0,4.0,8.0,5.0,13.0,0.0,5.0,4.0,5.0,3.0,5.0,4.0,4.0,2.0,3.0,3.0,3.0,3.0,1.0,4.0
archaea_halobacterium_chunk_7,archaea_halobacterium.fasta,7,archaea,1.0,6,4.0,9,5.0,6,1.0,2.0,5.0,2.0,6,6.0,2.0,2,6,17,2,8,15,11,15,0.0,10.0,5.0,5.0,7.0,4.0,6.0,9,6,15,7,6.0,5,3.0,6.0,0.0,12.0,7.0,2.0,2.0,5.0,5.0,6,8,6.0,3.0,1.0,5,4.0,4,4.0,6.0,7,15,4.0,5.0,10,8.0,7,1.0,9,2.0,1.0,10,11,2.0,0.0,1.0,15,3.0,10,20,20,19,0.0,6,5,4.0,10,20,17,14,7,19,34,13,14,27,11,24,11,52,13,8,2.0,1.0,7.0,8,16,6.0,16,6,7,6,7.0,8.0,10,4,5.0,3,13,21,6,9.0,15,9.0,9.0,6.0,10,7,3.0,7,10,7.0,11,6,21,6,20,18,28,18,3.0,9,15,7.0,6,10,14,4,9,9,21,7,6,6,5,5,2.0,15,24,5.0,0.0,5,10.0,5.0,17,54,14.0,12,10,15,14.0,11,4,4.0,3.0,1.0,3.0,4.0,3.0,6.0,2.0,3.0,5.0,9.0,3.0,5.0,11,6.0,16,4.0,23,20,17,32,2.0,9.0,10.0,6.0,6.0,6.0,8.0,2.0,10,13,7,8.0,8,3,11,11,7.0,6.0,5.0,6.0,14,4.0,6.0,5.0,4.0,5.0,3.0,7.0,2.0,2.0,1.0,1.0,1.0,3.0,1.0,0.0,7.0,2.0,3.0,5.0,4.0,2.0,0.0,1.0,1.0,2.0,7.0,2.0,2.0,5.0,3.0,7.0,1.0,8.0,6.0,6.0,2.0,1.0,1.0,1.0,4.0,0.0,1.0,3.0,2.0,2.0,2.0,1.0,1.0
archaea_halobacterium_chunk_8,archaea_halobacterium.fasta,8,archaea,0.0,3,5.0,17,5.0,6,4.0,1.0,1.0,5.0,10,4.0,3.0,4,15,19,7,19,31,19,12,2.0,4.0,5.0,4.0,9.0,3.0,4.0,1,7,15,8,10.0,8,7.0,5.0,1.0,1.0,6.0,3.0,1.0,0.0,8.0,5,10,1.0,4.0,3.0,4,1.0,9,4.0,4.0,20,13,1.0,3.0,11,5.0,5,1.0,14,2.0,3.0,12,8,5.0,6.0,5.0,20,5.0,25,29,22,16,4.0,12,7,3.0,13,39,27,11,10,39,46,14,15,31,24,9,6,29,14,7,10.0,1.0,6.0,9,19,4.0,5,7,1,9,2.0,6.0,15,7,1.0,11,16,44,4,9.0,11,20.0,5.0,2.0,9,9,1.0,5,11,4.0,13,13,38,7,20,30,29,19,5.0,14,5,9.0,6,24,9,5,8,17,34,5,10,21,8,6,2.0,6,12,3.0,1.0,6,4.0,8.0,10,19,4.0,4,10,10,8.0,14,3,1.0,2.0,4.0,4.0,7.0,2.0,3.0,1.0,0.0,8.0,11.0,1.0,8.0,5,3.0,15,7.0,26,19,9,9,0.0,9.0,1.0,1.0,6.0,3.0,6.0,2.0,8,3,6,9.0,4,6,3,5,0.0,5.0,6.0,6.0,15,1.0,6.0,1.0,1.0,0.0,0.0,4.0,6.0,6.0,0.0,0.0,0.0,1.0,1.0,0.0,2.0,0.0,5.0,1.0,0.0,0.0,0.0,0.0,0.0,1.0,3.0,0.0,1.0,1.0,0.0,5.0,0.0,3.0,2.0,2.0,2.0,1.0,1.0,4.0,3.0,0.0,0.0,1.0,0.0,0.0,2.0,0.0,1.0
archaea_halobacterium_chunk_9,archaea_halobacterium.fasta,9,archaea,0.0,4,11.0,8,3.0,3,3.0,2.0,3.0,4.0,10,8.0,5.0,14,10,27,3,16,23,23,8,3.0,6.0,10.0,2.0,10.0,1.0,3.0,5,8,20,9,3.0,8,2.0,9.0,0.0,5.0,7.0,2.0,3.0,3.0,4.0,9,8,2.0,3.0,4.0,4,3.0,12,2.0,9.0,19,17,6.0,4.0,20,12.0,4,2.0,8,4.0,4.0,17,12,4.0,7.0,4.0,11,8.0,29,34,18,12,2.0,11,4,2.0,12,35,23,11,15,30,33,17,14,30,17,17,3,15,14,10,7.0,2.0,7.0,11,14,4.0,11,7,3,5,5.0,5.0,9,3,4.0,13,18,37,11,11.0,17,7.0,4.0,2.0,11,7,7.0,14,10,3.0,9,10,38,7,19,24,24,17,6.0,14,9,6.0,4,20,12,3,10,14,23,7,10,9,10,8,4.0,13,20,6.0,1.0,4,0.0,10.0,10,16,4.0,11,7,21,7.0,10,11,1.0,2.0,1.0,6.0,8.0,1.0,2.0,0.0,4.0,3.0,10.0,10.0,2.0,6,6.0,17,1.0,17,14,13,5,2.0,5.0,2.0,3.0,3.0,15.0,3.0,4.0,12,8,2,12.0,7,8,9,7,5.0,5.0,4.0,0.0,11,2.0,6.0,4.0,4.0,1.0,0.0,3.0,4.0,1.0,1.0,2.0,0.0,2.0,0.0,0.0,1.0,2.0,4.0,1.0,2.0,1.0,0.0,1.0,1.0,2.0,3.0,2.0,0.0,4.0,0.0,1.0,0.0,0.0,0.0,0.0,1.0,0.0,0.0,2.0,0.0,3.0,0.0,1.0,0.0,1.0,2.0,0.0,1.0
archaea_halobacterium_chunk_10,archaea_halobacterium.fasta,10,archaea,1.0,2,7.0,6,7.0,5,3.0,3.0,4.0,3.0,7,7.0,4.0,6,9,13,4,11,11,8,21,2.0,10.0,7.0,4.0,8.0,8.0,9.0,9,6,10,4,5.0,3,5.0,11.0,3.0,8.0,8.0,5.0,4.0,2.0,10.0,9,11,3.0,3.0,4.0,8,6.0,5,2.0,11.0,14,13,4.0,12.0,10,6.0,8,2.0,10,5.0,3.0,17,13,4.0,13.0,10.0,12,2.0,18,21,20,14,0.0,7,5,0.0,11,22,14,12,10,27,25,9,14,19,19,12,10,27,15,12,2.0,2.0,5.0,15,12,4.0,4,8,6,6,2.0,3.0,11,10,2.0,5,6,29,5,10.0,12,13.0,8.0,6.0,15,14,2.0,6,9,7.0,8,11,24,2,12,22,19,12,3.0,9,7,5.0,6,8,16,8,4,7,19,5,10,6,18,16,5.0,15,16,11.0,3.0,9,7.0,8.0,12,31,10.0,13,9,14,12.0,15,15,4.0,3.0,3.0,5.0,3.0,5.0,2.0,1.0,5.0,2.0,12.0,7.0,7.0,10,7.0,24,4.0,18,17,17,17,3.0,9.0,3.0,6.0,5.0,7.0,5.0,1.0,5,11,6,9.0,7,8,8,11,9.0,8.0,5.0,9.0,15,5.0,5.0,6.0,2.0,7.0,2.0,3.0,2.0,3.0,1.0,1.0,0.0,2.0,1.0,1.0,1.0,1.0,3.0,4.0,3.0,2.0,2.0,3.0,4.0,4.0,8.0,1.0,0.0,8.0,0.0,6.0,2.0,2.0,4.0,4.0,3.0,0.0,5.0,2.0,4.0,4.0,1.0,1.0,2.0,0.0,1.0,0.0,1.0
archaea_halobacterium_chunk_11,archaea_halobacterium.fasta,11,archaea,0.0,4,8.0,8,3.0,2,1.0,0.0,3.0,3.0,3,5.0,1.0,9,10,15,1,9,16,12,10,1.0,3.0,9.0,4.0,5.0,3.0,3.0,3,8,13,1,5.0,6,2.0,1.0,2.0,7.0,6.0,3.0,4.0,2.0,2.0,3,13,1.0,3.0,9.0,2,2.0,4,3.0,2.0,10,12,2.0,1.0,11,2.0,9,1.0,7,2.0,3.0,11,9,5.0,4.0,5.0,26,2.0,15,32,23,32,0.0,5,2,0.0,12,29,10,10,4,36,43,9,14,52,18,28,11,59,19,9,0.0,0.0,4.0,3,11,3.0,6,10,12,1,2.0,0.0,14,6,4.0,6,13,21,7,5.0,11,9.0,4.0,2.0,9,14,2.0,7,3,3.0,12,17,52,1,21,26,44,22,0.0,7,12,3.0,6,5,11,8,7,23,44,10,9,13,11,5,3.0,20,15,4.0,1.0,7,9.0,8.0,13,70,10.0,10,12,15,16.0,5,9,4.0,2.0,0.0,4.0,7.0,1.0,1.0,2.0,5.0,3.0,5.0,6.0,2.0,3,5.0,9,3.0,16,18,33,33,0.0,4.0,8.0,2.0,2.0,8.0,5.0,1.0,15,13,2,2.0,13,7,8,15,13.0,3.0,2.0,1.0,6,2.0,3.0,4.0,3.0,4.0,1.0,3.0,0.0,6.0,2.0,0.0,0.0,0.0,1.0,0.0,1.0,1.0,1.0,1.0,1.0,1.0,0.0,3.0,0.0,1.0,4.0,1.0,1.0,3.0,0.0,1.0,0.0,0.0,3.0,2.0,1.0,3.0,1.0,3.0,1.0,1.0,0.0,0.0,0.0,0.0,1.0,0.0,0.0
archaea_halobacterium_chunk_12,archaea_halobacterium.fasta,12,archaea,1.0,4,2.0,8,6.0,3,2.0,2.0,0.0,5.0,12,3.0,6.0,12,9,22,4,28,43,19,14,3.0,7.0,3.0,0.0,7.0,3.0,3.0,7,6,20,1,10.0,11,3.0,3.0,1.0,4.0,1.0,5.0,2.0,0.0,2.0,5,13,5.0,2.0,1.0,1,1.0,10,5.0,3.0,17,30,3.0,4.0,15,8.0,3,0.0,10,2.0,3.0,24,17,2.0,9.0,15.0,15,6.0,29,27,17,17,0.0,14,10,2.0,7,69,29,8,6,63,39,15,15,30,10,4,3,29,18,7,8.0,0.0,3.0,11,27,3.0,7,14,7,7,0.0,2.0,8,3,0.0,16,24,58,6,8.0,16,17.0,6.0,2.0,15,1,4.0,8,8,2.0,15,14,45,10,27,35,14,14,3.0,14,16,2.0,3,22,14,5,8,14,25,11,6,11,6,1,0.0,5,5,1.0,0.0,5,0.0,10.0,11,17,4.0,7,6,11,3.0,12,3,1.0,0.0,3.0,4.0,8.0,1.0,0.0,0.0,0.0,5.0,9.0,2.0,4.0,10,6.0,8,6.0,29,19,9,12,2.0,10.0,2.0,1.0,3.0,6.0,1.0,1.0,1,6,8,13.0,6,5,3,4,3.0,3.0,5.0,3.0,12,2.0,0.0,2.0,1.0,3.0,2.0,2.0,0.0,1.0,0.0,2.0,0.0,3.0,0.0,1.0,0.0,1.0,4.0,1.0,0.0,0.0,0.0,0.0,0.0,0.0,2.0,1.0,0.0,0.0,0.0,0.0,1.0,0.0,0.0,1.0,0.0,0.0,0.0,1.0,2.0,0.0,0.0,0.0,0.0,0.0,0.0,0.0,0.0
archaea_halobacterium_chunk_13,archaea_halobacterium.fasta,13,archaea,1.0,5,6.0,8,3.0,1,3.0,3.0,2.0,1.0,4,6.0,2.0,8,4,25,4,17,21,5,14,0.0,9.0,3.0,4.0,3.0,2.0,3.0,2,8,12,1,2.0,6,0.0,4.0,0.0,6.0,1.0,2.0,1.0,0.0,3.0,4,6,2.0,0.0,7.0,2,1.0,7,4.0,1.0,25,17,2.0,3.0,15,2.0,2,0.0,8,1.0,3.0,20,8,2.0,7.0,15.0,25,5.0,17,54,27,30,0.0,22,1,1.0,14,35,19,7,11,62,45,20,6,42,20,17,10,65,17,2,0.0,0.0,5.0,19,33,1.0,5,4,7,7,1.0,1.0,14,4,0.0,5,11,29,6,7.0,7,6.0,3.0,1.0,5,8,2.0,12,3,1.0,9,27,55,7,17,36,23,23,0.0,17,12,7.0,1,6,1,4,4,18,34,12,4,16,4,6,3.0,16,8,4.0,3.0,8,3.0,14.0,20,59,9.0,4,7,7,14.0,4,4,1.0,1.0,2.0,0.0,3.0,4.0,0.0,1.0,1.0,5.0,9.0,5.0,4.0,9,6.0,23,8.0,24,27,30,27,0.0,10.0,1.0,1.0,0.0,7.0,1.0,1.0,10,8,3,0.0,4,6,4,14,6.0,1.0,1.0,3.0,10,0.0,3.0,3.0,1.0,3.0,0.0,0.0,0.0,1.0,0.0,1.0,0.0,3.0,0.0,0.0,0.0,0.0,1.0,4.0,0.0,0.0,2.0,0.0,0.0,0.0,0.0,0.0,0.0,0.0,0.0,0.0,0.0,0.0,1.0,1.0,2.0,0.0,0.0,0.0,0.0,0.0,0.0,0.0,0.0,0.0,0.0,0.0,0.0
archaea_halobacterium_chunk_14,archaea_halobacterium.fasta,14,archaea,1.0,4,6.0,8,9.0,5,6.0,3.0,8.0,6.0,7,8.0,0.0,6,3,15,8,6,14,12,11,3.0,13.0,8.0,5.0,12.0,6.0,7.0,10,7,17,5,7.0,10,3.0,9.0,8.0,6.0,8.0,9.0,2.0,7.0,5.0,3,14,5.0,4.0,4.0,1,6.0,7,7.0,7.0,14,11,8.0,7.0,18,6.0,9,1.0,5,0.0,2.0,17,5,3.0,6.0,3.0,8,3.0,14,8,9,19,2.0,12,3,5.0,9,14,16,15,6,17,15,12,7,17,7,14,17,29,15,12,2.0,4.0,10.0,10,21,6.0,9,8,10,12,9.0,4.0,12,5,7.0,6,4,21,10,10.0,8,10.0,12.0,9.0,9,11,7.0,5,12,2.0,10,7,15,3,12,10,11,23,6.0,9,11,7.0,8,8,10,4,2,7,19,5,7,2,3,4,6.0,10,12,8.0,3.0,11,20.0,5.0,11,28,13.0,11,7,12,11.0,18,14,4.0,3.0,4.0,8.0,3.0,3.0,8.0,7.0,7.0,3.0,11.0,15.0,3.0,5,7.0,12,8.0,22,18,13,20,4.0,12.0,11.0,6.0,6.0,7.0,8.0,8.0,4,5,11,9.0,4,3,9,11,6.0,12.0,12.0,8.0,10,10.0,6.0,8.0,4.0,3.0,0.0,5.0,1.0,3.0,3.0,2.0,4.0,6.0,5.0,3.0,2.0,2.0,5.0,2.0,5.0,5.0,7.0,3.0,5.0,5.0,6.0,3.0,3.0,10.0,2.0,7.0,2.0,3.0,10.0,8.0,3.0,0.0,2.0,2.0,2.0,5.0,1.0,2.0,4.0,3.0,1.0,4.0,1.0
archaea_halobacterium_chunk_15,archaea_halobacterium.fasta,15,archaea,0.0,2,5.0,4,3.0,2,1.0,1.0,0.0,1.0,5,7.0,1.0,6,9,21,11,24,19,12,10,1.0,5.0,5.0,2.0,6.0,2.0,3.0,2,7,11,5,5.0,8,6.0,5.0,3.0,3.0,4.0,6.0,0.0,0.0,2.0,4,11,3.0,6.0,5.0,5,6.0,4,2.0,3.0,14,16,2.0,2.0,10,6.0,5,0.0,8,5.0,3.0,15,8,4.0,9.0,4.0,22,7.0,19,25,24,16,0.0,18,9,6.0,10,53,21,13,6,38,28,16,10,27,25,20,7,32,14,5,1.0,0.0,4.0,10,26,1.0,11,14,8,10,5.0,3.0,8,4,1.0,8,27,40,5,4.0,11,13.0,9.0,0.0,11,16,0.0,7,3,6.0,8,18,35,8,22,25,24,15,0.0,13,18,4.0,2,13,13,6,5,14,37,7,14,13,17,13,4.0,20,15,5.0,0.0,7,10.0,8.0,13,40,5.0,6,13,15,6.0,9,5,1.0,0.0,1.0,1.0,5.0,2.0,2.0,4.0,1.0,2.0,8.0,5.0,2.0,7,11.0,6,7.0,32,19,22,17,0.0,9.0,2.0,4.0,2.0,8.0,1.0,3.0,10,10,7,5.0,15,9,6,11,7.0,1.0,3.0,4.0,14,2.0,3.0,1.0,1.0,2.0,0.0,2.0,1.0,3.0,0.0,0.0,1.0,1.0,0.0,0.0,0.0,0.0,5.0,0.0,3.0,2.0,0.0,0.0,1.0,1.0,5.0,1.0,0.0,5.0,0.0,1.0,1.0,0.0,4.0,6.0,0.0,0.0,0.0,0.0,0.0,0.0,0.0,1.0,0.0,0.0,0.0,0.0,1.0
archaea_halobacterium_chunk_16,archaea_halobacterium.fasta,16,archaea,1.0,4,9.0,10,2.0,2,1.0,1.0,3.0,0.0,17,5.0,2.0,11,14,24,3,11,24,18,6,0.0,8.0,4.0,3.0,3.0,1.0,1.0,5,11,11,1,5.0,6,3.0,6.0,0.0,10.0,1.0,2.0,2.0,0.0,2.0,3,10,3.0,0.0,8.0,5,1.0,6,0.0,9.0,27,28,5.0,3.0,14,12.0,7,1.0,4,5.0,4.0,27,13,4.0,13.0,17.0,24,3.0,11,39,29,21,0.0,9,5,1.0,11,27,9,9,19,48,55,10,20,37,22,22,5,39,20,7,1.0,0.0,4.0,7,23,1.0,5,6,4,1,0.0,6.0,13,3,3.0,9,13,20,4,3.0,8,7.0,5.0,2.0,9,7,1.0,14,17,3.0,15,20,40,6,15,37,36,26,1.0,11,6,0.0,11,11,10,7,7,18,36,4,8,12,8,10,5.0,20,15,4.0,1.0,3,6.0,6.0,17,51,2.0,8,8,15,9.0,6,5,5.0,1.0,2.0,3.0,0.0,1.0,4.0,0.0,0.0,2.0,11.0,1.0,1.0,9,6.0,12,3.0,19,32,18,18,0.0,8.0,1.0,0.0,0.0,5.0,3.0,4.0,4,12,3,6.0,10,5,6,7,4.0,3.0,3.0,3.0,3,2.0,1.0,2.0,1.0,4.0,0.0,5.0,1.0,0.0,1.0,1.0,0.0,0.0,1.0,0.0,0.0,0.0,2.0,0.0,2.0,0.0,1.0,0.0,2.0,0.0,2.0,0.0,0.0,2.0,0.0,0.0,0.0,0.0,2.0,2.0,1.0,2.0,1.0,1.0,0.0,0.0,0.0,1.0,0.0,0.0,0.0,0.0,0.0
archaea_halobacterium_chunk_17,archaea_halobacterium.fasta,17,archaea,1.0,11,3.0,10,3.0,3,0.0,6.0,0.0,2.0,15,7.0,2.0,11,9,18,1,29,19,14,13,0.0,6.0,3.0,4.0,6.0,2.0,3.0,10,15,15,3,9.0,4,4.0,5.0,1.0,7.0,2.0,5.0,1.0,1.0,1.0,2,12,7.0,9.0,6.0,7,6.0,8,0.0,5.0,19,25,2.0,5.0,21,6.0,5,0.0,7,8.0,5.0,19,14,10.0,9.0,11.0,22,5.0,20,33,23,18,0.0,5,3,2.0,13,37,18,17,5,47,30,8,9,29,11,24,9,17,23,12,0.0,0.0,2.0,6,13,1.0,6,8,4,6,5.0,0.0,18,9,0.0,9,16,34,4,6.0,15,14.0,2.0,1.0,14,20,2.0,10,12,3.0,18,19,44,2,18,20,20,17,0.0,4,13,5.0,6,12,9,8,7,13,23,7,7,7,11,7,3.0,17,19,6.0,1.0,7,8.0,4.0,14,33,2.0,15,10,14,9.0,13,11,1.0,1.0,1.0,1.0,6.0,0.0,4.0,2.0,2.0,1.0,7.0,4.0,1.0,10,8.0,10,2.0,18,18,16,12,0.0,7.0,0.0,6.0,4.0,8.0,8.0,5.0,8,7,4,10.0,10,6,9,12,5.0,4.0,6.0,8.0,6,3.0,4.0,2.0,6.0,3.0,0.0,0.0,1.0,1.0,2.0,0.0,0.0,0.0,1.0,0.0,2.0,1.0,1.0,2.0,1.0,2.0,0.0,0.0,1.0,0.0,9.0,0.0,0.0,6.0,0.0,1.0,0.0,2.0,3.0,4.0,0.0,1.0,0.0,1.0,1.0,0.0,1.0,0.0,0.0,0.0,0.0,0.0,2.0
archaea_halobacterium_chunk_18,archaea_halobacterium.fasta,18,archaea,0.0,14,2.0,6,0.0,2,1.0,0.0,2.0,4.0,12,4.0,2.0,9,10,18,5,13,24,8,13,0.0,2.0,4.0,1.0,4.0,4.0,3.0,13,8,23,4,4.0,11,3.0,7.0,1.0,1.0,5.0,1.0,0.0,0.0,1.0,6,9,4.0,2.0,3.0,4,5.0,8,2.0,1.0,28,25,3.0,2.0,31,11.0,5,0.0,9,0.0,3.0,11,22,4.0,7.0,14.0,24,4.0,22,43,19,7,0.0,23,6,6.0,13,27,24,10,15,45,46,15,10,38,14,13,4,53,10,4,1.0,0.0,3.0,12,23,0.0,14,8,3,13,3.0,0.0,13,2,3.0,6,11,24,2,8.0,14,12.0,3.0,0.0,8,12,3.0,24,17,2.0,16,15,37,14,26,37,23,21,1.0,14,13,5.0,3,9,6,6,13,21,27,11,6,12,4,3,3.0,12,8,2.0,0.0,4,3.0,11.0,16,42,3.0,6,8,7,7.0,6,5,1.0,0.0,1.0,1.0,3.0,1.0,1.0,1.0,0.0,1.0,10.0,6.0,2.0,8,10.0,12,12.0,12,17,25,30,1.0,4.0,2.0,5.0,1.0,3.0,3.0,5.0,8,11,3,4.0,11,4,2,6,5.0,7.0,4.0,8.0,10,0.0,1.0,2.0,3.0,1.0,0.0,1.0,0.0,1.0,0.0,2.0,0.0,0.0,0.0,1.0,1.0,1.0,5.0,0.0,1.0,2.0,0.0,0.0,1.0,2.0,2.0,1.0,2.0,3.0,0.0,2.0,0.0,1.0,1.0,0.0,0.0,3.0,0.0,0.0,1.0,0.0,1.0,0.0,0.0,1.0,0.0,0.0,0.0
archaea_halobacterium_chunk_19,archaea_halobacterium.fasta,19,archaea,4.0,10,8.0,3,5.0,6,5.0,8.0,8.0,6.0,5,6.0,4.0,12,6,10,5,3,6,7,7,5.0,11.0,8.0,6.0,4.0,5.0,5.0,5,13,7,6,3.0,3,2.0,3.0,5.0,7.0,9.0,6.0,7.0,11.0,8.0,8,12,10.0,4.0,6.0,3,6.0,9,9.0,3.0,9,9,16.0,7.0,6,1.0,8,6.0,10,4.0,14.0,17,7,9.0,13.0,12.0,5,6.0,6,10,13,15,4.0,9,6,5.0,8,7,2,11,6,12,7,16,6,11,8,15,5,21,8,13,10.0,3.0,12.0,9,14,4.0,7,3,18,14,10.0,3.0,11,9,9.0,6,5,5,4,4.0,6,0.0,4.0,7.0,7,3,10.0,3,2,6.0,13,3,15,4,5,10,5,10,8.0,13,8,13.0,7,4,1,7,6,7,8,5,6,6,5,3,4.0,7,4,11.0,4.0,4,3.0,6.0,12,19,8.0,8,5,6,8.0,20,9,9.0,2.0,2.0,11.0,6.0,10.0,13.0,5.0,7.0,6.0,12.0,7.0,8.0,9,15.0,14,9.0,14,15,16,15,13.0,18.0,10.0,12.0,11.0,5.0,6.0,4.0,3,8,15,4.0,6,5,5,10,6.0,15.0,7.0,18.0,15,19.0,11.0,12.0,8.0,13.0,7.0,3.0,5.0,8.0,8.0,4.0,7.0,11.0,0.0,4.0,12.0,10.0,16.0,14.0,11.0,7.0,4.0,3.0,13.0,6.0,5.0,8.0,2.0,7.0,6.0,12.0,3.0,11.0,1.0,8.0,7.0,2.0,6.0,8.0,7.0,11.0,1.0,8.0,1.0,6.0,3.0,4.0,9.0
archaea_halobacterium_chunk_20,archaea_halobacterium.fasta,20,archaea,0.0,6,6.0,8,5.0,3,2.0,1.0,1.0,2.0,5,5.0,2.0,5,3,10,7,12,7,12,23,2.0,7.0,6.0,6.0,3.0,3.0,4.0,4,8,10,1,10.0,8,9.0,10.0,2.0,5.0,2.0,3.0,2.0,0.0,4.0,5,10,7.0,4.0,4.0,4,10.0,6,3.0,4.0,10,22,3.0,4.0,9,17.0,4,2.0,9,6.0,0.0,15,14,5.0,7.0,10.0,23,2.0,18,21,16,17,0.0,20,2,5.0,9,17,21,16,8,27,25,12,9,26,13,16,13,38,23,11,2.0,0.0,3.0,15,30,2.0,8,10,4,11,6.0,0.0,17,5,2.0,1,9,20,3,8.0,9,15.0,5.0,1.0,14,16,3.0,10,10,4.0,8,15,29,6,6,25,18,22,0.0,14,11,4.0,7,5,11,9,12,11,26,6,5,10,6,11,6.0,20,13,8.0,1.0,12,9.0,13.0,18,35,7.0,7,16,16,9.0,13,5,6.0,1.0,3.0,0.0,4.0,10.0,2.0,3.0,2.0,5.0,9.0,5.0,6.0,14,14.0,10,12.0,27,19,18,23,2.0,8.0,4.0,5.0,2.0,8.0,2.0,3.0,12,10,10,8.0,11,4,10,10,10.0,2.0,5.0,12.0,13,4.0,5.0,7.0,3.0,8.0,9.0,1.0,0.0,2.0,0.0,0.0,1.0,6.0,0.0,0.0,1.0,0.0,1.0,3.0,1.0,0.0,0.0,0.0,2.0,2.0,6.0,1.0,0.0,1.0,1.0,2.0,4.0,4.0,2.0,2.0,4.0,2.0,1.0,1.0,0.0,2.0,0.0,0.0,0.0,0.0,0.0,0.0,0.0
archaea_halobacterium_chunk_21,archaea_halobacterium.fasta,21,archaea,0.0,3,4.0,10,3.0,10,3.0,3.0,0.0,5.0,2,3.0,2.0,5,7,17,3,20,21,16,15,4.0,4.0,6.0,5.0,6.0,2.0,4.0,6,10,21,3,6.0,9,11.0,7.0,3.0,5.0,2.0,5.0,0.0,0.0,1.0,5,8,0.0,6.0,1.0,9,0.0,6,6.0,1.0,9,8,4.0,1.0,10,5.0,6,0.0,5,2.0,0.0,11,6,2.0,4.0,9.0,15,2.0,16,21,33,13,2.0,2,6,0.0,11,34,34,9,11,26,43,8,15,44,26,19,7,16,26,6,7.0,0.0,0.0,3,9,4.0,7,18,3,2,1.0,8.0,12,8,1.0,5,13,47,6,11.0,20,25.0,5.0,0.0,8,13,7.0,9,11,4.0,5,13,40,1,37,37,45,16,1.0,5,18,2.0,5,20,19,6,8,18,65,8,16,22,22,14,1.0,9,30,8.0,1.0,11,1.0,1.0,9,19,4.0,13,12,28,8.0,11,12,1.0,0.0,3.0,6.0,8.0,1.0,0.0,0.0,1.0,0.0,0.0,2.0,0.0,5,0.0,11,4.0,15,9,10,11,1.0,1.0,2.0,1.0,8.0,11.0,6.0,6.0,5,6,7,13.0,24,15,8,3,3.0,5.0,0.0,3.0,9,1.0,5.0,4.0,5.0,0.0,0.0,2.0,6.0,5.0,0.0,1.0,0.0,0.0,0.0,0.0,2.0,0.0,0.0,0.0,0.0,0.0,0.0,0.0,1.0,0.0,3.0,0.0,0.0,2.0,0.0,0.0,0.0,1.0,0.0,2.0,1.0,0.0,0.0,0.0,1.0,1.0,0.0,0.0,0.0,0.0,0.0,1.0,0.0
archaea_halobacterium_chunk_22,archaea_halobacterium.fasta,22,archaea,0.0,4,9.0,7,3.0,3,0.0,1.0,1.0,3.0,20,6.0,4.0,10,15,24,10,15,23,21,15,0.0,4.0,6.0,2.0,3.0,1.0,1.0,3,8,16,7,4.0,1,2.0,2.0,3.0,1.0,3.0,3.0,1.0,0.0,5.0,9,4,3.0,3.0,3.0,7,2.0,6,0.0,9.0,23,23,1.0,2.0,14,3.0,6,0.0,5,7.0,4.0,22,7,4.0,8.0,9.0,19,4.0,22,33,26,17,2.0,16,4,0.0,10,43,19,12,11,35,45,15,14,40,22,12,7,26,21,9,4.0,0.0,1.0,8,28,2.0,11,15,4,4,0.0,2.0,14,1,1.0,17,22,34,7,5.0,17,4.0,2.0,0.0,13,6,1.0,8,8,6.0,14,8,41,3,28,33,21,20,1.0,15,20,2.0,3,25,4,4,4,15,33,9,8,13,11,8,4.0,11,15,4.0,1.0,11,3.0,3.0,7,30,5.0,12,12,9,9.0,12,4,2.0,0.0,4.0,5.0,10.0,0.0,0.0,2.0,1.0,1.0,6.0,4.0,1.0,5,8.0,14,5.0,19,17,20,11,4.0,8.0,2.0,2.0,3.0,9.0,4.0,5.0,8,8,7,10.0,7,5,12,7,2.0,3.0,3.0,8.0,5,2.0,1.0,2.0,3.0,2.0,2.0,3.0,1.0,0.0,1.0,1.0,0.0,1.0,1.0,2.0,0.0,2.0,6.0,0.0,2.0,1.0,0.0,1.0,2.0,1.0,2.0,3.0,1.0,0.0,0.0,0.0,2.0,0.0,0.0,3.0,2.0,0.0,0.0,1.0,3.0,2.0,1.0,1.0,0.0,1.0,1.0,2.0,0.0
archaea_halobacterium_chunk_23,archaea_halobacterium.fasta,23,archaea,0.0,4,4.0,9,3.0,3,1.0,4.0,0.0,1.0,7,3.0,2.0,7,6,14,7,18,11,13,14,1.0,10.0,6.0,1.0,5.0,4.0,3.0,2,10,10,6,0.0,5,3.0,6.0,5.0,5.0,2.0,7.0,0.0,1.0,1.0,1,9,12.0,7.0,7.0,4,14.0,4,3.0,6.0,13,12,4.0,3.0,9,5.0,6,1.0,9,7.0,0.0,18,10,8.0,11.0,5.0,5,4.0,16,21,20,14,0.0,19,4,6.0,10,36,13,18,8,24,23,17,8,32,20,18,6,38,21,10,0.0,0.0,4.0,10,42,3.0,12,11,2,12,8.0,2.0,14,6,0.0,3,17,30,6,4.0,14,6.0,4.0,0.0,13,23,5.0,6,7,4.0,14,11,37,4,16,20,20,18,1.0,12,12,10.0,3,7,6,9,7,14,31,9,9,11,9,6,6.0,12,12,4.0,2.0,9,11.0,3.0,15,40,8.0,12,9,11,7.0,13,13,2.0,0.0,0.0,0.0,5.0,6.0,2.0,2.0,5.0,1.0,4.0,3.0,4.0,4,3.0,14,14.0,27,20,25,29,0.0,16.0,6.0,7.0,8.0,8.0,5.0,5.0,18,10,3,8.0,13,3,5,11,4.0,8.0,4.0,9.0,10,8.0,7.0,8.0,3.0,4.0,1.0,2.0,1.0,3.0,0.0,1.0,0.0,2.0,0.0,0.0,0.0,0.0,1.0,4.0,0.0,1.0,1.0,0.0,1.0,0.0,8.0,2.0,0.0,5.0,1.0,2.0,1.0,2.0,3.0,5.0,2.0,5.0,0.0,0.0,1.0,2.0,1.0,1.0,1.0,0.0,1.0,1.0,0.0
archaea_halobacterium_chunk_24,archaea_halobacterium.fasta,24,archaea,2.0,7,7.0,15,3.0,7,5.0,2.0,0.0,8.0,18,6.0,4.0,22,14,27,8,23,16,28,19,5.0,3.0,5.0,5.0,5.0,0.0,2.0,9,9,10,10,7.0,7,3.0,4.0,4.0,5.0,4.0,2.0,3.0,1.0,6.0,2,10,0.0,2.0,6.0,1,2.0,14,4.0,5.0,38,17,1.0,4.0,22,8.0,3,0.0,12,4.0,9.0,21,16,2.0,13.0,18.0,18,2.0,22,31,23,16,4.0,9,7,6.0,8,53,23,7,9,43,20,11,8,45,16,8,1,23,13,9,18.0,0.0,4.0,10,7,3.0,4,19,4,12,2.0,2.0,13,9,0.0,21,19,37,10,5.0,8,8.0,10.0,4.0,6,4,2.0,14,14,5.0,12,15,39,9,24,15,16,7,7.0,9,14,5.0,9,26,7,3,13,18,28,9,16,10,8,3,1.0,9,6,3.0,0.0,8,1.0,7.0,6,26,2.0,2,8,13,0.0,13,2,0.0,1.0,3.0,7.0,17.0,3.0,1.0,0.0,0.0,6.0,8.0,1.0,5.0,1,4.0,8,7.0,22,21,10,4,4.0,3.0,4.0,0.0,2.0,3.0,1.0,4.0,5,4,5,14.0,6,10,4,4,0.0,1.0,3.0,2.0,14,6.0,1.0,0.0,1.0,0.0,1.0,4.0,2.0,2.0,0.0,3.0,0.0,4.0,1.0,0.0,0.0,1.0,3.0,1.0,0.0,0.0,0.0,1.0,0.0,0.0,2.0,1.0,0.0,2.0,1.0,0.0,0.0,0.0,1.0,3.0,0.0,3.0,0.0,6.0,0.0,1.0,0.0,0.0,0.0,1.0,0.0,1.0,0.0
archaea_halobacterium_chunk_25,archaea_halobacterium.fasta,25,archaea,0.0,5,4.0,9,1.0,3,7.0,3.0,0.0,3.0,4,6.0,4.0,8,4,13,3,15,19,16,16,0.0,1.0,0.0,5.0,8.0,1.0,5.0,7,10,16,8,9.0,14,10.0,7.0,2.0,4.0,6.0,4.0,2.0,0.0,5.0,6,7,2.0,4.0,2.0,10,1.0,10,4.0,4.0,5,10,3.0,4.0,16,17.0,3,1.0,7,5.0,6.0,3,17,3.0,2.0,4.0,11,4.0,15,21,24,10,1.0,8,4,3.0,10,28,27,8,9,30,38,15,20,34,29,12,2,23,19,16,4.0,0.0,2.0,3,13,6.0,3,8,6,11,4.0,3.0,8,12,1.0,7,18,40,1,10.0,21,14.0,9.0,0.0,13,12,0.0,8,15,4.0,15,10,36,5,21,34,38,21,3.0,5,19,5.0,5,23,21,5,10,21,49,6,13,22,10,12,1.0,13,13,11.0,0.0,3,2.0,4.0,8,28,3.0,8,9,18,3.0,17,14,6.0,0.0,1.0,1.0,7.0,1.0,1.0,2.0,1.0,5.0,7.0,2.0,3.0,4,3.0,11,4.0,22,18,17,13,0.0,4.0,0.0,4.0,4.0,7.0,4.0,1.0,5,11,3,12.0,16,8,7,3,0.0,7.0,6.0,5.0,22,3.0,5.0,6.0,7.0,8.0,1.0,1.0,2.0,5.0,1.0,0.0,0.0,5.0,0.0,1.0,2.0,0.0,0.0,2.0,2.0,1.0,0.0,0.0,0.0,2.0,8.0,1.0,0.0,2.0,1.0,0.0,1.0,1.0,0.0,2.0,0.0,2.0,0.0,0.0,1.0,0.0,0.0,0.0,0.0,0.0,0.0,0.0,2.0
archaea_halobacterium_chunk_26,archaea_halobacterium.fasta,26,archaea,0.0,5,3.0,10,1.0,5,3.0,3.0,0.0,0.0,6,5.0,5.0,4,8,15,3,19,17,12,16,2.0,7.0,10.0,2.0,4.0,2.0,1.0,9,5,17,4,2.0,3,4.0,4.0,3.0,4.0,6.0,2.0,0.0,0.0,3.0,4,14,3.0,3.0,0.0,5,3.0,4,3.0,3.0,14,18,9.0,3.0,16,4.0,5,0.0,16,2.0,2.0,10,11,4.0,5.0,2.0,11,6.0,17,27,21,10,3.0,7,9,4.0,11,33,16,5,9,30,40,18,8,32,21,17,5,20,28,13,8.0,0.0,6.0,13,9,4.0,8,22,6,16,5.0,0.0,11,7,0.0,5,12,29,6,6.0,14,6.0,6.0,0.0,8,7,6.0,20,8,3.0,13,11,31,7,14,34,29,18,0.0,15,18,8.0,2,6,11,6,16,18,32,11,5,22,8,11,2.0,17,20,8.0,3.0,9,1.0,5.0,10,32,6.0,9,11,25,14.0,16,7,3.0,3.0,3.0,1.0,7.0,6.0,0.0,0.0,1.0,0.0,8.0,4.0,10.0,6,3.0,18,7.0,15,19,16,22,4.0,3.0,3.0,8.0,3.0,9.0,3.0,3.0,8,6,8,10.0,20,13,15,12,5.0,3.0,8.0,7.0,17,5.0,3.0,6.0,6.0,3.0,3.0,1.0,0.0,0.0,0.0,0.0,0.0,3.0,0.0,0.0,2.0,0.0,4.0,2.0,2.0,0.0,0.0,0.0,0.0,0.0,4.0,0.0,0.0,2.0,0.0,2.0,1.0,1.0,0.0,5.0,3.0,0.0,0.0,1.0,4.0,0.0,0.0,2.0,0.0,1.0,0.0,1.0,0.0
archaea_halobacterium_chunk_27,archaea_halobacterium.fasta,27,archaea,1.0,13,11.0,9,5.0,11,2.0,7.0,1.0,5.0,10,7.0,8.0,6,11,22,6,29,28,14,10,2.0,7.0,7.0,6.0,6.0,2.0,6.0,5,11,17,6,8.0,6,10.0,4.0,3.0,8.0,2.0,6.0,3.0,0.0,9.0,10,9,6.0,5.0,2.0,3,3.0,13,7.0,5.0,14,24,4.0,3.0,11,9.0,6,0.0,22,4.0,7.0,15,11,2.0,7.0,12.0,12,1.0,20,21,23,12,2.0,13,4,2.0,17,42,35,5,14,20,23,16,9,30,14,13,3,24,9,4,8.0,1.0,9.0,19,12,5.0,10,9,7,5,2.0,9.0,15,13,3.0,10,13,39,6,11.0,17,17.0,5.0,2.0,10,7,6.0,12,8,9.0,11,5,21,8,21,21,20,8,1.0,12,16,2.0,10,15,10,4,8,12,24,6,16,8,14,6,2.0,8,11,7.0,1.0,8,0.0,7.0,9,20,8.0,7,4,10,4.0,17,3,1.0,2.0,2.0,7.0,9.0,3.0,0.0,0.0,1.0,9.0,10.0,3.0,10.0,11,4.0,21,6.0,29,3,9,10,6.0,10.0,4.0,2.0,7.0,5.0,3.0,8.0,1,6,3,6.0,6,7,5,4,3.0,5.0,7.0,4.0,10,6.0,2.0,2.0,2.0,2.0,3.0,8.0,6.0,6.0,1.0,2.0,1.0,2.0,0.0,0.0,1.0,1.0,2.0,1.0,1.0,1.0,0.0,0.0,1.0,1.0,4.0,2.0,0.0,0.0,1.0,3.0,1.0,0.0,0.0,2.0,0.0,3.0,0.0,6.0,3.0,1.0,0.0,0.0,0.0,1.0,0.0,0.0,0.0
archaea_halobacterium_chunk_28,archaea_halobacterium.fasta,28,archaea,1.0,7,6.0,9,6.0,1,1.0,2.0,1.0,2.0,21,7.0,2.0,13,16,24,5,25,36,11,13,4.0,4.0,8.0,2.0,5.0,2.0,3.0,4,10,12,3,4.0,5,2.0,4.0,0.0,3.0,1.0,4.0,0.0,1.0,6.0,4,8,2.0,3.0,3.0,5,3.0,8,3.0,9.0,27,37,4.0,3.0,19,2.0,3,0.0,5,2.0,3.0,34,13,0.0,7.0,20.0,34,4.0,31,45,26,18,0.0,10,7,1.0,14,63,13,12,5,67,37,13,6,35,11,17,9,36,5,9,3.0,1.0,3.0,9,17,7.0,7,8,6,1,1.0,2.0,17,2,0.0,15,23,39,5,7.0,6,6.0,2.0,0.0,14,11,6.0,7,3,3.0,19,23,52,6,22,22,21,14,1.0,14,10,2.0,3,7,3,6,9,18,22,5,5,9,3,3,1.0,16,8,5.0,0.0,1,8.0,8.0,14,35,4.0,5,7,4,3.0,9,6,5.0,2.0,1.0,2.0,1.0,1.0,3.0,6.0,1.0,0.0,15.0,4.0,2.0,11,6.0,10,3.0,24,19,11,14,1.0,2.0,3.0,1.0,2.0,7.0,3.0,1.0,5,8,6,4.0,5,4,6,5,5.0,3.0,4.0,3.0,8,0.0,1.0,3.0,2.0,4.0,3.0,1.0,0.0,1.0,0.0,0.0,0.0,0.0,0.0,2.0,1.0,0.0,1.0,1.0,3.0,1.0,0.0,1.0,0.0,5.0,4.0,1.0,3.0,3.0,2.0,1.0,1.0,0.0,1.0,2.0,1.0,0.0,0.0,0.0,0.0,1.0,0.0,1.0,1.0,1.0,1.0,0.0,1.0
archaea_halobacterium_chunk_29,archaea_halobacterium.fasta,29,archaea,2.0,6,8.0,9,4.0,4,0.0,5.0,2.0,1.0,7,6.0,2.0,8,13,19,6,25,21,17,13,4.0,6.0,9.0,1.0,5.0,1.0,2.0,8,11,19,11,7.0,10,3.0,0.0,2.0,2.0,5.0,3.0,2.0,0.0,2.0,4,10,2.0,8.0,4.0,2,1.0,6,2.0,4.0,14,19,4.0,1.0,20,5.0,2,0.0,10,1.0,5.0,15,11,5.0,4.0,10.0,25,1.0,29,26,26,12,0.0,13,7,2.0,20,49,28,10,8,37,36,7,15,34,21,18,7,24,8,6,8.0,0.0,2.0,13,26,2.0,7,9,6,8,2.0,6.0,17,6,0.0,5,19,41,11,3.0,23,14.0,4.0,1.0,2,14,4.0,11,9,3.0,17,10,38,9,31,28,22,10,3.0,17,8,5.0,5,14,9,4,10,19,28,6,5,15,9,14,2.0,11,17,9.0,1.0,5,5.0,8.0,5,21,5.0,7,9,13,10.0,15,7,2.0,0.0,1.0,5.0,7.0,2.0,2.0,1.0,1.0,2.0,8.0,2.0,1.0,7,7.0,11,6.0,22,13,23,10,3.0,6.0,0.0,2.0,3.0,8.0,6.0,1.0,8,8,8,5.0,4,10,7,2,9.0,7.0,1.0,9.0,11,3.0,1.0,5.0,2.0,1.0,2.0,4.0,3.0,3.0,1.0,0.0,0.0,2.0,0.0,0.0,0.0,1.0,1.0,1.0,2.0,1.0,0.0,0.0,4.0,0.0,1.0,0.0,0.0,3.0,0.0,0.0,0.0,0.0,2.0,2.0,2.0,1.0,0.0,3.0,0.0,2.0,0.0,0.0,0.0,0.0,0.0,1.0,1.0
archaea_halobacterium_chunk_30,archaea_halobacterium.fasta,30,archaea,2.0,9,11.0,9,4.0,5,1.0,3.0,1.0,2.0,10,7.0,5.0,13,12,19,3,21,21,5,9,3.0,5.0,9.0,2.0,1.0,0.0,3.0,4,9,13,4,2.0,6,6.0,7.0,2.0,4.0,3.0,2.0,4.0,0.0,2.0,4,14,4.0,4.0,4.0,5,3.0,12,2.0,3.0,22,22,5.0,1.0,14,9.0,3,2.0,11,6.0,5.0,23,14,5.0,13.0,16.0,25,5.0,13,33,20,14,4.0,13,8,6.0,16,30,19,9,5,48,32,12,7,29,11,14,4,30,16,6,5.0,0.0,4.0,11,18,6.0,17,13,5,11,5.0,5.0,15,6,2.0,9,13,17,5,1.0,11,10.0,3.0,0.0,12,7,7.0,10,3,6.0,17,20,28,13,20,28,19,16,1.0,11,16,7.0,6,7,3,2,7,12,29,11,3,12,7,9,5.0,13,17,5.0,0.0,7,6.0,9.0,13,27,5.0,6,11,12,17.0,8,7,5.0,1.0,3.0,1.0,8.0,7.0,0.0,1.0,2.0,3.0,9.0,3.0,2.0,4,11.0,9,10.0,20,15,17,17,0.0,7.0,8.0,1.0,4.0,6.0,3.0,10.0,9,9,8,6.0,12,7,10,7,10.0,8.0,2.0,6.0,10,4.0,3.0,4.0,5.0,3.0,0.0,5.0,2.0,1.0,2.0,1.0,0.0,4.0,1.0,0.0,1.0,0.0,3.0,1.0,1.0,1.0,0.0,1.0,0.0,0.0,6.0,3.0,0.0,3.0,1.0,0.0,0.0,1.0,3.0,3.0,2.0,4.0,0.0,3.0,0.0,2.0,1.0,2.0,0.0,1.0,1.0,0.0,0.0
archaea_halobacterium_chunk_31,archaea_halobacterium.fasta,31,archaea,1.0,10,6.0,15,1.0,2,2.0,1.0,1.0,1.0,9,13.0,0.0,11,6,16,2,15,24,25,8,0.0,4.0,3.0,3.0,5.0,5.0,5.0,9,16,23,3,16.0,4,5.0,4.0,1.0,3.0,1.0,3.0,2.0,1.0,3.0,3,10,6.0,2.0,4.0,2,3.0,4,1.0,5.0,19,25,1.0,1.0,32,12.0,4,0.0,8,2.0,0.0,22,18,6.0,10.0,16.0,19,3.0,16,34,20,14,1.0,10,8,3.0,17,30,22,11,13,40,48,6,11,48,11,24,9,24,16,10,1.0,0.0,1.0,11,15,3.0,10,9,3,3,1.0,3.0,26,5,1.0,7,8,26,2,12.0,14,14.0,2.0,2.0,11,9,0.0,11,14,4.0,18,20,41,8,33,35,31,22,0.0,7,12,0.0,13,6,11,5,3,23,40,5,4,12,7,4,5.0,18,14,5.0,0.0,10,7.0,8.0,13,32,2.0,4,10,13,7.0,9,9,2.0,0.0,1.0,2.0,6.0,4.0,3.0,1.0,1.0,4.0,8.0,4.0,1.0,7,6.0,8,9.0,16,14,18,15,0.0,6.0,2.0,1.0,2.0,3.0,4.0,4.0,8,10,5,4.0,7,4,10,10,3.0,2.0,5.0,3.0,6,1.0,2.0,3.0,1.0,2.0,0.0,2.0,0.0,1.0,1.0,0.0,0.0,1.0,0.0,0.0,1.0,0.0,0.0,1.0,2.0,0.0,0.0,0.0,2.0,0.0,2.0,0.0,0.0,6.0,0.0,1.0,0.0,1.0,4.0,4.0,1.0,2.0,0.0,0.0,1.0,0.0,0.0,0.0,0.0,0.0,0.0,0.0,0.0
archaea_halobacterium_chunk_32,archaea_halobacterium.fasta,32,archaea,1.0,8,4.0,11,6.0,4,6.0,6.0,2.0,9.0,11,6.0,4.0,7,7,16,8,28,16,11,11,3.0,6.0,3.0,3.0,11.0,4.0,8.0,6,7,18,3,13.0,6,7.0,9.0,4.0,8.0,6.0,4.0,2.0,1.0,7.0,5,19,2.0,4.0,3.0,5,1.0,15,7.0,1.0,11,10,1.0,7.0,12,10.0,7,2.0,14,4.0,4.0,4,13,6.0,3.0,3.0,12,0.0,11,12,22,14,1.0,11,5,3.0,11,36,30,6,5,15,28,16,20,30,27,15,3,17,20,11,8.0,0.0,4.0,6,15,10.0,9,11,5,4,3.0,7.0,9,11,1.0,16,17,37,5,12.0,17,19.0,8.0,1.0,15,7,5.0,2,11,8.0,8,4,21,6,15,23,41,16,2.0,7,23,5.0,9,20,19,5,11,9,40,14,11,24,14,7,1.0,16,14,3.0,0.0,7,1.0,9.0,13,24,4.0,7,13,14,7.0,15,4,0.0,1.0,5.0,6.0,8.0,2.0,1.0,0.0,1.0,8.0,6.0,6.0,4.0,9,4.0,10,6.0,29,12,18,10,2.0,1.0,4.0,0.0,5.0,8.0,3.0,4.0,8,9,5,9.0,14,8,3,9,1.0,4.0,4.0,5.0,11,1.0,0.0,1.0,4.0,0.0,0.0,4.0,3.0,5.0,1.0,2.0,0.0,2.0,1.0,1.0,0.0,3.0,0.0,1.0,1.0,3.0,0.0,1.0,2.0,1.0,5.0,4.0,2.0,2.0,2.0,2.0,1.0,1.0,2.0,1.0,0.0,3.0,1.0,1.0,2.0,0.0,0.0,0.0,0.0,0.0,2.0,0.0,2.0
archaea_halobacterium_chunk_33,archaea_halobacterium.fasta,33,archaea,1.0,4,7.0,4,5.0,7,2.0,0.0,1.0,4.0,10,4.0,4.0,9,11,14,9,23,22,11,11,0.0,7.0,3.0,4.0,6.0,0.0,4.0,6,10,13,5,5.0,8,1.0,5.0,0.0,2.0,2.0,3.0,2.0,0.0,1.0,6,9,4.0,5.0,3.0,8,5.0,4,2.0,8.0,13,18,3.0,5.0,12,10.0,4,2.0,12,9.0,3.0,14,10,8.0,9.0,20.0,28,2.0,21,32,22,13,3.0,11,7,2.0,9,46,19,9,10,38,36,15,12,35,22,13,6,35,13,9,6.0,3.0,3.0,9,32,2.0,9,12,2,9,3.0,4.0,11,8,0.0,9,17,43,3,5.0,12,6.0,2.0,0.0,7,11,0.0,9,16,6.0,13,19,37,6,15,26,24,17,3.0,17,14,7.0,8,14,6,2,9,23,31,8,4,19,8,11,0.0,18,12,3.0,0.0,3,3.0,10.0,9,36,9.0,4,10,10,5.0,10,7,3.0,0.0,1.0,6.0,2.0,2.0,3.0,1.0,1.0,3.0,9.0,1.0,5.0,4,9.0,9,6.0,24,19,25,22,3.0,9.0,1.0,1.0,2.0,6.0,0.0,6.0,4,3,13,9.0,8,11,4,9,2.0,6.0,4.0,4.0,13,1.0,1.0,4.0,2.0,2.0,2.0,5.0,1.0,3.0,0.0,1.0,0.0,3.0,0.0,0.0,0.0,1.0,0.0,1.0,0.0,1.0,0.0,1.0,0.0,0.0,4.0,0.0,0.0,5.0,0.0,1.0,0.0,1.0,1.0,0.0,2.0,2.0,1.0,3.0,0.0,0.0,0.0,0.0,1.0,0.0,0.0,1.0,0.0
archaea_halobacterium_chunk_34,archaea_halobacterium.fasta,34,archaea,0.0,12,11.0,14,2.0,5,2.0,0.0,0.0,2.0,11,8.0,1.0,13,13,27,1,17,23,21,13,0.0,2.0,5.0,8.0,4.0,1.0,2.0,14,11,15,1,9.0,4,3.0,7.0,1.0,3.0,2.0,4.0,0.0,0.0,2.0,3,3,0.0,5.0,2.0,2,2.0,9,5.0,7.0,24,27,0.0,3.0,20,11.0,6,0.0,2,1.0,3.0,25,15,1.0,10.0,12.0,27,1.0,20,51,33,20,0.0,4,3,2.0,14,35,18,6,8,53,43,9,7,42,18,24,13,24,17,16,0.0,0.0,1.0,5,9,1.0,3,10,3,1,3.0,3.0,25,3,0.0,3,18,30,3,8.0,15,7.0,4.0,0.0,5,8,10.0,16,10,0.0,15,20,60,3,32,22,27,24,0.0,5,8,1.0,6,10,10,3,11,22,38,3,5,10,11,10,4.0,13,23,7.0,3.0,6,7.0,8.0,13,18,3.0,8,16,17,5.0,18,9,4.0,2.0,0.0,1.0,3.0,2.0,1.0,3.0,0.0,0.0,6.0,7.0,1.0,6,5.0,10,4.0,4,17,10,13,0.0,4.0,0.0,1.0,3.0,5.0,5.0,3.0,12,9,1,8.0,18,4,6,2,4.0,4.0,3.0,4.0,14,2.0,2.0,4.0,7.0,2.0,0.0,3.0,0.0,1.0,0.0,1.0,0.0,0.0,0.0,0.0,0.0,0.0,0.0,0.0,4.0,0.0,1.0,0.0,1.0,2.0,3.0,0.0,0.0,2.0,0.0,2.0,1.0,1.0,3.0,2.0,3.0,1.0,0.0,1.0,0.0,0.0,0.0,1.0,0.0,0.0,0.0,0.0,0.0
archaea_halobacterium_chunk_35,archaea_halobacterium.fasta,35,archaea,0.0,1,4.0,6,2.0,3,2.0,1.0,2.0,1.0,2,3.0,2.0,4,13,15,5,7,12,15,8,0.0,7.0,9.0,2.0,3.0,2.0,4.0,6,9,5,2,3.0,7,3.0,4.0,2.0,3.0,2.0,5.0,1.0,0.0,3.0,4,14,2.0,3.0,2.0,4,3.0,6,2.0,4.0,14,9,5.0,6.0,10,10.0,3,0.0,8,2.0,1.0,12,11,4.0,12.0,12.0,16,8.0,11,25,22,17,0.0,9,10,1.0,4,26,11,7,11,29,39,21,9,47,18,20,7,24,19,11,4.0,0.0,4.0,6,28,3.0,13,16,19,4,3.0,3.0,5,1,0.0,2,14,23,8,5.0,8,4.0,7.0,2.0,12,9,6.0,10,11,4.0,11,16,32,1,15,39,30,15,3.0,20,29,2.0,2,5,11,7,12,16,46,17,7,17,16,8,4.0,16,30,5.0,1.0,8,3.0,5.0,9,33,7.0,12,9,33,11.0,16,13,1.0,1.0,1.0,5.0,4.0,4.0,1.0,1.0,1.0,1.0,8.0,4.0,4.0,1,8.0,12,6.0,15,24,27,21,3.0,6.0,3.0,2.0,1.0,13.0,0.0,2.0,6,9,14,6.0,20,11,23,11,14.0,10.0,5.0,8.0,12,1.0,1.0,7.0,7.0,5.0,0.0,1.0,3.0,0.0,0.0,0.0,0.0,3.0,0.0,0.0,1.0,1.0,4.0,2.0,2.0,1.0,1.0,0.0,1.0,1.0,5.0,1.0,0.0,3.0,0.0,1.0,3.0,0.0,0.0,1.0,1.0,1.0,1.0,0.0,4.0,0.0,1.0,1.0,0.0,2.0,0.0,0.0,0.0
archaea_halobacterium_chunk_36,archaea_halobacterium.fasta,36,archaea,3.0,7,4.0,14,0.0,8,3.0,2.0,2.0,4.0,10,9.0,7.0,5,13,17,9,18,15,19,12,0.0,8.0,7.0,3.0,3.0,1.0,2.0,4,8,18,3,11.0,13,7.0,4.0,4.0,6.0,2.0,7.0,3.0,1.0,8.0,5,10,0.0,8.0,4.0,9,3.0,5,2.0,7.0,17,21,8.0,2.0,9,8.0,5,1.0,8,6.0,3.0,15,8,1.0,5.0,6.0,13,5.0,24,20,21,10,6.0,8,8,0.0,14,36,25,13,10,29,32,11,16,22,18,16,3,20,16,9,5.0,0.0,5.0,6,13,5.0,8,14,5,8,2.0,6.0,13,7,2.0,13,18,24,6,4.0,13,24.0,11.0,2.0,11,13,6.0,16,4,3.0,11,6,34,4,22,27,21,14,0.0,5,16,9.0,4,13,22,7,9,15,27,11,7,14,8,11,5.0,15,20,4.0,2.0,7,2.0,5.0,8,30,2.0,11,7,19,8.0,19,3,0.0,2.0,3.0,5.0,5.0,3.0,2.0,0.0,1.0,3.0,12.0,3.0,5.0,6,4.0,11,4.0,24,20,11,12,1.0,6.0,1.0,0.0,7.0,9.0,4.0,6.0,3,7,5,12.0,13,7,13,4,7.0,4.0,5.0,6.0,14,3.0,1.0,2.0,3.0,0.0,2.0,5.0,4.0,2.0,3.0,3.0,1.0,2.0,2.0,1.0,1.0,4.0,3.0,1.0,3.0,2.0,0.0,3.0,2.0,1.0,5.0,2.0,1.0,1.0,1.0,1.0,1.0,1.0,1.0,2.0,1.0,3.0,3.0,5.0,1.0,1.0,1.0,2.0,0.0,1.0,0.0,2.0,1.0
archaea_halobacterium_chunk_37,archaea_halobacterium.fasta,37,archaea,0.0,3,2.0,3,1.0,2,3.0,1.0,1.0,0.0,7,1.0,3.0,7,7,16,6,5,25,7,8,1.0,2.0,1.0,0.0,5.0,2.0,2.0,6,2,9,2,4.0,7,3.0,2.0,1.0,3.0,0.0,5.0,0.0,0.0,2.0,3,12,6.0,0.0,9.0,4,1.0,5,4.0,2.0,21,12,1.0,4.0,8,9.0,4,0.0,13,1.0,7.0,11,7,6.0,6.0,17.0,26,2.0,10,48,30,23,0.0,14,8,4.0,3,22,8,7,3,63,59,26,12,46,21,23,7,38,11,14,4.0,0.0,5.0,10,25,4.0,7,13,9,6,4.0,0.0,3,3,1.0,4,11,21,1,2.0,9,4.0,4.0,0.0,8,12,3.0,9,11,3.0,12,15,59,10,13,52,35,20,0.0,19,19,3.0,3,9,8,6,10,22,41,8,7,16,12,7,3.0,16,20,5.0,0.0,10,2.0,5.0,13,37,9.0,4,7,15,6.0,22,7,1.0,0.0,2.0,2.0,9.0,1.0,0.0,0.0,0.0,1.0,9.0,6.0,3.0,6,12.0,10,7.0,12,26,30,19,3.0,11.0,5.0,5.0,1.0,1.0,1.0,7.0,9,11,5,3.0,12,6,12,8,1.0,6.0,7.0,9.0,13,3.0,1.0,9.0,1.0,4.0,0.0,1.0,0.0,1.0,0.0,1.0,0.0,0.0,0.0,0.0,1.0,1.0,6.0,2.0,2.0,0.0,0.0,0.0,1.0,1.0,6.0,0.0,0.0,2.0,0.0,0.0,2.0,1.0,2.0,3.0,1.0,0.0,0.0,1.0,1.0,0.0,0.0,0.0,0.0,0.0,0.0,0.0,0.0
archaea_halobacterium_chunk_38,archaea_halobacterium.fasta,38,archaea,0.0,7,6.0,13,2.0,6,2.0,4.0,1.0,0.0,10,7.0,1.0,8,10,17,5,14,14,9,9,0.0,4.0,7.0,1.0,1.0,5.0,3.0,4,11,15,7,3.0,11,3.0,5.0,4.0,7.0,4.0,3.0,0.0,1.0,5.0,11,9,4.0,5.0,1.0,4,6.0,7,1.0,6.0,13,20,5.0,2.0,17,9.0,7,1.0,13,3.0,4.0,16,15,8.0,6.0,19.0,26,4.0,13,39,31,15,1.0,11,5,3.0,16,24,12,14,9,38,44,12,10,32,13,18,10,25,21,6,2.0,0.0,3.0,11,20,2.0,11,7,11,5,3.0,5.0,15,7,1.0,4,19,11,2,4.0,12,8.0,1.0,1.0,14,13,3.0,8,8,6.0,18,13,38,3,14,36,20,23,1.0,15,15,1.0,4,3,5,10,9,20,27,8,2,11,12,12,4.0,20,20,4.0,3.0,7,13.0,8.0,23,30,5.0,13,4,25,12.0,9,6,1.0,0.0,1.0,2.0,2.0,4.0,2.0,3.0,6.0,3.0,10.0,5.0,2.0,11,13.0,17,8.0,25,14,13,14,0.0,5.0,4.0,3.0,7.0,8.0,3.0,3.0,3,7,5,7.0,10,9,13,14,9.0,3.0,4.0,4.0,7,2.0,1.0,2.0,3.0,1.0,0.0,6.0,3.0,1.0,0.0,0.0,0.0,2.0,1.0,0.0,0.0,0.0,1.0,0.0,1.0,0.0,0.0,0.0,1.0,0.0,3.0,0.0,0.0,3.0,0.0,2.0,0.0,2.0,3.0,6.0,0.0,7.0,0.0,2.0,0.0,0.0,2.0,0.0,0.0,0.0,0.0,2.0,0.0
archaea_halobacterium_chunk_39,archaea_halobacterium.fasta,39,archaea,0.0,7,2.0,10,2.0,5,3.0,3.0,1.0,4.0,8,3.0,5.0,7,5,15,6,25,19,22,17,6.0,3.0,5.0,2.0,5.0,2.0,5.0,3,10,18,4,7.0,8,6.0,9.0,3.0,4.0,3.0,6.0,0.0,0.0,7.0,8,17,3.0,1.0,2.0,9,0.0,9,4.0,3.0,9,17,1.0,5.0,14,7.0,3,0.0,23,3.0,2.0,10,15,8.0,5.0,8.0,14,2.0,21,17,23,7,1.0,11,6,2.0,9,57,35,6,7,28,40,15,15,43,24,15,2,20,18,5,10.0,0.0,0.0,8,20,2.0,11,9,7,9,0.0,1.0,11,6,0.0,8,19,48,9,9.0,15,20.0,10.0,1.0,9,9,6.0,4,9,6.0,12,13,29,9,29,35,36,14,2.0,12,15,3.0,2,20,16,4,9,22,46,9,8,24,11,8,2.0,18,17,2.0,0.0,7,0.0,10.0,7,25,4.0,9,10,18,4.0,11,5,0.0,0.0,2.0,3.0,8.0,4.0,0.0,0.0,0.0,3.0,8.0,2.0,7.0,11,3.0,10,3.0,32,19,16,7,1.0,3.0,3.0,2.0,5.0,2.0,1.0,6.0,3,11,4,12.0,11,10,7,4,3.0,3.0,3.0,4.0,12,1.0,0.0,1.0,4.0,0.0,0.0,1.0,1.0,0.0,0.0,0.0,0.0,2.0,0.0,0.0,0.0,1.0,1.0,0.0,1.0,0.0,0.0,0.0,2.0,0.0,4.0,0.0,0.0,0.0,0.0,0.0,0.0,0.0,0.0,1.0,0.0,0.0,1.0,1.0,0.0,0.0,0.0,0.0,0.0,0.0,0.0,0.0,0.0
archaea_halobacterium_chunk_40,archaea_halobacterium.fasta,40,archaea,2.0,11,10.0,10,7.0,2,8.0,4.0,6.0,7.0,13,9.0,3.0,9,6,17,7,17,17,14,7,4.0,7.0,11.0,5.0,12.0,5.0,5.0,6,10,16,2,5.0,3,7.0,10.0,4.0,12.0,6.0,6.0,3.0,2.0,15.0,5,12,1.0,5.0,8.0,4,6.0,15,7.0,10.0,13,18,8.0,7.0,13,9.0,10,0.0,12,8.0,4.0,9,10,4.0,4.0,3.0,9,4.0,12,24,12,10,5.0,10,5,3.0,16,10,17,14,13,14,21,16,15,20,8,10,7,20,7,10,4.0,3.0,15.0,7,12,14.0,5,7,4,9,6.0,5.0,12,11,9.0,11,12,16,6,5.0,18,6.0,6.0,6.0,12,8,5.0,9,11,5.0,6,3,24,4,17,9,16,14,2.0,12,11,3.0,4,15,7,8,8,8,10,7,8,7,10,7,7.0,11,8,8.0,4.0,9,8.0,17.0,14,14,8.0,6,5,8,7.0,11,8,7.0,5.0,0.0,4.0,11.0,4.0,1.0,2.0,8.0,18.0,18.0,9.0,11.0,8,8.0,8,8.0,11,14,11,13,2.0,9.0,3.0,7.0,12.0,8.0,6.0,3.0,5,9,3,6.0,3,7,7,10,5.0,6.0,9.0,6.0,11,8.0,4.0,2.0,4.0,6.0,5.0,6.0,7.0,12.0,4.0,5.0,5.0,3.0,6.0,3.0,4.0,4.0,4.0,0.0,2.0,4.0,5.0,1.0,3.0,5.0,3.0,3.0,4.0,9.0,2.0,8.0,2.0,4.0,3.0,5.0,1.0,8.0,0.0,7.0,3.0,4.0,3.0,2.0,2.0,2.0,1.0,1.0,1.0
archaea_halobacterium_chunk_41,archaea_halobacterium.fasta,41,archaea,2.0,5,5.0,4,4.0,1,3.0,1.0,2.0,4.0,10,0.0,6.0,6,13,24,8,27,21,18,11,1.0,2.0,7.0,2.0,5.0,2.0,10.0,4,6,21,1,9.0,7,9.0,1.0,2.0,2.0,1.0,6.0,0.0,0.0,7.0,4,16,1.0,3.0,7.0,5,3.0,5,3.0,4.0,19,21,5.0,1.0,10,2.0,4,0.0,13,5.0,6.0,16,8,3.0,10.0,12.0,17,1.0,29,31,20,12,1.0,8,6,1.0,14,51,37,11,8,43,29,9,11,43,21,12,9,23,14,6,4.0,0.0,1.0,5,10,4.0,7,9,10,8,0.0,7.0,9,2,3.0,8,27,44,2,10.0,19,20.0,6.0,0.0,13,11,0.0,12,6,3.0,10,13,43,5,23,25,37,17,1.0,5,15,2.0,2,20,12,4,9,16,41,8,10,15,17,11,2.0,8,12,7.0,1.0,9,5.0,7.0,5,28,2.0,7,7,12,6.0,15,1,5.0,1.0,3.0,0.0,8.0,2.0,2.0,1.0,0.0,0.0,11.0,3.0,8.0,7,2.0,8,2.0,34,12,12,12,1.0,3.0,2.0,3.0,3.0,5.0,4.0,0.0,6,11,5,8.0,9,6,5,9,5.0,2.0,7.0,5.0,16,4.0,0.0,1.0,2.0,4.0,5.0,3.0,4.0,5.0,0.0,2.0,1.0,3.0,0.0,0.0,0.0,0.0,2.0,0.0,0.0,0.0,0.0,0.0,0.0,0.0,2.0,0.0,0.0,0.0,0.0,5.0,1.0,3.0,2.0,3.0,2.0,0.0,0.0,2.0,2.0,0.0,0.0,0.0,1.0,0.0,1.0,1.0,0.0
archaea_halobacterium_chunk_42,archaea_halobacterium.fasta,42,archaea,2.0,2,2.0,7,3.0,1,0.0,1.0,3.0,5.0,16,5.0,2.0,13,9,23,5,8,25,17,12,0.0,13.0,5.0,1.0,4.0,2.0,1.0,4,11,19,2,1.0,4,2.0,3.0,3.0,4.0,0.0,3.0,4.0,0.0,1.0,9,4,3.0,2.0,4.0,4,2.0,5,2.0,15.0,27,33,10.0,3.0,29,6.0,5,2.0,5,2.0,2.0,36,23,3.0,10.0,24.0,32,5.0,16,69,32,17,0.0,23,3,1.0,5,33,9,8,17,78,40,7,10,37,15,19,6,43,10,7,0.0,0.0,6.0,24,23,3.0,4,4,1,1,1.0,1.0,7,1,2.0,9,17,18,3,3.0,6,4.0,3.0,1.0,9,9,0.0,21,8,1.0,32,24,51,13,18,28,14,24,0.0,10,3,1.0,3,6,2,6,7,25,19,4,4,7,7,10,3.0,18,8,5.0,2.0,8,2.0,13.0,18,34,5.0,5,4,6,5.0,9,6,4.0,1.0,2.0,4.0,4.0,2.0,0.0,0.0,1.0,2.0,12.0,7.0,4.0,9,14.0,28,4.0,13,20,18,13,0.0,11.0,1.0,1.0,2.0,4.0,3.0,2.0,6,6,1,2.0,7,3,2,5,2.0,4.0,5.0,4.0,4,1.0,3.0,3.0,0.0,4.0,0.0,1.0,0.0,1.0,1.0,1.0,0.0,0.0,0.0,0.0,2.0,0.0,4.0,1.0,1.0,0.0,1.0,0.0,0.0,1.0,4.0,0.0,0.0,4.0,0.0,0.0,0.0,0.0,1.0,1.0,1.0,2.0,0.0,2.0,1.0,0.0,0.0,0.0,0.0,0.0,0.0,0.0,0.0
archaea_halobacterium_chunk_43,archaea_halobacterium.fasta,43,archaea,1.0,2,1.0,4,3.0,3,0.0,0.0,0.0,2.0,5,6.0,2.0,2,9,16,5,8,23,19,7,1.0,4.0,8.0,2.0,11.0,1.0,0.0,2,12,7,7,2.0,2,2.0,1.0,0.0,1.0,3.0,3.0,1.0,0.0,2.0,2,11,3.0,1.0,4.0,3,0.0,4,1.0,6.0,14,9,2.0,4.0,15,0.0,2,0.0,8,5.0,2.0,11,7,5.0,6.0,8.0,16,2.0,13,31,32,10,2.0,7,8,0.0,4,29,15,7,5,39,64,22,11,49,36,16,10,28,26,12,7.0,0.0,2.0,5,19,3.0,15,19,9,5,6.0,2.0,5,5,0.0,7,14,33,9,6.0,9,7.0,4.0,0.0,8,3,1.0,9,6,3.0,13,12,46,8,18,40,47,41,1.0,18,28,6.0,4,13,10,3,9,17,63,8,10,35,14,6,1.0,12,13,8.0,0.0,8,2.0,6.0,6,36,1.0,7,15,17,7.0,19,9,0.0,0.0,0.0,3.0,11.0,2.0,1.0,0.0,1.0,1.0,6.0,2.0,3.0,4,3.0,8,2.0,16,36,14,18,4.0,2.0,2.0,2.0,2.0,9.0,0.0,3.0,11,12,16,7.0,11,13,11,8,4.0,5.0,2.0,4.0,19,1.0,2.0,8.0,3.0,0.0,0.0,1.0,1.0,4.0,1.0,0.0,0.0,3.0,0.0,0.0,0.0,0.0,5.0,0.0,2.0,0.0,0.0,0.0,2.0,1.0,2.0,0.0,0.0,2.0,0.0,2.0,0.0,1.0,0.0,1.0,0.0,0.0,0.0,1.0,0.0,1.0,0.0,0.0,0.0,0.0,0.0,0.0,0.0
archaea_halobacterium_chunk_44,archaea_halobacterium.fasta,44,archaea,1.0,1,5.0,13,4.0,5,4.0,9.0,6.0,4.0,7,3.0,7.0,6,17,17,5,17,25,13,13,3.0,8.0,10.0,5.0,6.0,1.0,3.0,5,2,9,3,4.0,2,4.0,4.0,3.0,8.0,4.0,6.0,3.0,0.0,4.0,7,7,1.0,4.0,2.0,3,2.0,4,5.0,6.0,18,17,7.0,6.0,5,3.0,8,1.0,8,3.0,4.0,20,7,5.0,16.0,21.0,16,6.0,12,27,10,15,4.0,13,12,3.0,13,37,9,10,13,32,29,20,12,28,10,13,3,36,14,10,13.0,0.0,6.0,8,27,6.0,11,9,10,11,4.0,6.0,12,11,0.0,10,15,28,10,6.0,6,5.0,4.0,1.0,5,8,4.0,13,9,2.0,7,12,19,13,14,13,21,17,6.0,17,9,8.0,5,13,4,5,8,10,20,9,2,10,6,8,2.0,13,14,6.0,1.0,6,6.0,7.0,13,34,6.0,7,8,16,8.0,18,8,3.0,0.0,4.0,7.0,10.0,4.0,3.0,2.0,0.0,5.0,8.0,3.0,1.0,7,9.0,12,8.0,25,29,19,18,1.0,6.0,5.0,3.0,6.0,7.0,7.0,2.0,7,7,8,9.0,7,6,10,3,7.0,10.0,0.0,8.0,24,5.0,4.0,3.0,4.0,2.0,0.0,7.0,3.0,2.0,0.0,0.0,0.0,4.0,1.0,2.0,2.0,4.0,3.0,2.0,2.0,3.0,1.0,3.0,0.0,3.0,1.0,3.0,2.0,7.0,0.0,6.0,1.0,5.0,1.0,7.0,4.0,2.0,1.0,4.0,3.0,1.0,1.0,0.0,1.0,0.0,1.0,1.0,0.0
archaea_halobacterium_chunk_45,archaea_halobacterium.fasta,45,archaea,1.0,2,4.0,6,6.0,2,0.0,1.0,0.0,0.0,3,3.0,0.0,4,3,15,1,11,10,14,16,0.0,7.0,3.0,2.0,5.0,1.0,5.0,6,8,8,9,4.0,2,5.0,4.0,1.0,6.0,3.0,2.0,1.0,0.0,2.0,2,5,9.0,8.0,13.0,1,6.0,2,1.0,0.0,10,17,1.0,2.0,13,4.0,2,0.0,7,5.0,1.0,7,8,6.0,3.0,10.0,25,4.0,17,28,20,18,0.0,14,6,2.0,11,23,18,19,7,27,39,10,13,46,20,19,8,42,19,14,0.0,0.0,3.0,15,33,3.0,6,9,7,9,5.0,2.0,13,5,1.0,2,9,26,3,4.0,16,11.0,5.0,0.0,11,22,2.0,11,6,5.0,12,17,30,7,19,20,30,30,1.0,17,12,8.0,5,7,10,5,7,20,40,15,3,18,9,7,1.0,14,16,5.0,1.0,4,8.0,4.0,18,47,7.0,7,10,14,17.0,12,13,3.0,1.0,2.0,0.0,2.0,1.0,0.0,0.0,4.0,0.0,7.0,4.0,2.0,3,12.0,13,10.0,24,25,34,19,0.0,15.0,4.0,6.0,3.0,5.0,7.0,4.0,11,12,4,7.0,16,3,7,14,10.0,7.0,4.0,3.0,17,6.0,5.0,2.0,9.0,6.0,1.0,2.0,0.0,3.0,1.0,1.0,0.0,1.0,0.0,0.0,0.0,0.0,3.0,3.0,1.0,0.0,0.0,0.0,0.0,1.0,8.0,0.0,0.0,5.0,0.0,3.0,3.0,4.0,4.0,4.0,3.0,1.0,0.0,0.0,1.0,0.0,1.0,0.0,0.0,1.0,0.0,0.0,0.0
archaea_halobacterium_chunk_46,archaea_halobacterium.fasta,46,archaea,1.0,4,5.0,5,1.0,4,2.0,4.0,0.0,1.0,7,11.0,3.0,5,5,17,3,16,14,19,10,1.0,7.0,12.0,3.0,6.0,2.0,8.0,8,7,12,3,4.0,3,7.0,6.0,4.0,12.0,2.0,6.0,1.0,5.0,3.0,3,6,2.0,4.0,6.0,9,5.0,5,6.0,6.0,11,16,8.0,3.0,15,6.0,7,1.0,6,5.0,2.0,10,6,4.0,3.0,4.0,8,4.0,18,16,24,17,2.0,5,9,2.0,6,41,16,13,12,20,25,10,16,24,18,26,3,24,14,12,1.0,0.0,4.0,10,13,5.0,15,11,9,8,5.0,1.0,8,7,1.0,9,14,36,9,10.0,8,12.0,5.0,6.0,5,12,5.0,13,9,1.0,7,4,36,5,23,21,25,10,2.0,7,15,4.0,7,12,12,5,5,13,29,5,8,11,13,9,7.0,15,28,12.0,1.0,5,8.0,12.0,10,38,7.0,6,9,21,18.0,17,14,5.0,2.0,3.0,0.0,2.0,5.0,3.0,0.0,8.0,3.0,11.0,5.0,4.0,7,5.0,14,6.0,19,16,16,16,0.0,11.0,4.0,6.0,1.0,10.0,5.0,3.0,12,13,10,8.0,14,3,21,16,10.0,8.0,4.0,9.0,10,9.0,3.0,8.0,5.0,4.0,0.0,0.0,0.0,3.0,2.0,3.0,0.0,3.0,3.0,0.0,2.0,0.0,3.0,0.0,4.0,2.0,3.0,0.0,3.0,0.0,2.0,3.0,0.0,6.0,0.0,3.0,0.0,5.0,3.0,4.0,1.0,0.0,0.0,0.0,0.0,3.0,0.0,4.0,0.0,1.0,2.0,0.0,1.0
archaea_halobacterium_chunk_47,archaea_halobacterium.fasta,47,archaea,0.0,3,4.0,7,2.0,4,1.0,1.0,0.0,0.0,6,0.0,2.0,7,8,7,6,15,23,21,10,0.0,3.0,5.0,0.0,5.0,4.0,1.0,5,8,17,4,4.0,6,3.0,6.0,3.0,3.0,3.0,2.0,1.0,1.0,3.0,2,12,4.0,1.0,2.0,5,2.0,1,3.0,1.0,8,19,3.0,4.0,8,4.0,2,2.0,7,3.0,1.0,10,10,2.0,7.0,7.0,13,2.0,17,21,23,18,0.0,4,10,0.0,11,30,19,9,6,36,52,13,13,57,30,22,4,26,31,7,2.0,0.0,1.0,5,12,7.0,7,19,5,3,1.0,2.0,14,2,1.0,4,15,37,2,3.0,21,13.0,7.0,0.0,12,6,2.0,9,8,6.0,7,12,49,2,27,34,53,25,2.0,7,19,5.0,5,14,14,5,7,21,66,12,12,24,12,13,3.0,18,26,6.0,0.0,5,2.0,4.0,9,40,3.0,13,9,31,10.0,12,7,2.0,0.0,0.0,1.0,6.0,1.0,1.0,1.0,1.0,0.0,6.0,0.0,3.0,2,2.0,10,4.0,10,29,25,15,1.0,4.0,4.0,0.0,3.0,9.0,7.0,7.0,6,4,4,9.0,19,16,12,9,3.0,6.0,1.0,2.0,15,2.0,2.0,3.0,1.0,2.0,0.0,1.0,2.0,3.0,1.0,0.0,1.0,0.0,1.0,1.0,0.0,0.0,0.0,0.0,4.0,0.0,1.0,0.0,2.0,1.0,4.0,0.0,0.0,2.0,0.0,3.0,0.0,1.0,0.0,1.0,0.0,0.0,0.0,0.0,1.0,0.0,1.0,1.0,2.0,1.0,1.0,2.0,0.0
archaea_halobacterium_chunk_48,archaea_halobacterium.fasta,48,archaea,2.0,1,3.0,9,4.0,4,3.0,0.0,3.0,1.0,6,3.0,4.0,11,9,16,4,18,26,25,10,1.0,5.0,5.0,2.0,4.0,0.0,2.0,5,5,13,4,8.0,8,6.0,4.0,2.0,2.0,2.0,1.0,0.0,0.0,3.0,7,15,2.0,0.0,2.0,3,0.0,4,3.0,1.0,19,21,2.0,0.0,10,2.0,1,0.0,14,0.0,1.0,18,4,5.0,3.0,16.0,23,3.0,29,29,27,9,1.0,7,8,0.0,7,48,34,6,5,41,48,19,13,55,32,15,2,34,13,5,2.0,1.0,3.0,4,19,5.0,8,21,9,3,0.0,4.0,9,5,1.0,9,16,45,7,7.0,12,20.0,6.0,0.0,8,5,5.0,8,5,4.0,12,14,48,5,23,38,47,17,4.0,13,28,1.0,8,21,10,3,12,25,56,12,11,27,11,5,0.0,8,17,3.0,0.0,5,1.0,5.0,6,38,0.0,4,14,9,6.0,9,5,1.0,1.0,3.0,2.0,4.0,0.0,1.0,1.0,0.0,1.0,11.0,1.0,1.0,2,6.0,7,4.0,25,20,16,18,0.0,2.0,2.0,0.0,2.0,4.0,1.0,0.0,8,8,11,10.0,15,5,4,5,1.0,7.0,3.0,2.0,7,1.0,1.0,3.0,1.0,1.0,2.0,3.0,0.0,1.0,0.0,0.0,0.0,2.0,0.0,0.0,0.0,0.0,1.0,0.0,0.0,1.0,0.0,0.0,2.0,0.0,3.0,2.0,0.0,0.0,1.0,0.0,1.0,1.0,0.0,2.0,0.0,0.0,0.0,1.0,0.0,2.0,0.0,0.0,0.0,1.0,0.0,0.0,0.0
archaea_halobacterium_chunk_49,archaea_halobacterium.fasta,49,archaea,1.0,6,8.0,9,5.0,2,3.0,3.0,1.0,6.0,13,5.0,6.0,10,13,22,15,16,23,18,14,3.0,4.0,3.0,2.0,2.0,1.0,3.0,1,8,10,4,5.0,5,4.0,2.0,3.0,4.0,2.0,2.0,1.0,1.0,1.0,8,8,6.0,4.0,1.0,4,3.0,12,3.0,10.0,16,12,4.0,1.0,10,5.0,3,1.0,14,4.0,8.0,17,7,6.0,11.0,20.0,25,5.0,29,34,29,11,6.0,19,6,0.0,16,53,17,5,7,45,36,13,13,42,16,15,7,20,17,13,15.0,1.0,2.0,12,25,1.0,9,12,4,7,0.0,2.0,14,4,1.0,11,25,36,6,7.0,8,8.0,3.0,0.0,7,6,1.0,8,6,6.0,13,21,35,6,26,27,28,15,4.0,11,14,0.0,2,17,8,6,12,15,41,7,5,18,8,6,1.0,10,10,3.0,1.0,11,3.0,3.0,10,21,6.0,4,10,12,5.0,13,4,2.0,1.0,3.0,11.0,14.0,0.0,3.0,0.0,2.0,2.0,4.0,1.0,3.0,4,7.0,21,5.0,20,17,11,17,4.0,8.0,3.0,3.0,1.0,6.0,0.0,1.0,7,9,5,10.0,10,9,1,5,2.0,1.0,4.0,7.0,11,3.0,0.0,2.0,2.0,4.0,1.0,1.0,1.0,0.0,1.0,1.0,0.0,5.0,0.0,0.0,0.0,1.0,3.0,0.0,2.0,0.0,0.0,0.0,1.0,0.0,2.0,1.0,0.0,2.0,0.0,1.0,4.0,3.0,0.0,6.0,2.0,2.0,0.0,1.0,2.0,0.0,0.0,1.0,0.0,0.0,1.0,0.0,0.0
archaea_halobacterium_chunk_50,archaea_halobacterium.fasta,50,archaea,1.0,6,12.0,10,4.0,12,10.0,5.0,1.0,9.0,7,5.0,3.0,13,12,17,9,21,19,15,16,1.0,1.0,6.0,7.0,6.0,1.0,7.0,6,7,19,4,17.0,9,10.0,6.0,5.0,5.0,4.0,5.0,3.0,0.0,3.0,7,13,2.0,5.0,1.0,4,1.0,12,13.0,9.0,17,16,1.0,4.0,11,11.0,1,0.0,12,1.0,5.0,14,12,4.0,6.0,5.0,21,3.0,26,26,21,16,1.0,12,8,1.0,15,36,33,9,18,28,29,7,18,25,21,14,1,23,23,7,2.0,0.0,1.0,10,11,2.0,8,10,4,6,2.0,10.0,13,12,3.0,8,18,39,6,13.0,13,21.0,13.0,2.0,12,7,12.0,16,8,2.0,10,10,42,8,22,23,29,9,0.0,5,9,3.0,7,24,20,5,11,27,29,1,11,18,7,3,2.0,10,16,0.0,2.0,6,0.0,8.0,3,29,4.0,12,12,16,5.0,11,2,2.0,1.0,1.0,4.0,6.0,0.0,0.0,0.0,0.0,2.0,6.0,2.0,4.0,6,8.0,9,2.0,24,14,13,13,0.0,7.0,2.0,1.0,9.0,5.0,6.0,3.0,8,6,5,9.0,16,1,5,6,2.0,3.0,2.0,5.0,11,1.0,1.0,1.0,1.0,2.0,0.0,6.0,6.0,4.0,2.0,2.0,1.0,3.0,1.0,0.0,0.0,1.0,3.0,0.0,0.0,0.0,1.0,0.0,0.0,0.0,0.0,0.0,1.0,1.0,1.0,0.0,1.0,0.0,0.0,0.0,0.0,1.0,0.0,2.0,0.0,0.0,1.0,1.0,0.0,0.0,0.0,0.0,0.0
archaea_halobacterium_chunk_51,archaea_halobacterium.fasta,51,archaea,2.0,3,7.0,3,5.0,1,1.0,2.0,0.0,2.0,3,4.0,2.0,12,9,16,10,15,8,18,11,2.0,9.0,4.0,0.0,4.0,2.0,3.0,7,9,16,6,9.0,8,1.0,9.0,2.0,2.0,0.0,7.0,3.0,1.0,2.0,5,11,2.0,5.0,1.0,4,1.0,7,0.0,3.0,16,16,4.0,2.0,18,10.0,3,1.0,13,2.0,4.0,17,15,6.0,6.0,17.0,14,10.0,20,16,25,14,1.0,17,16,3.0,9,30,27,9,8,27,27,14,13,42,21,14,4,30,19,6,5.0,0.0,4.0,11,34,4.0,11,14,8,5,2.0,4.0,8,4,0.0,5,22,26,5,5.0,18,14.0,6.0,1.0,6,7,3.0,10,10,6.0,10,14,36,6,20,28,30,13,1.0,18,14,5.0,4,17,12,1,11,24,39,12,8,13,14,9,1.0,12,15,6.0,0.0,4,2.0,3.0,15,23,6.0,4,10,15,5.0,20,4,4.0,0.0,0.0,2.0,7.0,3.0,1.0,2.0,0.0,1.0,9.0,4.0,6.0,14,7.0,9,11.0,20,24,17,21,1.0,10.0,3.0,2.0,3.0,7.0,2.0,3.0,6,9,6,4.0,22,8,3,3,0.0,9.0,11.0,10.0,14,3.0,2.0,2.0,4.0,9.0,0.0,3.0,1.0,1.0,2.0,1.0,0.0,2.0,0.0,0.0,0.0,1.0,5.0,5.0,3.0,0.0,0.0,0.0,1.0,1.0,3.0,0.0,0.0,0.0,1.0,4.0,3.0,2.0,1.0,2.0,2.0,0.0,0.0,2.0,4.0,0.0,0.0,1.0,0.0,0.0,0.0,0.0,1.0
archaea_halobacterium_chunk_52,archaea_halobacterium.fasta,52,archaea,0.0,4,6.0,11,2.0,5,2.0,1.0,1.0,3.0,6,1.0,4.0,4,9,18,2,16,14,8,9,0.0,7.0,8.0,1.0,5.0,3.0,3.0,6,5,17,4,4.0,3,3.0,7.0,0.0,2.0,1.0,3.0,2.0,0.0,4.0,4,10,9.0,5.0,8.0,6,4.0,4,5.0,2.0,13,11,4.0,3.0,13,2.0,2,1.0,9,3.0,1.0,10,12,4.0,10.0,6.0,11,4.0,18,24,16,20,0.0,14,17,3.0,9,28,19,26,5,24,35,15,9,26,10,21,6,33,16,17,0.0,1.0,2.0,15,25,4.0,19,16,14,7,4.0,0.0,16,4,1.0,6,13,24,8,8.0,12,12.0,2.0,2.0,16,19,3.0,10,3,4.0,8,11,30,12,24,19,21,26,1.0,13,16,5.0,3,13,6,5,4,17,27,3,8,8,4,7,2.0,20,19,8.0,0.0,4,3.0,7.0,19,32,11.0,11,11,12,8.0,13,18,8.0,1.0,2.0,1.0,1.0,2.0,2.0,1.0,1.0,3.0,4.0,4.0,2.0,5,5.0,19,15.0,24,22,21,17,1.0,12.0,12.0,3.0,8.0,5.0,6.0,5.0,15,11,13,6.0,15,10,14,14,6.0,11.0,0.0,6.0,17,4.0,7.0,6.0,11.0,5.0,3.0,2.0,0.0,1.0,0.0,0.0,0.0,1.0,1.0,0.0,1.0,0.0,4.0,1.0,2.0,0.0,0.0,0.0,1.0,0.0,8.0,0.0,0.0,6.0,0.0,2.0,3.0,5.0,0.0,1.0,7.0,0.0,0.0,1.0,1.0,0.0,1.0,1.0,0.0,1.0,0.0,0.0,0.0
archaea_halobacterium_chunk_53,archaea_halobacterium.fasta,53,archaea,0.0,4,7.0,6,4.0,5,2.0,2.0,3.0,2.0,5,5.0,2.0,10,8,14,7,23,14,6,14,1.0,8.0,6.0,5.0,3.0,1.0,4.0,7,11,16,6,6.0,8,4.0,12.0,3.0,6.0,0.0,1.0,4.0,0.0,2.0,7,11,3.0,2.0,6.0,8,2.0,6,2.0,0.0,10,15,1.0,3.0,17,10.0,3,1.0,10,5.0,3.0,9,18,11.0,10.0,8.0,18,5.0,25,23,26,17,0.0,7,10,2.0,13,41,19,14,5,33,38,7,11,30,17,23,6,28,23,7,2.0,1.0,2.0,14,12,5.0,3,18,5,4,2.0,3.0,12,8,3.0,7,17,29,7,4.0,17,17.0,4.0,2.0,9,10,4.0,10,6,3.0,14,13,37,5,20,22,36,19,1.0,12,13,1.0,3,14,14,3,9,19,34,10,4,22,15,7,7.0,21,17,7.0,1.0,14,5.0,4.0,17,37,2.0,10,7,17,8.0,9,7,2.0,0.0,3.0,5.0,7.0,5.0,1.0,1.0,2.0,4.0,2.0,4.0,2.0,7,12.0,22,2.0,19,24,13,14,1.0,2.0,2.0,1.0,5.0,2.0,8.0,2.0,6,9,4,13.0,11,12,10,5,2.0,3.0,4.0,5.0,10,0.0,1.0,5.0,3.0,2.0,2.0,3.0,3.0,4.0,1.0,2.0,0.0,2.0,0.0,0.0,0.0,2.0,1.0,0.0,2.0,0.0,1.0,2.0,1.0,0.0,3.0,0.0,0.0,1.0,0.0,4.0,1.0,3.0,2.0,6.0,1.0,0.0,2.0,3.0,2.0,0.0,0.0,1.0,0.0,0.0,0.0,0.0,0.0
archaea_halobacterium_chunk_54,archaea_halobacterium.fasta,54,archaea,0.0,9,7.0,7,3.0,5,1.0,2.0,2.0,2.0,8,10.0,3.0,18,6,14,5,23,29,16,9,1.0,2.0,2.0,4.0,5.0,2.0,2.0,9,7,27,6,8.0,5,6.0,5.0,4.0,1.0,2.0,1.0,1.0,0.0,5.0,6,17,1.0,7.0,4.0,4,1.0,12,2.0,2.0,16,22,2.0,5.0,25,14.0,3,0.0,13,7.0,4.0,17,21,11.0,8.0,15.0,22,0.0,15,34,21,12,2.0,4,5,0.0,14,36,21,11,9,41,54,12,8,51,15,17,8,33,11,7,3.0,0.0,2.0,6,13,3.0,6,8,4,4,3.0,0.0,13,8,4.0,9,18,38,2,3.0,17,7.0,3.0,0.0,14,7,4.0,9,13,5.0,20,17,40,4,22,36,36,25,1.0,12,11,3.0,5,17,5,3,11,23,34,5,5,14,6,9,5.0,11,15,3.0,1.0,12,7.0,6.0,10,32,3.0,6,9,8,9.0,12,2,2.0,1.0,3.0,2.0,10.0,1.0,2.0,2.0,0.0,5.0,8.0,3.0,3.0,7,7.0,6,2.0,22,17,18,13,0.0,4.0,3.0,2.0,2.0,9.0,2.0,2.0,10,4,4,9.0,3,7,3,6,4.0,5.0,6.0,0.0,7,4.0,2.0,1.0,2.0,1.0,1.0,0.0,0.0,2.0,1.0,2.0,0.0,3.0,0.0,0.0,2.0,1.0,1.0,1.0,0.0,0.0,0.0,0.0,0.0,1.0,5.0,0.0,0.0,4.0,0.0,0.0,0.0,0.0,3.0,3.0,2.0,0.0,0.0,0.0,1.0,1.0,0.0,0.0,0.0,0.0,0.0,0.0,0.0
archaea_halobacterium_chunk_55,archaea_halobacterium.fasta,55,archaea,1.0,5,6.0,7,3.0,13,7.0,5.0,4.0,6.0,3,4.0,5.0,8,3,12,5,14,15,12,15,3.0,5.0,7.0,8.0,9.0,5.0,5.0,12,9,9,4,16.0,6,10.0,5.0,4.0,5.0,3.0,4.0,4.0,2.0,6.0,8,10,8.0,8.0,6.0,7,6.0,8,11.0,2.0,5,10,5.0,7.0,7,6.0,4,1.0,13,5.0,6.0,7,7,5.0,7.0,3.0,5,2.0,13,11,11,11,3.0,12,4,3.0,14,22,19,14,4,14,18,13,9,21,9,9,11,23,20,13,9.0,2.0,6.0,5,19,10.0,8,5,9,10,7.0,2.0,10,19,9.0,9,10,30,7,11.0,10,20.0,5.0,5.0,5,16,7.0,4,7,5.0,5,7,20,2,15,10,13,16,9.0,6,18,9.0,12,11,15,5,4,6,23,13,11,6,7,11,2.0,14,5,11.0,2.0,7,9.0,4.0,9,34,6.0,10,4,13,8.0,13,9,8.0,1.0,2.0,7.0,9.0,4.0,4.0,4.0,2.0,6.0,8.0,6.0,6.0,5,4.0,9,13.0,27,13,12,25,3.0,14.0,3.0,5.0,6.0,14.0,7.0,3.0,5,4,12,7.0,13,9,7,11,7.0,3.0,10.0,9.0,14,4.0,8.0,6.0,10.0,8.0,6.0,2.0,1.0,6.0,6.0,3.0,5.0,4.0,2.0,5.0,4.0,5.0,7.0,4.0,4.0,1.0,3.0,0.0,11.0,4.0,9.0,2.0,4.0,3.0,0.0,6.0,3.0,7.0,3.0,5.0,7.0,1.0,4.0,1.0,2.0,6.0,1.0,3.0,0.0,1.0,0.0,0.0,0.0
archaea_halobacterium_chunk_56,archaea_halobacterium.fasta,56,archaea,1.0,2,5.0,11,3.0,5,2.0,2.0,2.0,0.0,3,2.0,1.0,2,4,12,8,18,18,13,4,1.0,6.0,6.0,5.0,1.0,2.0,3.0,2,7,10,7,3.0,3,2.0,2.0,4.0,1.0,2.0,2.0,0.0,0.0,9.0,5,14,6.0,5.0,2.0,6,1.0,9,1.0,0.0,13,14,4.0,3.0,7,2.0,1,0.0,13,3.0,3.0,4,7,3.0,3.0,6.0,13,4.0,4,20,23,16,3.0,14,19,2.0,9,19,17,9,11,27,39,18,13,44,22,19,3,33,12,15,6.0,0.0,6.0,16,31,6.0,10,15,16,10,5.0,4.0,9,7,1.0,3,6,20,9,7.0,14,6.0,5.0,0.0,18,9,3.0,10,2,5.0,8,5,33,9,13,29,36,20,2.0,22,19,6.0,6,9,10,9,6,15,43,15,9,18,11,8,1.0,13,19,4.0,0.0,9,1.0,7.0,7,34,7.0,6,5,15,15.0,25,12,2.0,0.0,1.0,2.0,8.0,5.0,0.0,0.0,1.0,6.0,14.0,2.0,7.0,4,11.0,5,17.0,19,28,26,23,1.0,17.0,3.0,3.0,1.0,9.0,3.0,1.0,6,6,9,9.0,14,11,8,8,8.0,18.0,8.0,9.0,17,5.0,4.0,5.0,6.0,3.0,6.0,3.0,2.0,1.0,0.0,2.0,0.0,8.0,0.0,0.0,0.0,1.0,6.0,4.0,1.0,0.0,1.0,0.0,1.0,0.0,8.0,1.0,0.0,5.0,1.0,1.0,1.0,2.0,0.0,3.0,3.0,1.0,0.0,2.0,0.0,0.0,0.0,0.0,0.0,1.0,0.0,0.0,0.0
archaea_halobacterium_chunk_57,archaea_halobacterium.fasta,57,archaea,2.0,4,9.0,17,7.0,9,9.0,5.0,6.0,8.0,8,3.0,6.0,7,8,14,5,15,17,15,9,0.0,12.0,9.0,3.0,7.0,3.0,5.0,6,7,7,3,7.0,8,6.0,4.0,5.0,8.0,7.0,1.0,5.0,2.0,3.0,9,7,4.0,7.0,13.0,7,4.0,6,10.0,4.0,10,10,9.0,0.0,5,6.0,7,4.0,8,4.0,9.0,11,4,8.0,9.0,9.0,16,9.0,27,18,18,7,2.0,6,10,8.0,19,26,7,16,9,19,11,9,12,15,17,16,3,13,14,6,6.0,1.0,5.0,15,10,7.0,7,12,5,6,6.0,10.0,13,7,10.0,11,10,18,8,7.0,5,9.0,7.0,4.0,6,18,9.0,8,7,5.0,10,15,19,7,13,6,10,15,7.0,8,8,4.0,16,9,7,5,10,16,14,7,11,15,14,10,7.0,6,16,13.0,8.0,8,2.0,1.0,13,12,8.0,10,8,17,14.0,11,6,5.0,7.0,6.0,5.0,11.0,2.0,4.0,1.0,2.0,1.0,6.0,4.0,1.0,6,11.0,21,5.0,14,7,17,5,2.0,9.0,4.0,4.0,2.0,5.0,11.0,4.0,9,12,8,7.0,9,13,12,7,12.0,6.0,3.0,6.0,14,2.0,5.0,5.0,5.0,0.0,3.0,11.0,5.0,8.0,7.0,7.0,2.0,5.0,8.0,2.0,4.0,4.0,5.0,3.0,0.0,4.0,6.0,1.0,3.0,1.0,11.0,5.0,4.0,5.0,7.0,8.0,2.0,9.0,3.0,3.0,4.0,0.0,1.0,7.0,4.0,2.0,1.0,2.0,5.0,2.0,6.0,9.0,5.0
archaea_halobacterium_chunk_58,archaea_halobacterium.fasta,58,archaea,1.0,3,6.0,9,2.0,2,6.0,5.0,1.0,0.0,6,9.0,1.0,2,6,8,5,17,13,10,20,0.0,4.0,7.0,3.0,9.0,4.0,3.0,10,7,10,6,6.0,5,10.0,4.0,3.0,7.0,8.0,1.0,0.0,1.0,1.0,6,16,6.0,3.0,4.0,1,5.0,2,3.0,4.0,1,16,4.0,7.0,12,7.0,5,0.0,12,2.0,2.0,4,7,5.0,9.0,10.0,17,3.0,11,19,23,20,1.0,7,8,2.0,13,21,20,9,8,24,32,12,13,18,23,20,6,41,33,14,1.0,0.0,1.0,7,17,7.0,8,9,6,8,6.0,1.0,16,8,0.0,5,12,29,7,10.0,17,11.0,7.0,1.0,13,9,1.0,5,12,5.0,5,8,35,6,14,28,17,30,2.0,10,11,6.0,6,11,14,7,4,15,26,7,15,15,17,15,5.0,16,24,6.0,1.0,11,4.0,12.0,18,43,3.0,9,19,30,14.0,11,7,3.0,1.0,4.0,2.0,6.0,2.0,2.0,1.0,2.0,3.0,10.0,3.0,3.0,2,15.0,13,4.0,22,16,24,24,0.0,6.0,4.0,4.0,3.0,12.0,7.0,1.0,8,21,4,4.0,14,12,11,12,7.0,4.0,5.0,3.0,10,3.0,8.0,3.0,1.0,2.0,0.0,1.0,1.0,0.0,0.0,0.0,1.0,4.0,0.0,1.0,0.0,1.0,2.0,1.0,3.0,4.0,0.0,0.0,3.0,0.0,5.0,2.0,0.0,3.0,1.0,0.0,1.0,1.0,2.0,5.0,2.0,1.0,0.0,0.0,0.0,2.0,2.0,2.0,3.0,0.0,1.0,1.0,2.0
archaea_halobacterium_chunk_59,archaea_halobacterium.fasta,59,archaea,1.0,9,5.0,11,1.0,7,4.0,1.0,2.0,4.0,11,4.0,11.0,5,9,13,9,32,16,20,16,0.0,5.0,6.0,6.0,9.0,4.0,8.0,5,9,12,7,17.0,5,5.0,4.0,5.0,2.0,2.0,5.0,1.0,0.0,11.0,10,7,7.0,7.0,2.0,8,5.0,8,8.0,3.0,12,19,0.0,5.0,8,8.0,6,0.0,11,7.0,0.0,6,13,2.0,5.0,10.0,18,3.0,17,19,22,7,0.0,17,8,3.0,14,39,25,18,5,22,28,7,12,30,19,11,6,20,17,8,4.0,0.0,4.0,9,18,6.0,4,23,2,3,2.0,8.0,16,5,0.0,14,15,47,7,11.0,16,19.0,7.0,2.0,21,12,4.0,11,6,2.0,6,12,24,6,24,17,20,14,3.0,9,14,2.0,5,25,20,6,11,14,34,6,6,19,11,7,3.0,12,13,4.0,1.0,12,2.0,4.0,5,26,3.0,9,6,12,11.0,13,9,1.0,1.0,4.0,4.0,7.0,4.0,2.0,0.0,0.0,11.0,6.0,4.0,3.0,5,5.0,10,10.0,23,10,10,14,3.0,4.0,7.0,2.0,4.0,10.0,4.0,2.0,3,2,8,21.0,10,8,10,4,6.0,8.0,5.0,6.0,6,2.0,0.0,3.0,6.0,2.0,0.0,1.0,8.0,11.0,1.0,0.0,0.0,1.0,1.0,0.0,0.0,1.0,4.0,2.0,2.0,2.0,1.0,1.0,1.0,0.0,4.0,2.0,0.0,3.0,0.0,1.0,0.0,1.0,0.0,3.0,1.0,3.0,2.0,2.0,0.0,1.0,0.0,3.0,1.0,1.0,1.0,2.0,0.0
archaea_halobacterium_chunk_60,archaea_halobacterium.fasta,60,archaea,0.0,3,4.0,11,10.0,4,1.0,2.0,1.0,0.0,10,2.0,3.0,7,9,18,9,18,19,17,9,1.0,8.0,10.0,4.0,8.0,5.0,2.0,6,4,10,6,6.0,5,4.0,3.0,3.0,4.0,3.0,1.0,0.0,1.0,8.0,6,9,4.0,2.0,5.0,5,2.0,10,1.0,1.0,19,15,5.0,5.0,9,3.0,3,0.0,5,4.0,2.0,12,5,3.0,6.0,8.0,15,6.0,19,18,25,11,2.0,13,7,7.0,15,35,22,9,6,18,38,13,17,39,31,19,8,22,16,8,5.0,1.0,3.0,12,22,3.0,14,6,14,13,4.0,3.0,17,4,1.0,7,15,33,8,10.0,12,12.0,4.0,1.0,19,9,1.0,9,8,3.0,3,13,25,6,18,23,35,19,2.0,11,19,6.0,2,14,10,14,4,17,38,7,13,17,16,15,3.0,15,14,10.0,0.0,9,6.0,10.0,6,29,1.0,9,10,12,5.0,21,6,4.0,0.0,4.0,5.0,4.0,1.0,1.0,2.0,2.0,9.0,9.0,5.0,0.0,6,5.0,15,8.0,26,15,29,15,2.0,7.0,1.0,1.0,4.0,7.0,1.0,5.0,8,8,12,4.0,5,10,5,5,3.0,12.0,2.0,10.0,25,4.0,3.0,4.0,1.0,6.0,1.0,1.0,3.0,1.0,0.0,0.0,0.0,5.0,0.0,0.0,0.0,0.0,2.0,2.0,3.0,0.0,0.0,0.0,2.0,1.0,5.0,0.0,0.0,3.0,0.0,1.0,1.0,1.0,3.0,4.0,1.0,1.0,0.0,1.0,0.0,1.0,0.0,1.0,0.0,0.0,0.0,0.0,0.0
archaea_halobacterium_chunk_61,archaea_halobacterium.fasta,61,archaea,0.0,6,9.0,5,6.0,3,1.0,1.0,3.0,1.0,10,6.0,6.0,9,20,17,2,12,22,12,12,1.0,11.0,4.0,2.0,2.0,2.0,3.0,6,8,13,4,2.0,3,4.0,5.0,2.0,2.0,2.0,3.0,1.0,0.0,3.0,7,10,4.0,2.0,5.0,5,1.0,11,1.0,3.0,21,27,1.0,3.0,15,5.0,6,0.0,11,5.0,7.0,21,10,6.0,14.0,28.0,37,5.0,25,53,22,13,1.0,8,7,3.0,13,38,17,8,13,54,37,18,10,37,12,11,10,33,20,9,3.0,0.0,3.0,9,36,2.0,7,8,3,7,6.0,2.0,13,4,3.0,9,16,22,8,3.0,13,8.0,0.0,0.0,10,7,4.0,16,12,2.0,11,26,46,7,16,26,17,18,0.0,21,8,8.0,4,9,2,4,6,20,24,9,4,11,6,7,1.0,16,9,2.0,1.0,10,4.0,0.0,17,36,6.0,6,11,8,8.0,8,5,3.0,0.0,5.0,2.0,4.0,4.0,0.0,0.0,2.0,2.0,5.0,1.0,2.0,9,10.0,13,5.0,23,21,19,29,1.0,10.0,1.0,1.0,3.0,6.0,3.0,9.0,8,4,6,3.0,8,6,5,8,2.0,3.0,4.0,4.0,10,1.0,4.0,4.0,1.0,3.0,2.0,2.0,1.0,1.0,1.0,1.0,1.0,3.0,0.0,0.0,0.0,1.0,2.0,2.0,0.0,1.0,2.0,0.0,0.0,0.0,2.0,1.0,0.0,3.0,1.0,1.0,0.0,0.0,2.0,2.0,1.0,2.0,0.0,1.0,0.0,0.0,0.0,0.0,1.0,0.0,0.0,0.0,0.0
archaea_halobacterium_chunk_62,archaea_halobacterium.fasta,62,archaea,0.0,7,5.0,11,6.0,6,4.0,3.0,0.0,3.0,9,9.0,6.0,11,8,14,4,24,17,19,12,3.0,5.0,9.0,6.0,7.0,2.0,2.0,7,10,20,8,14.0,8,7.0,7.0,2.0,2.0,3.0,5.0,1.0,0.0,4.0,4,9,2.0,7.0,2.0,11,1.0,8,6.0,3.0,15,17,5.0,2.0,14,12.0,1,1.0,8,6.0,4.0,17,13,7.0,9.0,6.0,14,0.0,19,25,18,12,1.0,4,2,0.0,15,36,25,9,4,36,40,7,15,31,23,19,7,12,23,9,7.0,1.0,3.0,4,13,4.0,5,16,2,2,3.0,2.0,19,11,2.0,15,16,36,3,7.0,24,16.0,7.0,0.0,11,11,7.0,7,5,3.0,17,12,40,1,26,31,39,20,3.0,7,14,3.0,6,17,24,8,8,17,45,9,12,19,9,7,4.0,11,20,5.0,0.0,6,6.0,4.0,5,18,2.0,11,11,19,7.0,14,5,4.0,0.0,2.0,1.0,8.0,4.0,1.0,4.0,1.0,3.0,7.0,2.0,1.0,4,3.0,6,2.0,16,14,12,7,1.0,5.0,2.0,1.0,7.0,10.0,3.0,3.0,7,11,3,14.0,21,8,7,4,1.0,4.0,2.0,2.0,9,4.0,2.0,6.0,4.0,1.0,3.0,2.0,3.0,7.0,1.0,1.0,0.0,1.0,0.0,1.0,1.0,0.0,1.0,0.0,2.0,0.0,0.0,0.0,0.0,0.0,4.0,1.0,0.0,0.0,0.0,0.0,0.0,1.0,1.0,1.0,3.0,1.0,1.0,3.0,1.0,0.0,0.0,3.0,0.0,0.0,0.0,0.0,0.0
archaea_halobacterium_chunk_63,archaea_halobacterium.fasta,63,archaea,0.0,7,3.0,10,0.0,6,1.0,0.0,0.0,1.0,19,5.0,1.0,13,5,23,6,17,36,17,8,0.0,2.0,7.0,3.0,3.0,0.0,1.0,9,12,13,3,2.0,5,7.0,2.0,1.0,5.0,0.0,0.0,0.0,0.0,3.0,4,7,6.0,4.0,2.0,4,2.0,6,3.0,5.0,23,30,4.0,2.0,13,12.0,4,0.0,8,5.0,4.0,21,15,4.0,8.0,9.0,23,1.0,29,45,23,12,0.0,6,9,1.0,11,43,16,12,10,59,51,20,8,50,23,14,6,23,10,8,3.0,0.0,1.0,9,19,4.0,11,14,8,2,1.0,2.0,14,3,0.0,11,18,35,6,3.0,16,3.0,0.0,0.0,12,7,4.0,13,10,7.0,15,21,55,9,20,40,35,21,2.0,16,18,0.0,3,14,4,2,13,22,43,9,10,18,19,8,1.0,13,16,0.0,0.0,6,4.0,9.0,9,26,3.0,10,6,8,8.0,6,6,0.0,0.0,3.0,3.0,3.0,0.0,2.0,0.0,2.0,1.0,9.0,1.0,2.0,8,6.0,8,0.0,16,20,20,6,1.0,6.0,3.0,1.0,2.0,10.0,2.0,2.0,7,9,4,3.0,14,6,6,6,6.0,4.0,0.0,0.0,9,1.0,1.0,3.0,3.0,1.0,0.0,0.0,3.0,2.0,0.0,0.0,0.0,1.0,0.0,0.0,0.0,0.0,1.0,0.0,0.0,0.0,0.0,0.0,0.0,0.0,5.0,0.0,0.0,0.0,0.0,1.0,1.0,1.0,0.0,2.0,0.0,0.0,0.0,1.0,1.0,0.0,0.0,0.0,0.0,0.0,0.0,0.0,0.0
archaea_halobacterium_chunk_64,archaea_halobacterium.fasta,64,archaea,2.0,7,4.0,7,2.0,2,0.0,2.0,1.0,0.0,6,11.0,2.0,6,5,10,8,13,13,7,15,2.0,8.0,1.0,3.0,2.0,3.0,7.0,10,7,11,11,4.0,4,2.0,11.0,1.0,8.0,3.0,3.0,2.0,1.0,3.0,9,7,7.0,5.0,7.0,3,8.0,1,0.0,0.0,9,17,2.0,3.0,22,8.0,7,1.0,4,5.0,0.0,7,14,1.0,3.0,10.0,18,6.0,19,30,19,14,1.0,19,10,4.0,14,29,15,19,4,31,38,14,14,27,15,9,11,45,21,10,3.0,1.0,8.0,14,34,4.0,8,10,5,12,3.0,3.0,18,3,1.0,9,13,17,3,7.0,13,10.0,2.0,4.0,20,17,0.0,8,10,3.0,4,13,34,5,13,23,22,26,1.0,15,13,9.0,5,7,10,8,3,11,26,8,6,7,7,7,6.0,14,6,7.0,1.0,10,10.0,4.0,23,48,8.0,10,5,8,13.0,9,7,7.0,1.0,3.0,3.0,7.0,4.0,2.0,3.0,4.0,2.0,7.0,5.0,4.0,9,9.0,20,15.0,32,21,17,32,1.0,14.0,3.0,4.0,3.0,4.0,4.0,4.0,7,8,5,6.0,10,3,6,16,6.0,4.0,3.0,7.0,13,7.0,2.0,4.0,4.0,6.0,0.0,1.0,2.0,2.0,0.0,1.0,1.0,0.0,1.0,1.0,1.0,0.0,0.0,2.0,1.0,1.0,0.0,0.0,1.0,1.0,10.0,2.0,0.0,4.0,0.0,3.0,0.0,3.0,3.0,4.0,3.0,2.0,1.0,1.0,0.0,0.0,1.0,0.0,0.0,1.0,0.0,1.0,0.0
archaea_halobacterium_chunk_65,archaea_halobacterium.fasta,65,archaea,2.0,5,6.0,5,9.0,2,2.0,1.0,7.0,6.0,8,10.0,4.0,5,9,9,2,7,7,9,5,4.0,9.0,14.0,7.0,8.0,5.0,3.0,3,7,10,3,5.0,7,8.0,6.0,7.0,10.0,11.0,7.0,5.0,3.0,3.0,4,7,6.0,5.0,5.0,10,3.0,7,4.0,7.0,11,8,7.0,5.0,14,7.0,10,2.0,6,2.0,6.0,8,8,5.0,7.0,7.0,12,2.0,9,7,5,11,3.0,7,5,2.0,9,12,14,9,7,10,8,10,7,17,10,9,6,12,7,10,5.0,3.0,7.0,6,12,10.0,9,22,6,9,9.0,8.0,6,6,16.0,9,4,12,10,5.0,5,15.0,17.0,6.0,3,10,4.0,6,10,7.0,8,7,8,5,11,11,16,11,3.0,11,17,6.0,11,7,11,11,12,7,21,12,13,14,27,16,6.0,6,20,17.0,1.0,7,9.0,5.0,6,19,7.0,8,8,21,13.0,9,17,10.0,1.0,7.0,4.0,3.0,5.0,2.0,2.0,7.0,5.0,11.0,8.0,3.0,7,5.0,3,8.0,17,10,13,8,3.0,9.0,11.0,10.0,9.0,8.0,12.0,5.0,4,10,12,15.0,14,25,18,9,12.0,4.0,12.0,7.0,10,9.0,13.0,9.0,18.0,8.0,2.0,11.0,1.0,6.0,5.0,8.0,7.0,4.0,4.0,0.0,12.0,5.0,11.0,2.0,8.0,2.0,4.0,1.0,4.0,6.0,7.0,2.0,1.0,9.0,2.0,12.0,9.0,11.0,7.0,6.0,11.0,4.0,2.0,5.0,9.0,3.0,1.0,3.0,0.0,2.0,2.0,0.0,3.0
archaea_halobacterium_chunk_66,archaea_halobacterium.fasta,66,archaea,0.0,4,0.0,2,2.0,3,3.0,2.0,1.0,0.0,11,2.0,1.0,5,3,24,9,7,18,13,11,4.0,3.0,3.0,1.0,2.0,0.0,1.0,7,12,12,3,1.0,5,0.0,4.0,2.0,0.0,3.0,3.0,1.0,0.0,2.0,3,9,0.0,1.0,3.0,5,2.0,1,1.0,3.0,25,14,5.0,0.0,22,2.0,6,1.0,5,4.0,0.0,17,13,2.0,8.0,16.0,19,5.0,15,46,31,16,4.0,16,7,1.0,12,23,9,8,7,56,48,21,10,58,20,17,1,52,16,8,13.0,0.0,5.0,11,30,4.0,6,17,9,6,1.0,1.0,6,8,2.0,5,10,24,1,3.0,8,5.0,0.0,0.0,8,6,0.0,10,11,6.0,16,20,53,5,20,39,34,23,3.0,22,22,2.0,4,9,7,2,11,21,50,15,6,16,12,8,1.0,13,17,3.0,0.0,6,1.0,4.0,12,42,9.0,6,12,16,4.0,20,2,0.0,0.0,2.0,6.0,9.0,3.0,1.0,0.0,0.0,2.0,8.0,4.0,1.0,3,9.0,12,9.0,10,29,27,27,2.0,8.0,4.0,3.0,0.0,6.0,0.0,2.0,5,6,10,5.0,19,10,5,2,2.0,8.0,4.0,7.0,12,5.0,0.0,2.0,1.0,0.0,0.0,1.0,0.0,1.0,0.0,1.0,0.0,1.0,0.0,0.0,0.0,0.0,3.0,0.0,0.0,0.0,0.0,0.0,0.0,0.0,5.0,0.0,0.0,0.0,0.0,2.0,0.0,2.0,0.0,3.0,0.0,0.0,0.0,0.0,0.0,0.0,0.0,0.0,0.0,0.0,0.0,0.0,0.0
archaea_halobacterium_chunk_67,archaea_halobacterium.fasta,67,archaea,0.0,5,6.0,6,2.0,1,0.0,2.0,1.0,1.0,9,3.0,1.0,7,11,16,5,10,23,22,9,0.0,12.0,4.0,2.0,0.0,0.0,0.0,5,9,13,1,2.0,1,1.0,1.0,1.0,6.0,4.0,1.0,1.0,0.0,2.0,10,9,1.0,2.0,3.0,2,4.0,3,0.0,3.0,21,22,8.0,2.0,16,2.0,5,1.0,9,4.0,2.0,23,11,4.0,13.0,17.0,38,5.0,16,38,32,19,1.0,15,8,3.0,10,39,12,8,13,51,60,14,7,48,17,25,5,41,18,7,0.0,0.0,1.0,13,26,1.0,9,11,4,6,2.0,0.0,15,2,0.0,5,10,32,7,0.0,10,3.0,4.0,1.0,9,7,0.0,16,10,6.0,9,28,36,11,18,44,22,32,0.0,11,12,3.0,5,8,4,6,10,19,31,7,6,10,10,11,3.0,19,11,8.0,1.0,6,2.0,7.0,23,43,2.0,7,11,13,7.0,9,7,1.0,1.0,1.0,2.0,4.0,1.0,1.0,0.0,1.0,0.0,6.0,1.0,3.0,11,17.0,15,6.0,25,33,21,11,1.0,7.0,1.0,0.0,0.0,7.0,1.0,4.0,5,11,4,8.0,9,9,4,9,5.0,2.0,0.0,3.0,12,1.0,1.0,1.0,4.0,1.0,2.0,0.0,0.0,0.0,0.0,0.0,0.0,2.0,1.0,0.0,0.0,0.0,5.0,0.0,2.0,1.0,1.0,1.0,3.0,0.0,3.0,1.0,0.0,3.0,0.0,0.0,0.0,0.0,0.0,2.0,0.0,0.0,1.0,0.0,0.0,1.0,0.0,0.0,0.0,1.0,0.0,1.0,0.0
archaea_halobacterium_chunk_68,archaea_halobacterium.fasta,68,archaea,5.0,5,5.0,9,2.0,6,0.0,1.0,2.0,0.0,13,8.0,4.0,5,11,15,5,20,22,7,7,1.0,8.0,5.0,4.0,4.0,3.0,3.0,5,7,15,5,7.0,2,2.0,6.0,1.0,7.0,2.0,2.0,3.0,0.0,1.0,10,11,4.0,3.0,6.0,6,8.0,1,3.0,8.0,15,20,5.0,4.0,15,7.0,4,1.0,15,7.0,1.0,16,10,7.0,10.0,16.0,30,8.0,16,36,23,13,1.0,25,8,1.0,16,30,20,12,13,48,43,15,7,37,8,23,5,42,11,6,4.0,0.0,8.0,14,38,3.0,4,9,6,3,0.0,7.0,17,4,1.0,8,13,21,5,8.0,11,8.0,6.0,1.0,9,12,3.0,12,7,7.0,11,29,30,8,15,31,13,28,1.0,20,5,0.0,3,9,6,5,9,13,25,3,5,6,4,5,4.0,23,11,2.0,0.0,8,5.0,7.0,14,50,9.0,11,7,5,4.0,8,4,3.0,0.0,4.0,3.0,6.0,3.0,0.0,2.0,1.0,2.0,7.0,5.0,5.0,8,8.0,13,14.0,27,29,33,16,2.0,9.0,4.0,2.0,6.0,4.0,4.0,2.0,10,4,3,4.0,5,6,6,8,3.0,5.0,3.0,5.0,6,2.0,1.0,2.0,1.0,2.0,1.0,3.0,0.0,0.0,3.0,2.0,0.0,1.0,0.0,0.0,0.0,1.0,2.0,1.0,0.0,0.0,0.0,0.0,0.0,1.0,4.0,1.0,0.0,1.0,1.0,3.0,0.0,2.0,2.0,3.0,1.0,0.0,2.0,1.0,0.0,1.0,0.0,2.0,0.0,0.0,0.0,0.0,0.0
archaea_halobacterium_chunk_69,archaea_halobacterium.fasta,69,archaea,1.0,7,6.0,7,3.0,3,1.0,2.0,2.0,5.0,10,1.0,9.0,13,8,14,6,24,24,18,18,0.0,5.0,5.0,2.0,7.0,1.0,2.0,4,4,9,3,9.0,8,4.0,5.0,3.0,3.0,2.0,5.0,0.0,0.0,4.0,5,13,7.0,2.0,3.0,11,1.0,9,3.0,6.0,23,20,3.0,4.0,6,7.0,1,0.0,19,7.0,2.0,16,11,6.0,8.0,10.0,19,3.0,21,32,24,19,1.0,6,7,2.0,8,38,28,9,10,51,36,6,11,45,19,16,3,28,18,15,6.0,0.0,5.0,5,17,1.0,7,10,6,4,1.0,4.0,14,2,2.0,12,9,47,4,6.0,10,18.0,10.0,1.0,7,7,4.0,14,4,7.0,9,16,48,3,15,28,32,20,1.0,10,9,0.0,5,21,12,2,10,16,45,7,8,14,9,7,2.0,11,17,7.0,0.0,8,1.0,7.0,8,26,6.0,9,8,14,6.0,22,12,1.0,0.0,0.0,3.0,10.0,1.0,1.0,0.0,0.0,2.0,12.0,1.0,4.0,5,6.0,15,4.0,23,19,17,7,4.0,6.0,3.0,2.0,7.0,6.0,3.0,5.0,5,5,4,12.0,11,6,9,5,0.0,8.0,3.0,12.0,10,2.0,7.0,1.0,3.0,0.0,0.0,1.0,3.0,2.0,0.0,1.0,0.0,1.0,0.0,0.0,0.0,0.0,0.0,0.0,1.0,0.0,0.0,0.0,1.0,0.0,3.0,0.0,1.0,2.0,1.0,1.0,0.0,1.0,0.0,2.0,0.0,2.0,1.0,1.0,0.0,0.0,0.0,2.0,0.0,0.0,0.0,0.0,0.0
archaea_halobacterium_chunk_70,archaea_halobacterium.fasta,70,archaea,1.0,1,8.0,7,5.0,3,3.0,0.0,2.0,3.0,20,4.0,3.0,13,11,21,6,15,39,15,17,2.0,11.0,9.0,3.0,7.0,2.0,3.0,5,6,10,8,4.0,6,1.0,1.0,0.0,5.0,1.0,2.0,4.0,0.0,5.0,5,7,0.0,3.0,1.0,6,2.0,9,3.0,6.0,30,32,9.0,5.0,15,2.0,2,2.0,5,3.0,4.0,30,11,4.0,13.0,17.0,24,5.0,26,41,30,11,1.0,14,3,1.0,8,53,16,9,14,55,37,17,11,41,14,12,3,25,9,11,5.0,1.0,8.0,16,23,1.0,2,11,8,11,1.0,1.0,8,5,2.0,21,10,40,11,6.0,9,7.0,5.0,1.0,7,8,3.0,16,6,2.0,15,18,48,3,24,19,20,11,7.0,19,9,6.0,3,18,5,2,7,16,24,15,7,7,8,4,2.0,11,8,3.0,0.0,5,1.0,5.0,14,24,4.0,6,8,5,1.0,13,3,3.0,1.0,2.0,3.0,7.0,3.0,2.0,0.0,1.0,6.0,11.0,2.0,2.0,9,13.0,15,5.0,21,24,13,9,0.0,5.0,1.0,2.0,2.0,4.0,4.0,1.0,7,3,1,6.0,8,3,7,6,2.0,4.0,3.0,7.0,13,2.0,2.0,1.0,2.0,1.0,2.0,3.0,1.0,4.0,1.0,0.0,0.0,6.0,1.0,0.0,1.0,0.0,2.0,1.0,1.0,1.0,0.0,1.0,3.0,0.0,2.0,1.0,1.0,3.0,0.0,0.0,0.0,0.0,0.0,2.0,3.0,2.0,0.0,4.0,1.0,3.0,0.0,1.0,0.0,1.0,2.0,1.0,1.0
archaea_halobacterium_chunk_71,archaea_halobacterium.fasta,71,archaea,1.0,9,6.0,20,4.0,1,0.0,4.0,1.0,0.0,4,10.0,4.0,4,6,15,1,20,28,23,9,0.0,6.0,1.0,5.0,3.0,6.0,6.0,9,15,16,5,9.0,8,6.0,1.0,0.0,10.0,3.0,4.0,2.0,1.0,5.0,3,7,3.0,7.0,4.0,4,3.0,7,0.0,1.0,12,20,1.0,1.0,22,11.0,8,0.0,5,2.0,4.0,13,20,1.0,13.0,9.0,18,0.0,20,26,29,12,1.0,2,1,2.0,22,27,20,17,3,38,38,12,16,50,28,14,8,31,16,6,1.0,0.0,2.0,3,17,5.0,5,6,2,1,1.0,1.0,31,10,2.0,5,7,35,1,13.0,21,10.0,5.0,2.0,12,15,1.0,10,8,3.0,17,16,45,4,28,23,36,27,0.0,10,12,3.0,11,10,15,3,7,20,54,4,13,15,22,15,1.0,10,22,2.0,0.0,7,4.0,5.0,14,34,5.0,11,10,14,8.0,7,6,1.0,0.0,3.0,1.0,5.0,2.0,1.0,3.0,0.0,2.0,7.0,4.0,2.0,4,9.0,9,1.0,17,14,21,13,0.0,4.0,4.0,0.0,6.0,8.0,8.0,3.0,9,6,4,1.0,12,9,5,7,2.0,2.0,3.0,3.0,7,0.0,2.0,3.0,3.0,3.0,1.0,1.0,0.0,5.0,1.0,1.0,0.0,1.0,0.0,1.0,0.0,0.0,0.0,3.0,0.0,0.0,0.0,0.0,0.0,0.0,3.0,1.0,0.0,0.0,0.0,2.0,0.0,0.0,1.0,2.0,1.0,0.0,0.0,0.0,3.0,0.0,1.0,0.0,1.0,0.0,1.0,0.0,0.0
archaea_halobacterium_chunk_72,archaea_halobacterium.fasta,72,archaea,1.0,6,4.0,13,3.0,1,2.0,1.0,2.0,3.0,7,1.0,3.0,10,8,15,3,15,19,11,12,0.0,4.0,2.0,5.0,0.0,2.0,2.0,2,10,7,7,5.0,7,1.0,7.0,1.0,3.0,1.0,6.0,1.0,2.0,2.0,6,8,1.0,0.0,6.0,2,3.0,9,0.0,3.0,18,23,5.0,2.0,11,7.0,4,1.0,2,3.0,2.0,24,11,2.0,11.0,10.0,28,7.0,11,32,20,26,0.0,11,8,8.0,11,29,11,10,12,38,31,25,11,31,16,17,7,43,16,12,1.0,0.0,7.0,7,22,2.0,10,15,5,17,14.0,2.0,16,5,2.0,5,12,17,3,1.0,11,10.0,3.0,1.0,12,8,2.0,9,9,2.0,12,26,35,8,18,33,20,13,1.0,15,16,12.0,7,6,10,8,5,19,33,6,7,10,5,5,2.0,13,13,9.0,0.0,7,8.0,2.0,14,45,7.0,4,14,14,8.0,17,9,2.0,0.0,0.0,2.0,5.0,3.0,3.0,1.0,3.0,3.0,9.0,3.0,1.0,6,12.0,11,9.0,17,22,23,27,0.0,6.0,6.0,4.0,2.0,2.0,2.0,3.0,14,13,6,8.0,15,5,8,9,10.0,3.0,5.0,11.0,14,8.0,3.0,6.0,5.0,1.0,0.0,1.0,0.0,2.0,1.0,0.0,1.0,8.0,0.0,0.0,2.0,1.0,0.0,0.0,1.0,2.0,0.0,0.0,1.0,0.0,3.0,1.0,0.0,12.0,0.0,3.0,0.0,2.0,4.0,6.0,1.0,0.0,0.0,0.0,2.0,0.0,0.0,0.0,1.0,0.0,1.0,1.0,1.0
archaea_halobacterium_chunk_73,archaea_halobacterium.fasta,73,archaea,0.0,4,2.0,10,4.0,8,3.0,2.0,2.0,5.0,5,1.0,6.0,8,10,13,3,30,19,15,9,2.0,2.0,2.0,0.0,5.0,2.0,4.0,5,9,10,7,10.0,7,9.0,2.0,3.0,3.0,5.0,5.0,1.0,0.0,4.0,9,14,3.0,1.0,0.0,6,2.0,8,3.0,4.0,8,21,0.0,2.0,11,8.0,2,0.0,17,3.0,3.0,11,12,6.0,3.0,12.0,17,7.0,18,23,20,13,1.0,10,6,1.0,13,37,34,5,8,29,45,12,12,31,22,17,1,19,19,16,4.0,1.0,1.0,9,19,5.0,14,14,6,9,0.0,2.0,10,9,1.0,9,20,36,6,7.0,12,17.0,12.0,1.0,11,5,3.0,8,6,5.0,14,9,38,2,16,35,32,18,1.0,12,29,1.0,7,23,10,5,6,17,40,10,14,20,17,8,1.0,11,18,7.0,0.0,7,0.0,7.0,5,23,1.0,5,12,23,8.0,21,11,2.0,1.0,0.0,4.0,6.0,2.0,0.0,0.0,0.0,3.0,9.0,4.0,4.0,7,8.0,6,6.0,25,17,15,15,1.0,5.0,2.0,3.0,2.0,6.0,2.0,3.0,8,6,14,9.0,15,11,11,3,6.0,6.0,8.0,4.0,16,7.0,2.0,5.0,3.0,4.0,1.0,1.0,2.0,1.0,1.0,1.0,0.0,6.0,1.0,0.0,0.0,2.0,0.0,2.0,1.0,0.0,0.0,0.0,0.0,1.0,3.0,0.0,0.0,2.0,0.0,1.0,1.0,0.0,1.0,3.0,1.0,0.0,0.0,1.0,1.0,0.0,0.0,0.0,0.0,0.0,0.0,0.0,0.0
archaea_halobacterium_chunk_74,archaea_halobacterium.fasta,74,archaea,1.0,2,3.0,10,1.0,2,1.0,0.0,1.0,2.0,14,5.0,1.0,3,6,25,5,14,32,19,9,4.0,0.0,6.0,1.0,2.0,0.0,3.0,1,6,13,2,4.0,5,3.0,2.0,2.0,3.0,2.0,4.0,1.0,0.0,2.0,4,11,1.0,2.0,2.0,4,0.0,5,1.0,6.0,20,18,2.0,3.0,8,8.0,4,0.0,7,2.0,2.0,11,7,3.0,3.0,7.0,18,7.0,15,25,41,17,1.0,8,12,0.0,6,44,12,4,10,42,39,18,16,48,26,24,4,18,27,7,7.0,1.0,1.0,5,17,2.0,11,19,12,5,0.0,4.0,7,2,0.0,12,12,37,7,3.0,11,5.0,7.0,2.0,8,5,1.0,13,7,5.0,12,16,45,5,16,29,40,20,1.0,14,24,1.0,4,18,9,7,12,21,43,13,13,17,20,15,4.0,18,24,7.0,0.0,9,0.0,8.0,9,25,5.0,9,16,24,9.0,19,6,0.0,0.0,2.0,4.0,9.0,3.0,1.0,0.0,0.0,1.0,8.0,4.0,1.0,5,6.0,10,4.0,21,23,14,10,2.0,2.0,2.0,1.0,2.0,4.0,5.0,3.0,9,10,7,5.0,19,16,12,8,5.0,7.0,3.0,7.0,16,0.0,1.0,0.0,5.0,2.0,0.0,4.0,0.0,0.0,0.0,0.0,0.0,3.0,0.0,1.0,1.0,0.0,1.0,0.0,3.0,0.0,0.0,0.0,2.0,1.0,3.0,1.0,0.0,1.0,0.0,0.0,2.0,2.0,0.0,2.0,0.0,0.0,1.0,1.0,1.0,0.0,0.0,1.0,0.0,0.0,0.0,0.0,0.0
archaea_halobacterium_chunk_75,archaea_halobacterium.fasta,75,archaea,1.0,9,5.0,13,5.0,3,3.0,4.0,2.0,2.0,7,11.0,2.0,5,10,20,6,15,27,16,10,1.0,8.0,2.0,7.0,4.0,1.0,5.0,1,9,16,3,3.0,3,5.0,3.0,0.0,7.0,1.0,4.0,3.0,1.0,2.0,4,16,4.0,0.0,3.0,3,0.0,9,3.0,4.0,15,20,2.0,8.0,15,5.0,5,0.0,11,2.0,3.0,15,14,5.0,10.0,18.0,29,10.0,16,44,18,19,1.0,20,10,2.0,17,37,10,5,13,53,44,17,10,38,13,18,9,43,14,4,5.0,1.0,4.0,17,23,1.0,8,17,3,5,0.0,4.0,17,8,2.0,8,15,28,3,6.0,7,2.0,2.0,2.0,11,4,3.0,7,6,4.0,12,28,32,8,17,33,27,23,2.0,15,13,3.0,4,10,6,4,4,11,36,9,7,7,3,7,6.0,20,6,5.0,2.0,8,8.0,11.0,18,38,5.0,7,4,7,7.0,8,3,1.0,2.0,1.0,6.0,7.0,2.0,4.0,4.0,1.0,4.0,12.0,2.0,3.0,10,11.0,16,9.0,21,23,18,18,3.0,7.0,4.0,3.0,3.0,3.0,0.0,2.0,7,5,4,4.0,12,3,9,2,4.0,0.0,4.0,7.0,3,2.0,1.0,2.0,1.0,3.0,0.0,4.0,0.0,1.0,1.0,0.0,0.0,1.0,0.0,0.0,1.0,0.0,6.0,3.0,2.0,1.0,0.0,1.0,2.0,0.0,3.0,0.0,0.0,1.0,0.0,0.0,0.0,0.0,2.0,5.0,1.0,3.0,0.0,0.0,1.0,1.0,1.0,0.0,1.0,0.0,1.0,0.0,1.0
archaea_halobacterium_chunk_76,archaea_halobacterium.fasta,76,archaea,1.0,2,3.0,9,5.0,5,0.0,2.0,1.0,2.0,4,2.0,5.0,8,10,24,7,26,19,11,12,1.0,4.0,5.0,0.0,7.0,0.0,3.0,4,7,19,2,7.0,9,0.0,6.0,0.0,3.0,0.0,3.0,1.0,0.0,5.0,3,12,1.0,2.0,7.0,10,5.0,7,6.0,2.0,15,18,2.0,2.0,8,2.0,2,0.0,10,8.0,3.0,16,7,3.0,7.0,10.0,19,3.0,23,34,23,23,1.0,7,7,1.0,9,42,25,12,11,41,39,8,12,34,23,22,7,30,25,10,4.0,1.0,3.0,7,8,1.0,10,15,5,4,1.0,2.0,9,4,0.0,8,28,34,3,5.0,17,18.0,1.0,0.0,10,15,5.0,12,4,5.0,10,14,47,3,17,26,37,26,1.0,3,17,1.0,4,18,14,9,9,15,36,6,16,13,15,8,1.0,16,18,9.0,1.0,7,4.0,4.0,8,40,6.0,10,11,16,10.0,20,4,2.0,1.0,1.0,3.0,7.0,2.0,2.0,2.0,1.0,5.0,5.0,1.0,5.0,4,5.0,13,3.0,22,20,20,11,2.0,4.0,2.0,1.0,2.0,6.0,2.0,2.0,11,12,6,10.0,11,14,8,9,4.0,4.0,4.0,7.0,13,2.0,0.0,3.0,2.0,1.0,1.0,2.0,0.0,3.0,0.0,1.0,0.0,2.0,0.0,0.0,1.0,1.0,0.0,0.0,1.0,0.0,0.0,1.0,0.0,0.0,3.0,0.0,0.0,2.0,0.0,1.0,0.0,2.0,0.0,5.0,1.0,0.0,0.0,1.0,0.0,0.0,0.0,0.0,0.0,0.0,0.0,0.0,0.0
archaea_halobacterium_chunk_77,archaea_halobacterium.fasta,77,archaea,1.0,2,8.0,2,3.0,3,0.0,4.0,0.0,0.0,5,4.0,2.0,5,6,16,6,8,12,8,8,0.0,5.0,7.0,5.0,1.0,7.0,5.0,5,8,13,7,3.0,4,2.0,14.0,1.0,3.0,1.0,7.0,0.0,1.0,6.0,4,10,9.0,16.0,6.0,6,8.0,4,3.0,3.0,12,12,3.0,2.0,17,7.0,2,0.0,14,8.0,1.0,8,9,8.0,5.0,13.0,17,5.0,18,17,30,20,0.0,29,4,4.0,8,27,10,14,4,25,34,13,18,25,17,18,7,34,18,14,0.0,1.0,5.0,15,39,1.0,16,13,2,6,5.0,1.0,12,10,0.0,6,13,18,5,10.0,8,13.0,5.0,1.0,15,27,2.0,7,7,7.0,7,10,36,10,11,28,25,16,0.0,12,13,3.0,4,8,11,10,7,19,22,4,4,15,6,6,4.0,23,13,7.0,0.0,7,7.0,7.0,28,29,10.0,10,9,10,7.0,19,12,1.0,0.0,0.0,0.0,4.0,3.0,5.0,3.0,1.0,4.0,10.0,8.0,5.0,9,11.0,16,16.0,22,19,15,29,1.0,18.0,8.0,5.0,6.0,6.0,8.0,7.0,11,11,3,8.0,8,6,9,14,4.0,4.0,9.0,5.0,7,8.0,8.0,1.0,2.0,3.0,0.0,0.0,0.0,6.0,0.0,1.0,0.0,2.0,0.0,0.0,1.0,0.0,5.0,3.0,1.0,0.0,0.0,0.0,0.0,1.0,15.0,0.0,0.0,8.0,0.0,1.0,0.0,1.0,0.0,3.0,1.0,0.0,0.0,0.0,0.0,0.0,0.0,0.0,0.0,0.0,0.0,0.0,0.0
archaea_halobacterium_chunk_78,archaea_halobacterium.fasta,78,archaea,0.0,6,3.0,17,8.0,6,3.0,3.0,6.0,10.0,10,4.0,4.0,8,2,14,3,17,16,12,26,6.0,5.0,8.0,15.0,10.0,10.0,9.0,5,4,13,5,7.0,3,4.0,8.0,5.0,8.0,4.0,5.0,5.0,4.0,7.0,6,16,6.0,8.0,7.0,6,3.0,9,6.0,5.0,8,13,2.0,14.0,7,5.0,9,0.0,11,2.0,2.0,7,9,3.0,2.0,0.0,5,6.0,11,7,12,12,3.0,8,6,4.0,13,23,20,12,7,9,11,12,10,17,13,19,11,24,18,15,15.0,2.0,4.0,6,15,12.0,10,7,3,5,7.0,6.0,16,11,11.0,12,7,30,6,15.0,9,13.0,8.0,11.0,11,12,5.0,6,13,4.0,4,5,12,3,12,9,13,12,10.0,10,13,2.0,5,12,11,9,7,2,18,9,9,7,8,7,6.0,15,9,10.0,2.0,7,7.0,7.0,13,31,4.0,7,6,13,10.0,14,10,8.0,3.0,5.0,9.0,11.0,5.0,5.0,1.0,2.0,4.0,5.0,9.0,4.0,7,6.0,11,9.0,28,7,22,18,4.0,9.0,5.0,6.0,11.0,10.0,4.0,9.0,8,4,9,11.0,10,6,6,8,5.0,6.0,4.0,8.0,13,7.0,6.0,7.0,7.0,5.0,3.0,6.0,2.0,8.0,1.0,6.0,6.0,2.0,3.0,1.0,3.0,4.0,7.0,1.0,9.0,4.0,4.0,2.0,7.0,3.0,8.0,3.0,1.0,6.0,1.0,8.0,3.0,4.0,7.0,3.0,6.0,3.0,2.0,2.0,2.0,4.0,0.0,4.0,1.0,2.0,1.0,1.0,2.0
archaea_halobacterium_chunk_79,archaea_halobacterium.fasta,79,archaea,1.0,5,9.0,9,5.0,4,0.0,2.0,1.0,1.0,9,9.0,1.0,11,16,22,3,9,21,13,12,1.0,11.0,5.0,2.0,1.0,0.0,2.0,11,9,13,5,4.0,3,2.0,4.0,2.0,12.0,2.0,4.0,1.0,0.0,8.0,9,7,1.0,4.0,3.0,2,2.0,12,4.0,6.0,28,23,9.0,4.0,25,5.0,11,0.0,5,3.0,6.0,24,17,6.0,11.0,36.0,27,7.0,22,51,15,17,0.0,12,9,2.0,8,26,13,13,19,43,44,20,16,30,9,14,6,33,16,5,1.0,0.0,5.0,18,27,2.0,10,5,6,3,5.0,3.0,9,2,1.0,9,12,21,2,1.0,7,8.0,5.0,1.0,18,8,6.0,22,9,2.0,19,17,36,10,14,34,15,19,1.0,24,7,5.0,3,13,5,7,4,19,17,9,7,7,2,2,1.0,15,4,6.0,1.0,4,4.0,10.0,18,30,6.0,8,8,10,2.0,10,8,1.0,2.0,0.0,3.0,2.0,3.0,2.0,0.0,2.0,4.0,11.0,10.0,1.0,12,12.0,21,3.0,15,20,26,12,1.0,5.0,2.0,1.0,2.0,4.0,3.0,5.0,11,7,3,1.0,9,5,6,4,6.0,6.0,3.0,3.0,9,0.0,0.0,5.0,4.0,1.0,4.0,5.0,0.0,0.0,0.0,0.0,1.0,2.0,1.0,1.0,0.0,0.0,2.0,1.0,1.0,2.0,0.0,1.0,1.0,1.0,5.0,2.0,1.0,7.0,0.0,1.0,2.0,0.0,0.0,1.0,3.0,1.0,0.0,1.0,2.0,1.0,2.0,0.0,1.0,1.0,1.0,0.0,0.0
archaea_halobacterium_chunk_80,archaea_halobacterium.fasta,80,archaea,1.0,3,5.0,8,3.0,4,3.0,2.0,1.0,2.0,5,6.0,1.0,4,8,15,6,15,10,18,10,1.0,7.0,6.0,4.0,9.0,6.0,4.0,10,9,12,3,3.0,15,1.0,9.0,2.0,9.0,4.0,3.0,1.0,0.0,3.0,4,11,2.0,3.0,3.0,4,6.0,4,2.0,3.0,11,17,9.0,3.0,14,10.0,7,1.0,6,4.0,1.0,11,9,4.0,2.0,5.0,17,4.0,20,16,25,16,0.0,13,4,3.0,11,30,24,8,6,19,24,10,16,44,22,26,5,34,16,12,1.0,0.0,9.0,12,16,5.0,7,10,5,6,9.0,2.0,12,9,0.0,5,15,27,6,13.0,16,14.0,7.0,0.0,11,11,2.0,12,12,4.0,13,9,30,2,14,22,36,20,0.0,15,13,9.0,3,5,14,6,11,20,45,14,4,19,9,8,4.0,20,21,7.0,1.0,3,7.0,10.0,16,40,4.0,13,11,19,8.0,16,7,1.0,1.0,3.0,2.0,1.0,0.0,0.0,1.0,2.0,2.0,12.0,7.0,4.0,6,6.0,15,8.0,24,11,29,21,0.0,3.0,4.0,1.0,5.0,9.0,6.0,3.0,6,11,9,5.0,12,8,9,7,10.0,3.0,3.0,3.0,18,1.0,5.0,9.0,1.0,1.0,1.0,2.0,1.0,3.0,0.0,0.0,0.0,4.0,0.0,1.0,1.0,0.0,1.0,2.0,2.0,1.0,0.0,0.0,2.0,0.0,6.0,1.0,1.0,3.0,1.0,2.0,0.0,2.0,4.0,2.0,1.0,1.0,0.0,1.0,2.0,0.0,1.0,1.0,1.0,0.0,0.0,0.0,0.0
archaea_halobacterium_chunk_81,archaea_halobacterium.fasta,81,archaea,0.0,4,4.0,7,2.0,4,0.0,4.0,0.0,2.0,6,4.0,1.0,3,6,16,4,10,19,11,16,0.0,6.0,3.0,0.0,0.0,1.0,4.0,6,10,15,6,2.0,5,2.0,7.0,5.0,5.0,5.0,1.0,2.0,1.0,2.0,3,5,4.0,1.0,9.0,4,4.0,3,3.0,1.0,10,23,2.0,2.0,20,5.0,6,2.0,6,8.0,0.0,10,13,7.0,6.0,15.0,17,10.0,13,41,27,21,1.0,12,8,2.0,12,29,13,8,10,44,53,14,8,40,13,21,15,44,19,10,2.0,0.0,4.0,15,26,1.0,7,11,3,6,3.0,3.0,10,4,0.0,5,11,19,4,2.0,9,10.0,1.0,1.0,8,10,2.0,15,10,3.0,16,16,44,6,25,39,25,26,2.0,21,6,4.0,2,5,6,5,8,15,34,9,4,7,5,6,2.0,20,16,8.0,0.0,14,10.0,9.0,19,40,8.0,9,17,11,6.0,11,10,3.0,0.0,3.0,4.0,7.0,4.0,4.0,1.0,5.0,4.0,5.0,6.0,5.0,5,11.0,25,3.0,14,22,19,25,0.0,6.0,5.0,3.0,3.0,5.0,2.0,6.0,13,13,4,4.0,13,2,12,7,3.0,5.0,5.0,7.0,9,2.0,3.0,3.0,5.0,4.0,2.0,4.0,1.0,0.0,0.0,0.0,0.0,3.0,0.0,0.0,0.0,0.0,0.0,3.0,0.0,0.0,0.0,0.0,0.0,1.0,4.0,0.0,0.0,4.0,0.0,2.0,0.0,1.0,1.0,2.0,2.0,6.0,0.0,2.0,0.0,1.0,0.0,0.0,0.0,0.0,0.0,0.0,0.0
archaea_halobacterium_chunk_82,archaea_halobacterium.fasta,82,archaea,0.0,4,7.0,3,1.0,1,1.0,2.0,0.0,0.0,13,2.0,2.0,6,11,29,5,13,25,19,13,2.0,6.0,3.0,0.0,1.0,3.0,1.0,6,6,11,4,2.0,3,3.0,5.0,0.0,3.0,2.0,2.0,0.0,0.0,0.0,5,11,1.0,2.0,6.0,1,4.0,2,1.0,5.0,25,20,1.0,2.0,11,6.0,3,0.0,6,6.0,0.0,23,6,4.0,5.0,14.0,28,3.0,29,53,32,13,2.0,12,2,0.0,9,46,16,8,8,59,64,20,9,51,18,18,8,33,20,10,10.0,0.0,1.0,10,22,3.0,9,9,2,3,1.0,4.0,10,2,0.0,8,17,34,8,2.0,15,4.0,2.0,0.0,9,7,1.0,11,12,4.0,16,19,53,6,18,39,31,31,3.0,17,13,3.0,4,13,3,4,10,21,34,5,6,10,2,9,1.0,14,16,8.0,0.0,7,2.0,3.0,12,38,4.0,8,13,14,7.0,17,3,1.0,0.0,0.0,2.0,13.0,2.0,0.0,2.0,0.0,2.0,4.0,2.0,2.0,6,5.0,17,2.0,19,34,14,14,4.0,3.0,5.0,0.0,3.0,7.0,1.0,5.0,8,10,7,7.0,6,4,7,7,4.0,2.0,6.0,3.0,10,2.0,1.0,2.0,0.0,1.0,0.0,3.0,1.0,1.0,0.0,0.0,0.0,1.0,0.0,0.0,0.0,0.0,5.0,0.0,1.0,1.0,0.0,0.0,2.0,0.0,3.0,0.0,1.0,1.0,0.0,0.0,0.0,0.0,0.0,1.0,0.0,0.0,0.0,0.0,0.0,0.0,0.0,0.0,0.0,1.0,0.0,1.0,0.0
archaea_halobacterium_chunk_83,archaea_halobacterium.fasta,83,archaea,0.0,7,4.0,8,4.0,4,5.0,2.0,1.0,2.0,8,5.0,3.0,2,5,13,5,22,14,12,19,0.0,9.0,8.0,2.0,5.0,1.0,7.0,9,5,23,2,5.0,10,4.0,3.0,3.0,6.0,4.0,2.0,1.0,1.0,3.0,2,14,3.0,5.0,5.0,5,4.0,6,2.0,4.0,7,16,4.0,5.0,14,10.0,2,1.0,7,5.0,1.0,5,8,6.0,4.0,4.0,11,7.0,20,22,20,11,3.0,16,8,3.0,16,41,19,12,14,35,49,12,9,39,12,16,5,19,32,13,4.0,2.0,5.0,9,30,3.0,5,12,3,8,1.0,3.0,13,10,0.0,4,12,38,11,5.0,18,7.0,6.0,1.0,13,13,5.0,14,12,4.0,7,14,38,9,28,42,23,20,3.0,14,7,1.0,4,14,10,5,8,16,37,5,5,9,3,8,7.0,12,17,4.0,3.0,6,5.0,4.0,9,28,3.0,10,15,20,9.0,17,4,2.0,2.0,3.0,2.0,5.0,2.0,3.0,0.0,5.0,1.0,4.0,6.0,2.0,7,3.0,11,9.0,18,32,21,19,0.0,7.0,0.0,3.0,4.0,5.0,5.0,4.0,12,4,6,14.0,8,6,13,7,1.0,5.0,1.0,10.0,18,2.0,1.0,1.0,4.0,4.0,1.0,2.0,2.0,3.0,0.0,0.0,0.0,4.0,0.0,2.0,1.0,0.0,2.0,2.0,3.0,1.0,1.0,0.0,1.0,2.0,5.0,1.0,1.0,0.0,1.0,2.0,1.0,2.0,2.0,2.0,0.0,0.0,0.0,1.0,2.0,0.0,0.0,1.0,0.0,0.0,0.0,0.0,2.0
archaea_halobacterium_chunk_84,archaea_halobacterium.fasta,84,archaea,1.0,4,9.0,9,3.0,2,2.0,6.0,1.0,2.0,7,7.0,2.0,4,9,17,3,15,25,16,10,1.0,7.0,10.0,4.0,15.0,2.0,2.0,8,4,8,4,9.0,6,3.0,7.0,1.0,6.0,8.0,6.0,2.0,0.0,0.0,2,8,1.0,4.0,2.0,5,2.0,3,2.0,4.0,7,14,5.0,4.0,8,7.0,9,1.0,4,9.0,0.0,8,9,4.0,5.0,5.0,10,2.0,20,12,25,23,0.0,14,6,1.0,16,29,28,5,8,31,32,20,11,29,21,19,9,35,23,11,1.0,0.0,2.0,10,25,6.0,13,15,3,5,0.0,3.0,17,15,1.0,8,14,36,8,10.0,13,16.0,4.0,1.0,6,4,1.0,11,10,8.0,5,3,41,5,20,28,23,25,0.0,15,17,4.0,9,12,9,2,6,13,46,6,5,19,18,12,5.0,14,25,4.0,2.0,11,5.0,5.0,17,41,4.0,8,14,24,13.0,13,8,1.0,2.0,2.0,3.0,7.0,3.0,1.0,0.0,2.0,2.0,4.0,2.0,1.0,7,5.0,12,11.0,23,26,16,20,0.0,1.0,4.0,1.0,7.0,10.0,4.0,8.0,7,10,6,7.0,16,12,10,12,3.0,2.0,2.0,6.0,11,1.0,6.0,2.0,1.0,1.0,1.0,3.0,0.0,7.0,0.0,0.0,1.0,1.0,0.0,0.0,2.0,0.0,0.0,1.0,0.0,1.0,0.0,0.0,0.0,0.0,3.0,1.0,0.0,2.0,0.0,1.0,0.0,1.0,2.0,3.0,1.0,1.0,0.0,0.0,1.0,0.0,1.0,0.0,1.0,0.0,1.0,0.0,0.0
archaea_halobacterium_chunk_85,archaea_halobacterium.fasta,85,archaea,4.0,8,8.0,8,8.0,6,6.0,6.0,10.0,4.0,6,6.0,4.0,9,10,15,5,18,14,17,17,2.0,5.0,8.0,10.0,7.0,6.0,4.0,12,8,14,3,10.0,12,6.0,7.0,1.0,6.0,5.0,6.0,1.0,1.0,5.0,8,14,2.0,4.0,6.0,7,2.0,9,10.0,1.0,8,11,2.0,9.0,13,10.0,5,0.0,13,7.0,6.0,7,12,2.0,5.0,9.0,16,4.0,25,14,15,17,1.0,5,11,0.0,18,42,24,7,9,17,36,10,13,18,18,16,7,26,20,7,5.0,1.0,5.0,9,12,7.0,8,12,5,5,2.0,6.0,19,15,4.0,8,17,42,6,7.0,17,17.0,6.0,1.0,4,11,8.0,4,14,10.0,7,7,23,3,20,27,24,15,3.0,9,12,3.0,7,17,10,4,12,5,26,7,8,13,14,11,6.0,15,14,5.0,5.0,9,1.0,8.0,14,28,4.0,11,14,8,7.0,13,5,2.0,1.0,3.0,6.0,5.0,2.0,1.0,2.0,1.0,8.0,5.0,5.0,6.0,6,8.0,17,5.0,28,17,9,11,0.0,7.0,1.0,1.0,9.0,7.0,6.0,3.0,10,10,7,7.0,7,8,6,7,1.0,3.0,6.0,5.0,11,3.0,4.0,2.0,2.0,3.0,0.0,3.0,2.0,11.0,2.0,1.0,2.0,3.0,1.0,1.0,0.0,4.0,0.0,0.0,2.0,1.0,3.0,0.0,2.0,0.0,4.0,1.0,0.0,0.0,0.0,4.0,2.0,3.0,0.0,3.0,1.0,2.0,0.0,3.0,2.0,0.0,0.0,0.0,0.0,0.0,0.0,2.0,1.0
archaea_halobacterium_chunk_86,archaea_halobacterium.fasta,86,archaea,0.0,1,5.0,4,1.0,5,4.0,0.0,2.0,2.0,3,4.0,1.0,6,4,17,5,15,25,21,14,2.0,1.0,5.0,4.0,7.0,1.0,2.0,10,7,16,4,6.0,12,4.0,3.0,1.0,1.0,3.0,3.0,1.0,0.0,2.0,7,12,4.0,2.0,4.0,3,1.0,3,3.0,4.0,8,19,2.0,5.0,11,5.0,5,0.0,11,3.0,3.0,12,7,3.0,6.0,6.0,23,1.0,28,32,29,16,1.0,6,4,2.0,8,37,25,6,13,49,29,17,18,36,26,18,3,32,23,14,5.0,0.0,2.0,6,8,6.0,8,11,7,4,6.0,2.0,4,8,3.0,5,15,45,3,5.0,20,16.0,3.0,1.0,11,6,3.0,7,15,8.0,9,16,55,5,17,35,29,20,1.0,6,21,5.0,5,17,12,9,8,17,39,7,12,12,10,14,3.0,14,17,5.0,1.0,7,2.0,5.0,8,44,2.0,6,16,11,14.0,12,11,3.0,1.0,0.0,4.0,7.0,3.0,1.0,0.0,0.0,0.0,11.0,0.0,3.0,4,10.0,10,2.0,16,16,19,22,1.0,4.0,2.0,3.0,0.0,7.0,6.0,2.0,12,17,5,7.0,11,8,4,12,4.0,5.0,5.0,5.0,9,2.0,1.0,8.0,5.0,4.0,1.0,3.0,1.0,3.0,0.0,1.0,0.0,1.0,0.0,1.0,0.0,0.0,1.0,1.0,1.0,0.0,0.0,0.0,1.0,0.0,2.0,1.0,0.0,3.0,0.0,1.0,0.0,1.0,1.0,4.0,0.0,4.0,0.0,2.0,1.0,0.0,0.0,0.0,0.0,0.0,0.0,0.0,0.0
archaea_halobacterium_chunk_87,archaea_halobacterium.fasta,87,archaea,0.0,7,6.0,4,1.0,8,4.0,3.0,1.0,7.0,7,4.0,4.0,7,7,10,4,31,22,12,11,2.0,1.0,4.0,3.0,11.0,2.0,5.0,7,7,14,4,7.0,8,6.0,6.0,3.0,8.0,5.0,5.0,1.0,1.0,7.0,4,12,2.0,3.0,5.0,5,2.0,5,10.0,3.0,6,17,1.0,5.0,6,5.0,6,0.0,9,2.0,3.0,10,8,2.0,6.0,9.0,17,2.0,23,21,26,11,1.0,10,11,1.0,11,35,34,13,3,35,44,12,24,42,25,17,4,29,10,8,10.0,0.0,3.0,9,14,4.0,8,12,5,7,1.0,2.0,11,8,3.0,6,11,47,6,11.0,17,18.0,12.0,1.0,14,9,5.0,3,9,3.0,5,12,43,6,16,28,52,17,4.0,13,9,5.0,3,24,18,5,6,17,41,13,8,17,1,8,2.0,13,14,6.0,0.0,8,0.0,3.0,13,34,7.0,6,11,10,6.0,14,5,2.0,0.0,6.0,4.0,8.0,2.0,1.0,0.0,0.0,3.0,7.0,1.0,3.0,5,6.0,11,11.0,23,23,18,12,4.0,4.0,5.0,0.0,7.0,0.0,4.0,4.0,7,14,2,11.0,10,2,4,7,4.0,2.0,1.0,7.0,16,2.0,1.0,3.0,1.0,5.0,0.0,2.0,2.0,5.0,0.0,3.0,0.0,3.0,0.0,0.0,0.0,1.0,2.0,1.0,2.0,0.0,0.0,1.0,1.0,0.0,3.0,1.0,0.0,1.0,1.0,0.0,3.0,2.0,0.0,1.0,0.0,0.0,0.0,2.0,1.0,1.0,0.0,1.0,0.0,0.0,0.0,0.0,0.0
archaea_halobacterium_chunk_88,archaea_halobacterium.fasta,88,archaea,1.0,5,5.0,7,3.0,1,1.0,2.0,2.0,0.0,3,5.0,1.0,8,5,16,7,12,8,12,14,0.0,5.0,4.0,1.0,5.0,0.0,7.0,8,3,6,9,2.0,5,1.0,5.0,1.0,5.0,0.0,3.0,0.0,0.0,3.0,15,22,8.0,2.0,8.0,6,7.0,6,0.0,1.0,15,17,1.0,4.0,14,2.0,2,0.0,19,6.0,2.0,10,10,10.0,3.0,8.0,22,7.0,13,24,19,24,0.0,25,7,7.0,15,26,18,14,9,25,23,18,12,20,14,16,5,65,18,11,0.0,0.0,1.0,17,39,6.0,7,12,5,15,8.0,0.0,14,6,3.0,2,16,20,7,6.0,10,9.0,4.0,0.0,25,16,3.0,7,4,9.0,5,9,25,8,8,10,15,24,0.0,15,16,9.0,6,8,8,9,5,6,22,8,7,9,7,5,3.0,15,14,3.0,0.0,4,3.0,9.0,31,56,8.0,10,5,12,8.0,9,8,1.0,0.0,1.0,0.0,2.0,2.0,1.0,1.0,1.0,2.0,14.0,3.0,5.0,16,18.0,17,17.0,40,33,16,37,0.0,15.0,3.0,7.0,1.0,6.0,3.0,1.0,13,6,5,10.0,7,6,9,19,3.0,3.0,10.0,5.0,9,6.0,4.0,5.0,2.0,6.0,1.0,0.0,0.0,2.0,1.0,1.0,0.0,4.0,0.0,0.0,0.0,0.0,3.0,3.0,2.0,2.0,0.0,0.0,2.0,1.0,12.0,1.0,0.0,5.0,0.0,0.0,2.0,1.0,1.0,0.0,0.0,0.0,1.0,1.0,0.0,0.0,0.0,0.0,0.0,0.0,0.0,0.0,1.0
archaea_halobacterium_chunk_89,archaea_halobacterium.fasta,89,archaea,1.0,3,4.0,7,5.0,5,0.0,2.0,1.0,2.0,12,6.0,2.0,5,13,11,5,19,28,15,8,5.0,5.0,3.0,2.0,6.0,1.0,4.0,8,6,12,5,5.0,7,5.0,4.0,0.0,5.0,2.0,4.0,0.0,0.0,4.0,4,12,1.0,2.0,3.0,10,4.0,3,0.0,3.0,11,19,2.0,1.0,12,9.0,2,0.0,7,5.0,1.0,8,8,3.0,6.0,11.0,24,2.0,26,29,28,10,2.0,5,7,2.0,9,48,21,11,9,37,51,9,8,43,22,22,7,25,17,5,8.0,0.0,0.0,3,15,6.0,7,15,2,5,4.0,1.0,15,7,0.0,12,17,35,6,7.0,13,11.0,6.0,1.0,12,11,2.0,11,8,4.0,6,14,48,6,24,26,35,25,1.0,8,17,5.0,6,11,9,5,5,22,43,13,7,16,15,14,6.0,15,27,5.0,2.0,8,5.0,2.0,14,34,1.0,11,8,20,18.0,8,9,3.0,1.0,4.0,2.0,9.0,1.0,0.0,1.0,1.0,0.0,4.0,2.0,3.0,3,5.0,10,3.0,20,23,17,11,0.0,0.0,3.0,1.0,6.0,5.0,6.0,3.0,9,5,4,11.0,17,10,13,6,11.0,6.0,3.0,0.0,10,2.0,2.0,3.0,6.0,2.0,2.0,0.0,1.0,2.0,1.0,0.0,0.0,1.0,0.0,0.0,0.0,1.0,0.0,0.0,3.0,0.0,0.0,0.0,1.0,1.0,4.0,0.0,0.0,4.0,0.0,0.0,1.0,0.0,3.0,5.0,2.0,0.0,2.0,1.0,0.0,0.0,0.0,3.0,0.0,0.0,0.0,1.0,0.0
archaea_halobacterium_chunk_90,archaea_halobacterium.fasta,90,archaea,0.0,5,8.0,7,2.0,4,0.0,2.0,0.0,4.0,13,1.0,7.0,7,9,26,7,19,31,19,12,2.0,8.0,12.0,1.0,6.0,0.0,2.0,3,9,15,3,3.0,7,1.0,2.0,1.0,4.0,0.0,2.0,0.0,0.0,2.0,2,16,4.0,5.0,3.0,6,0.0,12,0.0,8.0,18,28,9.0,2.0,10,4.0,2,0.0,16,6.0,2.0,26,6,3.0,7.0,14.0,20,2.0,28,31,23,19,5.0,17,5,2.0,9,49,26,6,10,52,27,14,10,42,17,11,6,39,16,7,7.0,1.0,7.0,10,28,3.0,6,14,8,11,1.0,4.0,7,5,0.0,11,21,35,14,7.0,14,9.0,3.0,1.0,6,6,5.0,14,10,5.0,15,12,46,14,18,21,16,16,1.0,19,10,3.0,4,18,4,3,18,18,24,10,8,8,7,7,0.0,9,9,4.0,0.0,8,1.0,8.0,11,34,4.0,6,9,8,5.0,11,5,0.0,0.0,1.0,2.0,11.0,1.0,2.0,0.0,0.0,2.0,10.0,1.0,7.0,8,8.0,9,6.0,25,20,22,21,2.0,4.0,4.0,4.0,2.0,8.0,3.0,3.0,9,5,6,8.0,13,5,2,5,3.0,3.0,3.0,8.0,10,3.0,2.0,4.0,0.0,1.0,1.0,3.0,1.0,0.0,0.0,1.0,0.0,4.0,0.0,0.0,0.0,1.0,3.0,1.0,0.0,0.0,0.0,0.0,2.0,0.0,3.0,0.0,0.0,0.0,0.0,1.0,0.0,1.0,0.0,2.0,0.0,0.0,1.0,0.0,0.0,2.0,0.0,1.0,0.0,0.0,0.0,0.0,0.0
archaea_halobacterium_chunk_91,archaea_halobacterium.fasta,91,archaea,0.0,1,6.0,6,4.0,1,1.0,4.0,4.0,2.0,11,6.0,7.0,10,13,14,13,23,20,13,13,3.0,7.0,5.0,3.0,4.0,3.0,5.0,2,11,12,1,11.0,10,9.0,3.0,6.0,4.0,4.0,6.0,1.0,0.0,4.0,6,19,6.0,1.0,2.0,6,1.0,4,3.0,7.0,19,23,3.0,4.0,13,8.0,2,2.0,17,4.0,4.0,25,7,6.0,11.0,12.0,21,5.0,19,24,14,14,3.0,14,11,3.0,12,39,39,6,8,32,37,13,10,37,15,9,2,26,15,10,9.0,0.0,5.0,7,23,3.0,9,14,9,8,1.0,3.0,10,5,3.0,15,21,30,7,9.0,12,24.0,13.0,1.0,8,5,1.0,9,11,4.0,15,20,26,6,26,21,23,18,4.0,12,11,2.0,3,22,12,1,13,17,32,8,10,20,11,6,2.0,9,8,3.0,0.0,10,1.0,8.0,10,22,3.0,12,12,6,2.0,16,1,1.0,0.0,3.0,4.0,10.0,4.0,0.0,0.0,1.0,1.0,8.0,3.0,6.0,6,4.0,10,7.0,27,25,21,8,2.0,6.0,8.0,1.0,3.0,8.0,4.0,2.0,7,7,7,7.0,3,12,4,4,5.0,1.0,1.0,4.0,17,4.0,2.0,0.0,0.0,0.0,1.0,3.0,0.0,2.0,0.0,0.0,0.0,3.0,0.0,0.0,0.0,1.0,4.0,0.0,1.0,2.0,0.0,0.0,6.0,2.0,3.0,1.0,3.0,0.0,2.0,2.0,1.0,1.0,0.0,2.0,0.0,1.0,2.0,0.0,0.0,3.0,0.0,1.0,0.0,0.0,0.0,0.0,0.0
archaea_halobacterium_chunk_92,archaea_halobacterium.fasta,92,archaea,0.0,3,2.0,10,1.0,2,2.0,1.0,0.0,0.0,13,4.0,1.0,2,5,15,2,20,21,24,13,0.0,2.0,7.0,1.0,4.0,0.0,3.0,6,3,14,4,2.0,5,3.0,3.0,6.0,7.0,9.0,3.0,0.0,0.0,2.0,5,13,2.0,4.0,0.0,5,0.0,5,0.0,3.0,9,19,3.0,1.0,10,6.0,13,0.0,8,0.0,1.0,7,6,1.0,6.0,2.0,5,2.0,12,17,29,13,0.0,6,3,0.0,8,29,18,9,9,21,45,22,14,43,30,26,8,30,22,19,4.0,0.0,5.0,4,13,10.0,10,17,5,3,1.0,0.0,10,5,0.0,8,12,43,3,6.0,14,4.0,10.0,0.0,11,9,4.0,8,13,4.0,6,6,38,3,19,36,39,31,2.0,12,28,2.0,3,19,6,4,10,21,55,16,8,29,19,9,1.0,15,33,2.0,1.0,8,4.0,5.0,5,43,4.0,13,12,31,9.0,15,12,4.0,1.0,4.0,1.0,6.0,2.0,1.0,1.0,1.0,0.0,6.0,7.0,3.0,1,2.0,13,2.0,13,23,21,22,2.0,4.0,4.0,2.0,3.0,14.0,10.0,4.0,8,11,1,9.0,25,13,13,5,1.0,7.0,4.0,4.0,10,4.0,5.0,2.0,7.0,3.0,0.0,0.0,0.0,0.0,0.0,0.0,0.0,0.0,0.0,2.0,0.0,0.0,2.0,0.0,3.0,0.0,0.0,0.0,3.0,1.0,5.0,1.0,1.0,0.0,0.0,1.0,0.0,1.0,1.0,1.0,1.0,0.0,0.0,0.0,1.0,0.0,0.0,0.0,0.0,0.0,0.0,0.0,0.0
archaea_halobacterium_chunk_93,archaea_halobacterium.fasta,93,archaea,2.0,4,7.0,5,0.0,5,4.0,1.0,3.0,2.0,4,0.0,6.0,7,11,19,5,17,18,12,13,4.0,3.0,2.0,3.0,2.0,4.0,5.0,7,5,9,7,7.0,6,2.0,7.0,3.0,2.0,3.0,3.0,2.0,0.0,7.0,2,14,3.0,1.0,4.0,6,0.0,5,6.0,0.0,11,22,4.0,2.0,7,4.0,6,0.0,13,4.0,4.0,11,7,5.0,3.0,13.0,21,1.0,15,23,30,14,3.0,11,4,1.0,8,29,22,9,12,28,32,18,9,43,25,23,5,34,20,6,9.0,2.0,3.0,8,22,4.0,14,16,2,5,3.0,4.0,8,4,0.0,4,17,26,4,7.0,14,13.0,4.0,0.0,9,7,4.0,16,9,6.0,11,5,35,9,14,31,34,17,3.0,16,29,7.0,3,12,8,3,10,20,45,19,6,24,10,4,1.0,15,22,7.0,0.0,6,1.0,3.0,12,36,5.0,8,10,20,9.0,13,5,2.0,1.0,4.0,7.0,7.0,1.0,2.0,1.0,0.0,5.0,6.0,3.0,3.0,6,9.0,8,4.0,22,18,24,21,2.0,4.0,1.0,2.0,2.0,8.0,4.0,6.0,7,10,10,4.0,21,7,11,5,2.0,5.0,4.0,5.0,13,0.0,3.0,5.0,1.0,3.0,3.0,2.0,4.0,5.0,1.0,0.0,0.0,0.0,1.0,1.0,1.0,2.0,1.0,2.0,3.0,1.0,0.0,2.0,1.0,1.0,2.0,2.0,1.0,2.0,3.0,1.0,4.0,3.0,0.0,1.0,2.0,2.0,0.0,2.0,3.0,0.0,2.0,0.0,2.0,1.0,0.0,1.0,0.0
archaea_halobacterium_chunk_94,archaea_halobacterium.fasta,94,archaea,6.0,8,5.0,16,5.0,13,9.0,10.0,15.0,10.0,3,7.0,5.0,8,8,13,5,10,8,13,8,2.0,9.0,11.0,4.0,9.0,5.0,1.0,6,11,11,12,14.0,11,11.0,7.0,14.0,8.0,12.0,2.0,4.0,3.0,4.0,9,9,9.0,9.0,6.0,7,3.0,9,9.0,5.0,11,4,7.0,1.0,12,10.0,11,3.0,10,3.0,7.0,6,10,5.0,6.0,4.0,9,9.0,14,11,8,15,8.0,6,13,7.0,13,13,12,8,5,9,8,11,17,7,10,6,7,13,14,6,5.0,4.0,10.0,15,9,9.0,10,14,10,2,4.0,12.0,11,14,11.0,6,11,13,12,11.0,8,16.0,7.0,5.0,5,10,10.0,9,6,5.0,8,8,15,9,10,11,10,5,9.0,12,14,3.0,16,13,15,13,11,7,8,13,16,12,13,13,9.0,8,10,7.0,7.0,10,14.0,9.0,12,8,4.0,11,10,16,10.0,9,6,3.0,6.0,6.0,7.0,6.0,3.0,7.0,8.0,8.0,4.0,9.0,11.0,4.0,6,8.0,11,11.0,12,3,9,12,0.0,8.0,5.0,2.0,15.0,7.0,10.0,8.0,13,9,2,10.0,9,20,8,4,11.0,6.0,5.0,0.0,10,0.0,5.0,6.0,10.0,1.0,0.0,8.0,8.0,5.0,1.0,11.0,5.0,5.0,2.0,3.0,8.0,7.0,1.0,4.0,2.0,3.0,8.0,1.0,1.0,2.0,2.0,3.0,1.0,1.0,2.0,3.0,0.0,4.0,2.0,3.0,4.0,1.0,1.0,6.0,3.0,1.0,4.0,1.0,7.0,9.0,7.0,7.0,4.0
archaea_halobacterium_chunk_95,archaea_halobacterium.fasta,95,archaea,2.0,12,10.0,10,8.0,8,2.0,2.0,2.0,6.0,7,13.0,2.0,7,9,12,2,18,19,11,14,0.0,8.0,3.0,2.0,10.0,3.0,6.0,8,11,19,9,7.0,4,6.0,2.0,2.0,10.0,5.0,8.0,4.0,0.0,5.0,2,7,0.0,2.0,7.0,4,0.0,6,6.0,7.0,8,16,4.0,5.0,25,4.0,15,1.0,5,4.0,0.0,13,17,1.0,9.0,8.0,19,6.0,8,17,27,13,4.0,10,9,4.0,22,21,18,4,12,24,21,6,8,32,24,25,5,33,18,8,3.0,0.0,2.0,7,19,3.0,8,11,4,5,3.0,9.0,28,5,3.0,5,10,29,2,10.0,9,11.0,7.0,0.0,5,8,4.0,11,13,7.0,9,17,25,9,14,7,31,21,0.0,8,12,4.0,12,10,9,3,9,20,26,3,9,16,18,14,3.0,18,22,6.0,0.0,4,8.0,9.0,18,39,3.0,14,7,16,13.0,15,4,4.0,1.0,4.0,2.0,6.0,1.0,5.0,2.0,1.0,5.0,4.0,6.0,2.0,6,8.0,9,10.0,25,20,20,16,0.0,3.0,2.0,2.0,9.0,5.0,7.0,6.0,5,7,6,10.0,6,9,8,8,5.0,3.0,1.0,6.0,16,3.0,3.0,2.0,2.0,4.0,0.0,5.0,6.0,5.0,2.0,1.0,0.0,4.0,0.0,1.0,1.0,0.0,1.0,2.0,2.0,2.0,0.0,1.0,2.0,2.0,1.0,2.0,3.0,3.0,0.0,2.0,0.0,1.0,1.0,4.0,2.0,5.0,0.0,3.0,2.0,0.0,1.0,0.0,1.0,1.0,4.0,0.0,1.0
archaea_halobacterium_chunk_96,archaea_halobacterium.fasta,96,archaea,2.0,7,6.0,8,2.0,10,0.0,0.0,3.0,5.0,10,7.0,3.0,13,8,19,4,15,16,17,16,1.0,4.0,3.0,3.0,8.0,0.0,6.0,6,6,12,3,3.0,8,2.0,2.0,4.0,5.0,1.0,4.0,1.0,3.0,4.0,3,14,4.0,3.0,4.0,9,4.0,11,4.0,6.0,15,19,2.0,1.0,8,7.0,11,3.0,16,8.0,4.0,15,11,9.0,6.0,13.0,19,6.0,14,27,22,17,0.0,7,8,3.0,10,37,11,6,14,32,33,20,9,35,15,16,6,35,19,15,2.0,0.0,2.0,7,28,4.0,10,8,5,8,2.0,2.0,6,5,3.0,9,16,33,5,11.0,7,6.0,3.0,4.0,4,7,9.0,9,7,8.0,14,16,31,4,16,29,18,18,1.0,19,12,7.0,3,11,11,2,6,19,30,10,9,14,9,2,3.0,10,7,5.0,1.0,9,3.0,12.0,11,30,3.0,5,8,8,11.0,20,9,1.0,2.0,3.0,7.0,4.0,1.0,2.0,2.0,0.0,3.0,8.0,2.0,9.0,6,7.0,10,4.0,19,27,18,24,1.0,9.0,4.0,4.0,0.0,7.0,5.0,7.0,8,6,6,6.0,8,8,5,7,5.0,6.0,4.0,6.0,16,9.0,3.0,5.0,2.0,3.0,0.0,4.0,4.0,3.0,1.0,0.0,2.0,2.0,2.0,0.0,1.0,1.0,2.0,4.0,5.0,0.0,0.0,0.0,2.0,1.0,3.0,3.0,1.0,3.0,3.0,4.0,2.0,2.0,2.0,5.0,1.0,2.0,2.0,5.0,2.0,0.0,3.0,5.0,1.0,1.0,2.0,0.0,0.0
archaea_halobacterium_chunk_97,archaea_halobacterium.fasta,97,archaea,2.0,1,6.0,14,1.0,8,5.0,6.0,4.0,5.0,3,4.0,4.0,7,4,8,7,33,18,16,10,3.0,5.0,6.0,4.0,9.0,5.0,3.0,11,10,18,6,18.0,5,9.0,11.0,2.0,4.0,4.0,3.0,2.0,2.0,4.0,8,13,1.0,4.0,9.0,5,1.0,7,5.0,5.0,6,21,3.0,5.0,14,11.0,4,0.0,15,5.0,5.0,12,15,2.0,3.0,3.0,16,2.0,16,23,19,9,0.0,10,4,1.0,15,33,36,10,12,32,32,6,10,43,20,9,1,24,16,10,4.0,1.0,3.0,6,18,4.0,1,7,6,5,3.0,9.0,10,13,2.0,9,13,36,9,8.0,22,25.0,2.0,3.0,7,11,7.0,15,14,8.0,14,12,32,3,25,28,28,15,2.0,10,7,3.0,10,18,14,5,15,17,37,6,14,19,6,7,2.0,18,16,2.0,1.0,1,2.0,7.0,13,26,4.0,7,8,18,9.0,13,6,3.0,1.0,1.0,1.0,6.0,2.0,1.0,2.0,1.0,2.0,5.0,1.0,8.0,10,5.0,12,3.0,20,13,19,17,1.0,2.0,1.0,5.0,5.0,7.0,2.0,6.0,2,8,4,5.0,8,11,11,4,6.0,7.0,2.0,3.0,12,4.0,2.0,2.0,5.0,3.0,2.0,4.0,7.0,7.0,1.0,3.0,0.0,1.0,1.0,1.0,1.0,3.0,0.0,2.0,1.0,0.0,1.0,1.0,0.0,0.0,3.0,3.0,0.0,1.0,2.0,0.0,0.0,0.0,1.0,0.0,0.0,0.0,0.0,4.0,2.0,0.0,0.0,0.0,0.0,1.0,0.0,1.0,0.0
archaea_halobacterium_chunk_98,archaea_halobacterium.fasta,98,archaea,2.0,5,2.0,8,8.0,6,5.0,3.0,1.0,4.0,5,8.0,5.0,9,7,24,9,16,29,6,15,5.0,5.0,6.0,3.0,5.0,1.0,3.0,9,5,19,3,6.0,8,6.0,9.0,2.0,5.0,4.0,3.0,1.0,0.0,8.0,3,13,2.0,4.0,5.0,9,0.0,10,2.0,4.0,23,13,2.0,1.0,15,7.0,3,0.0,16,6.0,5.0,13,11,4.0,4.0,7.0,17,2.0,43,30,7,7,2.0,12,10,1.0,14,41,32,10,8,48,36,9,9,21,17,14,4,23,21,6,8.0,0.0,1.0,5,18,8.0,8,10,5,6,3.0,0.0,13,15,2.0,10,21,37,7,8.0,15,17.0,8.0,0.0,8,8,4.0,16,5,7.0,15,12,44,7,15,28,32,17,2.0,9,10,2.0,4,17,10,3,12,17,34,5,11,24,8,4,0.0,12,21,3.0,0.0,7,0.0,4.0,7,29,3.0,11,7,25,7.0,9,6,0.0,0.0,3.0,3.0,8.0,3.0,0.0,0.0,0.0,1.0,8.0,2.0,7.0,5,4.0,2,7.0,23,14,16,15,1.0,3.0,5.0,3.0,9.0,12.0,5.0,3.0,8,3,6,8.0,15,16,8,3,4.0,4.0,5.0,3.0,8,2.0,6.0,0.0,3.0,1.0,1.0,0.0,0.0,3.0,1.0,3.0,0.0,4.0,0.0,1.0,2.0,0.0,5.0,1.0,2.0,1.0,1.0,0.0,1.0,2.0,2.0,1.0,1.0,2.0,0.0,2.0,0.0,2.0,0.0,3.0,0.0,0.0,0.0,2.0,1.0,1.0,0.0,1.0,0.0,1.0,0.0,0.0,0.0
archaea_halobacterium_chunk_99,archaea_halobacterium.fasta,99,archaea,2.0,10,7.0,4,2.0,3,1.0,1.0,2.0,4.0,12,7.0,4.0,14,5,24,4,23,15,18,9,0.0,6.0,9.0,4.0,6.0,8.0,3.0,6,8,11,4,7.0,3,4.0,7.0,3.0,5.0,5.0,5.0,4.0,3.0,4.0,7,8,6.0,5.0,7.0,2,6.0,5,1.0,6.0,18,21,6.0,5.0,14,6.0,7,4.0,8,5.0,1.0,21,11,6.0,11.0,11.0,13,2.0,23,29,13,15,1.0,7,8,1.0,12,47,20,9,13,25,44,12,11,24,21,14,8,26,17,7,3.0,0.0,1.0,7,18,1.0,13,8,10,12,1.0,5.0,13,5,1.0,10,14,33,6,13.0,8,13.0,8.0,4.0,12,11,5.0,8,11,4.0,6,13,27,9,19,29,25,21,2.0,7,6,9.0,4,6,10,12,4,12,20,5,9,10,7,10,1.0,20,8,5.0,0.0,11,4.0,7.0,12,30,10.0,8,14,4,11.0,16,4,2.0,0.0,1.0,8.0,7.0,4.0,4.0,1.0,2.0,0.0,10.0,4.0,3.0,8,8.0,16,2.0,23,21,14,13,0.0,7.0,9.0,4.0,4.0,4.0,4.0,5.0,10,19,3,5.0,3,4,3,8,7.0,6.0,5.0,8.0,15,3.0,3.0,3.0,1.0,2.0,1.0,5.0,1.0,2.0,2.0,0.0,1.0,3.0,0.0,2.0,2.0,2.0,1.0,2.0,5.0,1.0,0.0,0.0,3.0,3.0,5.0,2.0,2.0,2.0,1.0,1.0,1.0,2.0,1.0,8.0,2.0,3.0,3.0,2.0,0.0,0.0,1.0,4.0,1.0,0.0,2.0,0.0,1.0
archaea_halobacterium_chunk_100,archaea_halobacterium.fasta,100,archaea,2.0,4,10.0,4,2.0,3,4.0,0.0,2.0,0.0,7,4.0,1.0,5,11,24,4,12,16,7,8,0.0,7.0,5.0,1.0,0.0,3.0,4.0,7,10,19,3,4.0,4,2.0,9.0,1.0,3.0,1.0,1.0,1.0,0.0,4.0,6,6,1.0,3.0,6.0,5,3.0,7,2.0,5.0,24,19,5.0,3.0,26,7.0,2,0.0,8,4.0,3.0,26,18,5.0,9.0,19.0,28,9.0,9,57,17,20,0.0,24,4,4.0,12,29,11,10,10,65,59,12,7,34,15,20,8,36,16,8,0.0,0.0,4.0,15,36,2.0,9,9,1,9,1.0,2.0,11,7,0.0,2,8,18,5,2.0,8,6.0,1.0,2.0,7,13,3.0,10,12,6.0,20,26,41,16,16,41,37,21,0.0,18,11,3.0,3,2,2,6,8,22,24,9,1,17,4,3,3.0,22,11,5.0,0.0,6,8.0,7.0,16,39,5.0,3,14,8,7.0,9,5,2.0,1.0,1.0,2.0,2.0,2.0,2.0,2.0,3.0,3.0,10.0,4.0,1.0,18,9.0,10,3.0,25,32,16,19,0.0,7.0,1.0,3.0,4.0,2.0,1.0,6.0,6,13,8,1.0,8,4,9,6,4.0,2.0,3.0,3.0,11,4.0,1.0,4.0,0.0,3.0,1.0,1.0,0.0,2.0,0.0,0.0,0.0,2.0,1.0,0.0,0.0,0.0,1.0,2.0,0.0,0.0,0.0,0.0,0.0,0.0,2.0,0.0,0.0,3.0,0.0,0.0,1.0,0.0,1.0,2.0,2.0,1.0,0.0,0.0,1.0,0.0,0.0,0.0,0.0,0.0,0.0,0.0,0.0
