unique_id,file_name,sample_id,class,AAAA,AAAC,AAAG,AAAT,AACA,AACC,AACG,AACT,AAGA,AAGC,AAGG,AAGT,AATA,AATC,AATG,AATT,ACAA,ACAC,ACAG,ACAT,ACCA,ACCG,ACCT,ACGA,ACGG,ACGT,ACTA,ACTC,ACTG,ACTT,AGAA,AGAC,AGAG,AGAT,AGCA,AGCC,AGCG,AGCT,AGGA,AGGC,AGGG,AGGT,AGTA,AGTC,AGTG,AGTT,ATAA,ATAC,ATAG,ATAT,ATCA,ATCC,ATCG,ATCT,ATGA,ATGC,ATGG,ATGT,ATTA,ATTC,ATTG,ATTT,CAAA,CAAC,CAAG,CAAT,CACA,CACC,CACG,CACT,CAGA,CAGC,CAGG,CAGT,CATA,CATC,CATG,CATT,CCAA,CCAC,CCAG,CCAT,CCCA,CCCC,CCCT,CCGA,CCGC,CCGG,CCGT,CCTA,CCTC,CCTG,CCTT,CGAA,CGAG,CGAT,CGCC,CGCG,CGCT,CGGA,CGGC,CGGG,CGGT,CGTA,CGTG,CGTT,CTAA,CTAC,CTAG,CTAT,CTCA,CTCC,CTCT,CTGA,CTGC,CTGG,CTGT,CTTA,CTTC,CTTG,CTTT,GAAA,GAAC,GAAG,GAAT,GACA,GACC,GACG,GACT,GAGA,GAGC,GAGG,GAGT,GATA,GATC,GATG,GATT,GCAA,GCAC,GCAG,GCAT,GCCA,GCCC,GCCG,GCCT,GCGA,GCGC,GCGG,GCGT,GCTA,GCTC,GCTG,GCTT,GGAA,GGAC,GGAG,GGAT,GGCA,GGCC,GGCG,GGCT,GGGA,GGGC,GGGG,GGGT,GGTA,GGTC,GGTG,GGTT,GTAA,GTAG,GTAT,GTCA,GTCC,GTCG,GTCT,GTGA,GTGG,GTGT,GTTA,GTTC,GTTG,GTTT,TAAA,TAAC,TAAG,TAAT,TACA,TACC,TACG,TACT,TAGA,TAGC,TAGG,TAGT,TATA,TATC,TATG,TATT,TCAA,TCAC,TCAG,TCAT,TCCA,TCCC,TCCG,TCCT,TCGA,TCGC,TCGG,TCGT,TCTA,TCTC,TCTG,TCTT,TGAA,TGAC,TGAG,TGAT,TGCA,TGCC,TGCG,TGCT,TGGA,TGGC,TGGG,TGGT,TGTA,TGTC,TGTG,TGTT,TTAA,TTAC,TTAG,TTAT,TTCA,TTCC,TTCG,TTCT,TTGA,TTGC,TTGG,TTGT,TTTA,TTTC,TTTG,TTTT,ACCC,ACGC,CGAC,CGCA,CGTC,CTCG,GTAC,GTGC,CCCG
archaea_pyrococcus_chunk_1,archaea_pyrococcus.fasta,1,archaea,7.0,5,11,10,4,6,4.0,10,9,5,7,5,13,8,3,26,1,2.0,3.0,8,5.0,1.0,8,4.0,4.0,4.0,4,5,4,17,11,3.0,7.0,4,8.0,4,2.0,11,15,4,9.0,8,4,5.0,9,8,12,7,12,15,8,9,2.0,16,4,8.0,7.0,5.0,16,17,8,28,8,4,2,10,3,2.0,1.0,9,4,2.0,8,7.0,8,7.0,8.0,10,7,4.0,5,5,6,8.0,7,1.0,2.0,1.0,2.0,9.0,5,4,17,3,4.0,4.0,1.0,1.0,3.0,3.0,1.0,4.0,1.0,3.0,2.0,5.0,6,6,6,14,7,8.0,12,3,3.0,16,4.0,11,18,7,37,7.0,7,6,14,4.0,1.0,2.0,7.0,7,7,13,6,8,4.0,5.0,9,2,3.0,6.0,10,1,5.0,2.0,5.0,4.0,2.0,2.0,2.0,5.0,7.0,3.0,14,10,4.0,14,10,5,2.0,6.0,7,12,5.0,3.0,12.0,8.0,3.0,9.0,17.0,6,4.0,10,3.0,1.0,1.0,7.0,10.0,8.0,4.0,9,3,12,18,11,8,7,16,3,5,5.0,4,5,11,8,8,17,16,9,24,14,6.0,7,10,9,8,3.0,15,2.0,1.0,2.0,2.0,14,10,15.0,25,10,7.0,8,8,8,6.0,1.0,8,8,10.0,16,15,5,4.0,2.0,12,18,4,10,27,19,17,4.0,29,16,12,18,10,23,31,29,41,0.0,0.0,0.0,0.0,0.0,0.0,0.0,0.0,0.0
archaea_pyrococcus_chunk_2,archaea_pyrococcus.fasta,2,archaea,46.0,19,18,23,14,10,5.0,18,19,8,9,11,24,14,2,15,10,6.0,7.0,3,7.0,5.0,8,7.0,2.0,3.0,5,10,10,17,23,1.0,8.0,8,8.0,7,3.0,9,10,5,3.0,5,7,10.0,6,17,18,9,8,13,11,10,4.0,15,8,2.0,2.0,4.0,14,9,4,23,23,13,7,9,1,6.0,2.0,8,6,6.0,3,13.0,7,12.0,3.0,7,7,5.0,3,11,5,4.0,10,3.0,2.0,1.0,2.0,3.0,16,1,17,6,8.0,3.0,3.0,0.0,0.0,1.0,4.0,3.0,0.0,3.0,0.0,4.0,2,5,6,7,17,9.0,15,9,3.0,6,6.0,12,13,9,22,22.0,4,13,12,1.0,2.0,3.0,4.0,8,5,6,10,11,2.0,5.0,7,6,1.0,9.0,6,3,4.0,0.0,5.0,2.0,0.0,2.0,1.0,3.0,6.0,4.0,4,9,2.0,5,7,6,2.0,1.0,3,7,1.0,5.0,4.0,3.0,0.0,4.0,7.0,6,5.0,3,9.0,4.0,2.0,4.0,2.0,5.0,3.0,10,7,4,15,15,11,9,11,10,3,3.0,13,7,8,5,6,6,12,6,21,29,5.0,9,9,11,10,3.0,14,7.0,4.0,3.0,2.0,9,16,9.0,18,13,5.0,8,7,4,0.0,1.0,5,5,2.0,6,5,4,8.0,3.0,8,20,12,7,22,15,15,3.0,18,14,1,5,10,25,22,13,37,1.0,1.0,2.0,4.0,1.0,7.0,3.0,4.0,0.0
archaea_pyrococcus_chunk_3,archaea_pyrococcus.fasta,3,archaea,38.0,7,28,16,5,9,4.0,7,32,14,20,9,18,8,7,19,6,2.0,3.0,11,4.0,1.0,6,1.0,2.0,4.0,8,5,3,6,29,3.0,14.0,16,11.0,7,3.0,13,21,14,11.0,10,5,2.0,8,11,20,6,11,22,3,7,1.0,8,16,9.0,9.0,7.0,9,15,12,16,12,8,6,9,2,2.0,3.0,8,7,3.0,7,5.0,5,4.0,10.0,11,2,5.0,9,7,4,1.0,5,3.0,3.0,0.0,1.0,3.0,8,6,9,7,1.0,3.0,1.0,0.0,3.0,4.0,0.0,2.0,1.0,1.0,1.0,4.0,6,3,5,12,12,6.0,12,2,2.0,8,5.0,12,9,11,12,24.0,6,30,11,7.0,1.0,0.0,4.0,11,13,18,7,19,1.0,9.0,7,10,3.0,8.0,7,6,3.0,2.0,8.0,3.0,1.0,3.0,0.0,8.0,5.0,5.0,14,23,4.0,23,10,8,4.0,3.0,10,17,4.0,9.0,5.0,6.0,2.0,4.0,8.0,6,5.0,4,1.0,1.0,1.0,4.0,2.0,11.0,2.0,9,7,19,6,15,4,11,16,8,2,1.0,3,12,4,11,5,17,6,15,15,17,5.0,2,5,9,4,3.0,7,5.0,1.0,2.0,1.0,7,13,3.0,14,12,4.0,11,7,7,7.0,1.0,6,18,7.0,13,5,4,3.0,3.0,18,14,4,11,15,13,9,6.0,13,14,9,15,14,14,10,10,9,3.0,1.0,1.0,2.0,0.0,1.0,1.0,1.0,1.0
archaea_pyrococcus_chunk_4,archaea_pyrococcus.fasta,4,archaea,21.0,9,22,17,3,9,3.0,8,27,9,19,15,17,4,19,15,8,6.0,2.0,10,2.0,2.0,9,5.0,3.0,2.0,4,5,4,6,25,10.0,17.0,15,8.0,7,5.0,14,23,6,8.0,12,5,2.0,7,23,18,5,14,10,4,8,2.0,4,21,11.0,16.0,7.0,7,9,10,14,9,4,9,11,7,2.0,3.0,7,7,6.0,5,3.0,7,3.0,9.0,11,6,5.0,12,4,8,5.0,6,1.0,0.0,1.0,2.0,2.0,6,3,16,2,8.0,6.0,0.0,2.0,2.0,2.0,1.0,4.0,1.0,1.0,3.0,4.0,3,5,3,4,8,6.0,5,6,2.0,12,3.0,9,9,17,9,28.0,2,27,15,11.0,2.0,3.0,3.0,22,12,18,10,16,7.0,20.0,11,11,3.0,4.0,6,5,3.0,2.0,7.0,6.0,1.0,2.0,2.0,6.0,4.0,11.0,13,21,5.0,21,14,6,7.0,2.0,10,8,6.0,5.0,6.0,8.0,4.0,9.0,4.0,9,4.0,4,4.0,0.0,1.0,3.0,9.0,12.0,4.0,6,8,16,7,11,8,12,12,5,7,2.0,1,12,7,7,9,7,4,7,3,8,5.0,3,10,12,4,0.0,5,4.0,2.0,2.0,2.0,3,7,5.0,9,24,4.0,16,19,10,3.0,2.0,8,28,12.0,8,6,6,2.0,8.0,6,13,2,14,3,10,7,4.0,12,27,8,14,8,10,7,14,6,7.0,1.0,0.0,0.0,0.0,3.0,3.0,2.0,0.0
archaea_pyrococcus_chunk_5,archaea_pyrococcus.fasta,5,archaea,21.0,12,34,6,12,7,10.0,6,29,12,19,13,22,4,4,12,13,15.0,6.0,12,9.0,3.0,7,6.0,5.0,6.0,5,7,9,12,18,8.0,15.0,14,9.0,12,3.0,13,22,10,5.0,9,9,2.0,5,16,24,11,11,15,3,6,2.0,7,8,7.0,2.0,5.0,15,11,13,16,16,8,11,12,12,7.0,1.0,9,4,9.0,7,8.0,10,7.0,2.0,22,14,5.0,8,7,11,3.0,3,1.0,2.0,1.0,1.0,11.0,4,3,10,3,6.0,5.0,1.0,0.0,4.0,5.0,2.0,2.0,1.0,1.0,2.0,6.0,8,10,7,5,3,0.0,6,8,7.0,5,3.0,11,11,6,12,16.0,6,19,8,11.0,4.0,2.0,5.0,12,10,10,5,13,2.0,10.0,11,15,4.0,8.0,12,6,4.0,1.0,11.0,3.0,0.0,1.0,1.0,8.0,3.0,6.0,8,20,4.0,11,6,11,5.0,2.0,5,1,4.0,1.0,6.0,7.0,2.0,4.0,6.0,7,4.0,5,5.0,3.0,2.0,3.0,4.0,5.0,3.0,10,6,10,7,20,9,9,16,11,7,7.0,13,10,6,10,6,16,5,6,10,5,5.0,6,10,8,3,1.0,7,6.0,3.0,3.0,3.0,6,3,5.0,10,8,8.0,5,11,16,4.0,0.0,3,13,7.0,4,3,6,7.0,1.0,5,15,10,10,13,15,10,3.0,8,12,9,15,8,12,8,15,19,7.0,3.0,2.0,3.0,2.0,8.0,7.0,0.0,0.0
archaea_pyrococcus_chunk_6,archaea_pyrococcus.fasta,6,archaea,7.0,8,4,8,3,12,7.0,17,7,6,6,11,6,11,6,10,3,2.0,0.0,9,5.0,3.0,13,4.0,1.0,5.0,10,9,6,7,7,2.0,7.0,3,3.0,11,1.0,15,4,5,5.0,2,4,3.0,6,12,8,4,4,9,12,16,4.0,19,5,4.0,4.0,5.0,12,13,13,6,11,18,4,8,1,4.0,4.0,4,6,7.0,7,4.0,7,14.0,0.0,4,14,4.0,13,5,10,7.0,20,1.0,5.0,4.0,4.0,9.0,37,8,28,2,0.0,4.0,6.0,1.0,4.0,2.0,2.0,1.0,1.0,7.0,2.0,7.0,12,6,3,24,13,20.0,35,7,10.0,11,4.0,19,28,15,26,0.0,4,12,10,2.0,5.0,1.0,5.0,2,7,1,3,5,6.0,3.0,4,7,0.0,3.0,1,4,10.0,2.0,19.0,1.0,1.0,1.0,2.0,8.0,8.0,5.0,19,8,3.0,3,7,1,8.0,1.0,8,4,2.0,2.0,7.0,4.0,1.0,3.0,5.0,5,6.0,8,5.0,3.0,2.0,7.0,2.0,2.0,8.0,6,10,6,10,9,9,10,7,8,8,1.0,6,4,10,2,7,7,20,9,26,17,7.0,8,10,17,16,5.0,30,2.0,3.0,0.0,9.0,18,18,13.0,34,9,6.0,3,4,6,10.0,2.0,13,11,9.0,7,3,7,9.0,4.0,8,10,10,10,21,11,29,4.0,22,8,14,13,11,15,15,12,13,8.0,3.0,2.0,1.0,4.0,4.0,3.0,3.0,4.0
archaea_pyrococcus_chunk_7,archaea_pyrococcus.fasta,7,archaea,20.0,16,23,13,10,6,7.0,15,35,11,19,14,14,4,7,10,16,3.0,7.0,9,9.0,3.0,3,7.0,3.0,5.0,11,3,7,15,29,12.0,30.0,20,8.0,7,4.0,13,19,6,17.0,10,9,3.0,11,17,14,12,10,12,1,3,4.0,5,18,11.0,8.0,8.0,6,13,9,10,15,7,13,8,5,6.0,1.0,5,14,6.0,9,6.0,8,1.0,4.0,10,9,6.0,14,1,4,7.0,6,1.0,1.0,0.0,3.0,5.0,3,2,5,4,4.0,6.0,1.0,0.0,0.0,3.0,1.0,0.0,2.0,1.0,2.0,3.0,9,4,12,7,10,5.0,6,3,6.0,8,0.0,15,7,6,6,20.0,9,29,8,9.0,3.0,6.0,9.0,27,10,15,9,15,6.0,17.0,11,7,5.0,9.0,4,8,2.0,1.0,3.0,5.0,0.0,1.0,0.0,7.0,11.0,7.0,6,19,5.0,16,13,9,1.0,2.0,3,18,4.0,15.0,7.0,6.0,2.0,4.0,9.0,9,8.0,3,5.0,0.0,1.0,5.0,8.0,7.0,6.0,8,5,12,10,17,6,14,6,11,4,2.0,7,16,5,9,11,11,2,17,7,11,3.0,5,9,9,5,0.0,3,5.0,1.0,1.0,0.0,9,6,1.0,8,14,6.0,11,10,6,5.0,0.0,15,13,4.0,12,2,4,4.0,6.0,6,11,8,11,15,12,9,0.0,8,12,7,8,6,16,4,6,8,4.0,1.0,4.0,2.0,2.0,2.0,0.0,2.0,1.0
archaea_pyrococcus_chunk_8,archaea_pyrococcus.fasta,8,archaea,38.0,7,26,27,9,4,4.0,8,19,13,11,19,24,8,14,26,9,2.0,3.0,8,2.0,3.0,3,6.0,2.0,8.0,4,6,5,10,21,5.0,18.0,9,6.0,4,3.0,16,18,5,15.0,9,9,3.0,3,19,15,11,9,13,2,5,2.0,12,10,7.0,12.0,8.0,18,11,15,19,12,6,4,11,6,3.0,0.0,4,4,5.0,5,2.0,5,5.0,1.0,6,8,3.0,7,1,4,0.0,3,3.0,0.0,3.0,3.0,2.0,3,3,8,7,4.0,1.0,0.0,0.0,1.0,2.0,1.0,2.0,4.0,3.0,4.0,4.0,7,4,4,6,5,5.0,11,4,2.0,7,4.0,11,8,14,14,28.0,7,18,18,3.0,1.0,6.0,5.0,19,6,20,8,11,2.0,9.0,13,9,2.0,2.0,4,1,2.0,2.0,3.0,2.0,1.0,1.0,1.0,8.0,5.0,5.0,9,28,5.0,19,16,3,2.0,2.0,2,24,0.0,15.0,7.0,6.0,3.0,7.0,8.0,7,8.0,8,2.0,1.0,3.0,4.0,8.0,8.0,2.0,16,2,9,11,20,5,14,16,4,4,7.0,8,11,5,11,5,8,6,14,18,7,6.0,4,4,12,4,1.0,7,2.0,0.0,3.0,1.0,7,8,4.0,20,15,4.0,12,9,7,2.0,0.0,8,24,3.0,14,4,6,2.0,6.0,7,26,7,11,19,12,13,0.0,12,18,6,18,7,18,16,10,23,4.0,1.0,1.0,1.0,2.0,1.0,1.0,2.0,3.0
archaea_pyrococcus_chunk_9,archaea_pyrococcus.fasta,9,archaea,16.0,11,9,8,3,14,6.0,18,17,9,16,6,15,11,5,6,7,3.0,5.0,7,4.0,3.0,9,4.0,2.0,8.0,5,11,6,14,15,2.0,17.0,11,11.0,5,3.0,15,14,9,8.0,11,4,5.0,7,9,20,5,14,5,8,8,6.0,12,7,1.0,7.0,5.0,7,10,11,9,8,8,10,8,3,1.0,3.0,7,3,4.0,4,6.0,9,11.0,4.0,11,5,5.0,3,9,5,9.0,12,4.0,1.0,5.0,2.0,6.0,16,6,14,4,10.0,4.0,3.0,4.0,2.0,3.0,2.0,2.0,3.0,2.0,4.0,7.0,9,5,5,7,12,11.0,15,8,3.0,9,4.0,10,20,13,16,13.0,8,16,6,5.0,2.0,3.0,5.0,18,13,14,6,15,3.0,5.0,13,7,1.0,4.0,9,2,8.0,2.0,6.0,5.0,2.0,1.0,3.0,5.0,6.0,3.0,16,13,5.0,9,12,5,6.0,4.0,8,11,5.0,7.0,5.0,5.0,3.0,9.0,13.0,6,4.0,3,4.0,6.0,2.0,5.0,8.0,9.0,9.0,11,8,6,12,7,14,14,15,11,6,4.0,6,7,8,8,7,4,9,6,7,15,5.0,5,10,11,7,2.0,15,10.0,6.0,2.0,5.0,10,14,9.0,15,11,3.0,15,9,3,4.0,0.0,5,11,7.0,11,11,7,4.0,9.0,8,15,12,7,11,11,10,6.0,16,15,5,15,10,17,5,15,16,7.0,2.0,5.0,2.0,5.0,9.0,5.0,3.0,5.0
archaea_pyrococcus_chunk_10,archaea_pyrococcus.fasta,10,archaea,30.0,12,20,19,12,9,8.0,19,23,9,15,14,18,14,10,19,10,4.0,4.0,8,10.0,0.0,7,5.0,4.0,2.0,12,13,7,7,23,5.0,12.0,14,10.0,10,3.0,14,14,6,8.0,6,5,6.0,4,6,20,10,13,13,11,12,3.0,11,7,3.0,7.0,6.0,17,12,8,17,29,11,13,18,3,4.0,2.0,11,7,5.0,6,3.0,13,11.0,4.0,13,33,12.0,8,13,20,10.0,6,1.0,1.0,0.0,2.0,8.0,8,9,8,4,3.0,3.0,7.0,0.0,2.0,3.0,3.0,0.0,0.0,1.0,2.0,3.0,16,6,7,8,12,11.0,9,4,8.0,7,6.0,7,17,2,13,10.0,9,13,14,3.0,4.0,1.0,2.0,13,14,6,2,16,1.0,6.0,7,12,2.0,3.0,8,14,9.0,1.0,6.0,2.0,1.0,1.0,1.0,5.0,8.0,3.0,10,12,1.0,12,11,4,7.0,0.0,6,9,4.0,4.0,2.0,2.0,2.0,2.0,3.0,8,2.0,2,4.0,5.0,0.0,3.0,3.0,4.0,1.0,7,3,4,3,12,16,15,10,8,8,4.0,7,11,9,7,2,9,11,3,15,16,2.0,6,12,22,10,2.0,14,3.0,5.0,1.0,1.0,12,7,6.0,14,7,3.0,8,2,9,6.0,2.0,4,10,4.0,7,1,5,4.0,1.0,5,9,10,7,15,9,20,3.0,16,6,9,4,2,10,16,7,21,8.0,4.0,1.0,2.0,0.0,4.0,1.0,1.0,1.0
archaea_pyrococcus_chunk_11,archaea_pyrococcus.fasta,11,archaea,0.0,8,6,2,7,20,8.0,17,6,10,3,10,4,4,4,6,3,3.0,5.0,7,10.0,6.0,15,1.0,1.0,9.0,5,16,8,16,10,0.0,0.0,6,5.0,11,2.0,17,6,8,4.0,2,7,7.0,7,3,3,4,3,12,7,8,1.0,19,3,7.0,5.0,5.0,12,6,11,7,9,18,11,4,3,9.0,3.0,9,3,15.0,7,8.0,8,10.0,5.0,8,17,10.0,17,9,17,4.0,18,2.0,1.0,3.0,8.0,5.0,18,8,39,6,0.0,1.0,2.0,1.0,5.0,4.0,0.0,1.0,0.0,8.0,5.0,7.0,7,5,3,12,19,30.0,20,5,8.0,13,9.0,18,30,15,28,3.0,13,8,8,3.0,3.0,2.0,3.0,3,3,7,1,3,5.0,3.0,8,6,0.0,3.0,5,5,14.0,2.0,10.0,1.0,1.0,1.0,3.0,6.0,16.0,5.0,9,5,7.0,7,8,3,7.0,2.0,4,9,4.0,3.0,5.0,5.0,6.0,2.0,1.0,6,8.0,3,8.0,9.0,5.0,8.0,3.0,8.0,4.0,3,10,6,1,4,13,4,4,5,9,1.0,16,4,7,3,5,7,16,8,14,16,11.0,8,10,21,13,4.0,26,4.0,3.0,0.0,9.0,11,25,14.0,27,11,3.0,8,4,6,11.0,1.0,10,8,4.0,13,7,7,8.0,6.0,9,9,12,5,18,11,17,4.0,30,15,8,6,12,11,16,9,11,10.0,3.0,1.0,0.0,9.0,6.0,10.0,5.0,2.0
archaea_pyrococcus_chunk_12,archaea_pyrococcus.fasta,12,archaea,23.0,11,15,17,10,7,3.0,21,15,12,14,6,19,12,7,22,5,3.0,4.0,10,6.0,1.0,6,4.0,2.0,6.0,7,11,6,17,13,5.0,13.0,6,6.0,7,1.0,12,15,5,5.0,6,7,8.0,5,5,26,6,9,12,12,14,0.0,16,4,3.0,3.0,6.0,18,9,12,24,16,10,12,12,7,5.0,2.0,7,5,3.0,1,8.0,12,14.0,6.0,16,15,11.0,7,10,14,9.0,7,3.0,0.0,0.0,2.0,6.0,7,4,21,3,0.0,5.0,1.0,0.0,0.0,3.0,1.0,0.0,1.0,4.0,0.0,5.0,6,4,4,8,12,17.0,17,5,6.0,6,9.0,9,24,9,23,7.0,9,6,16,3.0,2.0,2.0,5.0,8,5,9,4,9,3.0,1.0,15,5,1.0,4.0,8,9,5.0,0.0,4.0,0.0,1.0,0.0,2.0,5.0,11.0,2.0,4,13,3.0,7,10,6,3.0,2.0,3,11,3.0,7.0,0.0,3.0,3.0,2.0,0.0,8,6.0,4,11.0,5.0,2.0,5.0,7.0,2.0,2.0,4,6,4,5,20,12,14,15,2,3,5.0,8,9,6,7,7,13,13,2,10,25,6.0,2,20,14,13,3.0,21,1.0,1.0,3.0,5.0,4,19,14.0,23,9,4.0,6,7,5,7.0,0.0,7,4,5.0,9,1,6,6.0,7.0,9,21,6,10,14,18,15,5.0,22,10,7,8,11,20,21,11,25,4.0,0.0,0.0,1.0,6.0,3.0,2.0,3.0,1.0
archaea_pyrococcus_chunk_13,archaea_pyrococcus.fasta,13,archaea,4.0,7,11,15,9,3,7.0,22,12,6,9,7,11,12,8,18,11,4.0,6.0,2,2.0,1.0,8,2.0,1.0,6.0,6,12,7,15,10,4.0,8.0,8,8.0,7,1.0,11,8,5,2.0,7,8,5.0,1,8,10,7,9,9,10,11,2.0,17,7,3.0,5.0,8.0,10,17,10,19,14,12,6,14,2,5.0,2.0,6,2,9.0,6,5.0,11,5.0,7.0,10,12,5.0,7,11,10,12.0,16,1.0,2.0,4.0,2.0,13.0,18,10,21,4,1.0,2.0,6.0,0.0,1.0,0.0,3.0,2.0,1.0,3.0,0.0,5.0,17,6,1,21,10,23.0,35,8,6.0,15,7.0,9,26,9,25,6.0,13,8,9,5.0,2.0,2.0,3.0,7,6,3,3,6,7.0,3.0,7,7,0.0,4.0,7,5,6.0,1.0,12.0,2.0,1.0,0.0,1.0,9.0,10.0,5.0,6,11,3.0,4,7,3,6.0,0.0,9,7,3.0,2.0,0.0,3.0,0.0,5.0,4.0,5,4.0,7,5.0,8.0,0.0,5.0,5.0,2.0,2.0,5,7,7,6,13,9,9,11,7,6,2.0,9,9,6,4,7,7,16,5,20,16,6.0,5,13,18,15,7.0,26,3.0,2.0,1.0,3.0,17,30,14.0,27,11,4.0,6,6,5,5.0,3.0,9,10,7.0,6,4,6,9.0,4.0,8,10,7,12,11,15,24,5.0,31,7,12,5,11,16,25,9,22,5.0,4.0,1.0,2.0,4.0,2.0,4.0,1.0,0.0
archaea_pyrococcus_chunk_14,archaea_pyrococcus.fasta,14,archaea,17.0,12,10,16,11,10,2.0,6,16,8,10,8,23,9,6,16,13,6.0,2.0,11,9.0,0.0,6,0.0,1.0,2.0,9,11,8,5,7,3.0,10.0,11,8.0,4,1.0,9,8,3,4.0,8,12,5.0,4,15,15,9,5,23,8,15,2.0,14,8,4.0,4.0,8.0,11,17,8,28,16,8,12,15,6,7.0,3.0,13,3,5.0,2,10.0,10,11.0,3.0,11,12,11.0,11,11,16,5.0,8,1.0,3.0,0.0,3.0,4.0,13,5,12,3,2.0,1.0,0.0,0.0,3.0,1.0,1.0,2.0,1.0,3.0,0.0,3.0,8,4,9,14,12,10.0,18,7,6.0,6,3.0,10,21,6,20,4.0,3,11,8,6.0,1.0,0.0,3.0,3,5,6,10,4,6.0,8.0,10,7,4.0,3.0,5,3,2.0,0.0,6.0,2.0,0.0,1.0,1.0,4.0,6.0,3.0,10,6,1.0,5,7,2,4.0,0.0,4,5,0.0,4.0,6.0,4.0,4.0,5.0,8.0,14,4.0,9,5.0,3.0,2.0,7.0,6.0,3.0,3.0,9,3,4,14,18,6,9,15,9,8,1.0,11,9,4,5,8,15,13,7,27,19,8.0,4,8,17,13,5.0,14,3.0,1.0,3.0,3.0,18,15,6.0,29,10,6.0,7,9,5,3.0,3.0,7,5,6.0,5,6,11,5.0,4.0,4,11,13,8,16,14,21,2.0,29,11,7,9,10,18,25,19,52,11.0,3.0,0.0,4.0,3.0,4.0,3.0,1.0,2.0
archaea_pyrococcus_chunk_15,archaea_pyrococcus.fasta,15,archaea,6.0,4,12,7,7,7,2.0,15,10,7,7,13,11,5,8,8,6,5.0,2.0,6,5.0,2.0,17,4.0,2.0,4.0,6,9,2,19,12,7.0,8.0,9,4.0,4,3.0,18,9,2,0.0,8,7,8.0,6,7,5,5,2,17,8,11,6.0,22,9,3.0,1.0,14.0,10,10,12,9,7,11,7,9,6,8.0,2.0,8,5,7.0,3,4.0,8,14.0,12.0,8,10,8.0,7,17,10,9.0,18,3.0,3.0,0.0,5.0,9.0,16,10,20,6,3.0,1.0,2.0,1.0,3.0,0.0,1.0,0.0,1.0,2.0,4.0,10.0,10,5,6,13,9,25.0,17,3,4.0,10,4.0,18,33,15,24,9.0,7,8,7,1.0,6.0,4.0,6.0,11,8,2,3,6,8.0,4.0,7,5,3.0,2.0,3,6,2.0,2.0,5.0,2.0,1.0,0.0,2.0,7.0,13.0,1.0,16,3,2.0,4,10,2,3.0,1.0,8,2,5.0,1.0,4.0,6.0,3.0,3.0,9.0,2,12.0,2,10.0,5.0,2.0,5.0,3.0,10.0,1.0,8,8,12,12,7,9,10,9,5,6,3.0,7,10,6,7,8,4,20,3,18,13,8.0,8,16,21,25,5.0,15,4.0,3.0,0.0,8.0,12,18,8.0,35,10,5.0,9,5,5,6.0,0.0,8,8,6.0,11,8,6,8.0,3.0,14,18,7,11,13,18,25,2.0,29,14,10,12,12,13,23,9,20,3.0,1.0,3.0,2.0,3.0,5.0,4.0,2.0,2.0
archaea_pyrococcus_chunk_16,archaea_pyrococcus.fasta,16,archaea,25.0,10,32,19,13,7,7.0,17,35,10,16,15,20,5,9,26,15,1.0,7.0,10,5.0,1.0,3,3.0,5.0,4.0,10,5,7,13,27,4.0,18.0,17,10.0,5,3.0,8,26,3,9.0,5,10,6.0,12,13,17,7,7,9,11,6,4.0,5,15,2.0,14.0,2.0,20,9,20,17,14,9,17,7,5,2.0,3.0,4,7,4.0,8,7.0,5,9.0,6.0,9,9,4.0,8,4,9,3.0,7,2.0,1.0,1.0,3.0,7.0,5,2,6,1,2.0,2.0,2.0,0.0,2.0,6.0,1.0,3.0,0.0,3.0,0.0,7.0,8,3,2,13,7,5.0,6,2,7.0,6,3.0,8,6,7,12,31.0,13,17,20,8.0,2.0,3.0,7.0,18,7,13,10,8,3.0,10.0,15,12,4.0,5.0,7,3,3.0,1.0,4.0,0.0,0.0,2.0,4.0,4.0,5.0,3.0,7,27,8.0,19,10,9,1.0,2.0,3,13,5.0,9.0,3.0,7.0,3.0,4.0,2.0,13,7.0,6,4.0,4.0,0.0,3.0,8.0,9.0,4.0,8,6,8,4,16,12,10,14,7,5,1.0,7,6,5,6,9,7,9,8,17,11,5.0,6,8,8,9,2.0,6,2.0,1.0,2.0,1.0,5,3,6.0,7,26,6.0,9,6,9,3.0,1.0,6,19,6.0,9,8,6,0.0,5.0,4,14,10,10,13,8,10,2.0,7,22,10,13,6,11,6,16,14,7.0,2.0,2.0,0.0,2.0,0.0,0.0,0.0,3.0
archaea_pyrococcus_chunk_17,archaea_pyrococcus.fasta,17,archaea,15.0,8,9,17,7,3,1.0,14,4,5,8,10,10,16,7,13,7,3.0,7.0,10,5.0,1.0,12,5.0,0.0,1.0,9,13,6,19,8,5.0,7.0,5,2.0,3,1.0,12,10,2,7.0,12,5,10.0,3,11,10,12,3,8,11,7,4.0,22,5,1.0,3.0,12.0,8,12,9,17,13,4,6,12,7,1.0,3.0,10,5,4.0,5,6.0,7,12.0,5.0,8,5,10.0,2,6,4,3.0,6,1.0,2.0,0.0,1.0,9.0,11,8,18,3,2.0,4.0,1.0,0.0,3.0,1.0,1.0,3.0,0.0,3.0,3.0,0.0,13,10,10,16,5,22.0,30,5,6.0,14,8.0,14,24,15,30,7.0,4,6,9,5.0,7.0,0.0,4.0,10,5,9,6,5,2.0,3.0,7,5,4.0,4.0,5,2,2.0,1.0,3.0,1.0,0.0,2.0,1.0,11.0,8.0,4.0,7,7,1.0,13,4,7,1.0,0.0,5,5,3.0,4.0,8.0,5.0,7.0,2.0,9.0,6,2.0,11,5.0,4.0,3.0,17.0,5.0,0.0,3.0,7,7,5,12,14,9,6,8,8,9,4.0,19,6,4,9,7,11,14,6,18,18,4.0,7,11,12,7,1.0,25,5.0,3.0,3.0,6.0,20,29,15.0,39,8,7.0,8,4,6,3.0,3.0,10,9,7.0,6,3,12,9.0,3.0,11,8,12,11,14,19,12,6.0,34,12,12,8,12,16,28,15,36,2.0,2.0,3.0,3.0,3.0,4.0,6.0,3.0,1.0
archaea_pyrococcus_chunk_18,archaea_pyrococcus.fasta,18,archaea,22.0,10,23,18,9,12,2.0,15,22,13,10,10,15,16,7,20,9,4.0,4.0,3,5.0,0.0,9,6.0,0.0,2.0,6,4,3,23,17,4.0,16.0,15,7.0,6,5.0,18,9,7,6.0,6,6,4.0,6,12,9,11,12,14,9,7,2.0,13,5,5.0,5.0,10.0,14,8,7,25,20,8,14,18,4,5.0,1.0,6,4,4.0,5,2.0,9,2.0,4.0,7,11,5.0,7,6,12,2.0,9,3.0,3.0,1.0,0.0,7.0,9,2,20,6,6.0,6.0,0.0,1.0,3.0,1.0,2.0,2.0,1.0,0.0,1.0,3.0,11,6,7,7,9,13.0,19,3,3.0,3,2.0,13,15,7,38,18.0,7,12,15,2.0,2.0,3.0,6.0,17,5,7,4,10,6.0,3.0,10,15,1.0,0.0,7,6,3.0,1.0,5.0,3.0,1.0,1.0,1.0,6.0,11.0,1.0,9,16,2.0,8,6,6,5.0,0.0,2,9,3.0,3.0,1.0,0.0,1.0,1.0,7.0,1,3.0,5,6.0,0.0,1.0,5.0,4.0,5.0,2.0,6,12,6,5,13,13,6,7,5,5,4.0,9,9,14,6,12,12,7,11,17,25,6.0,4,6,6,12,2.0,15,9.0,0.0,4.0,4.0,12,24,5.0,21,13,4.0,3,2,8,4.0,0.0,4,13,1.0,5,1,4,4.0,4.0,7,18,5,19,20,17,15,7.0,25,10,7,7,5,29,30,9,30,10.0,2.0,3.0,2.0,3.0,7.0,1.0,1.0,4.0
archaea_pyrococcus_chunk_19,archaea_pyrococcus.fasta,19,archaea,21.0,8,24,17,3,10,2.0,12,24,9,11,13,13,9,15,16,8,0.0,5.0,2,8.0,0.0,6,1.0,0.0,4.0,5,8,6,12,21,4.0,17.0,11,5.0,5,1.0,10,12,9,6.0,8,9,2.0,5,23,14,10,12,15,5,11,5.0,10,8,6.0,14.0,6.0,11,21,14,15,10,6,9,11,3,0.0,0.0,5,6,0.0,5,8.0,9,6.0,3.0,8,11,2.0,7,8,5,1.0,6,4.0,1.0,1.0,2.0,8.0,5,7,8,3,1.0,5.0,0.0,1.0,5.0,1.0,0.0,1.0,2.0,5.0,1.0,3.0,11,2,5,17,8,3.0,9,10,5.0,8,4.0,6,14,10,18,20.0,7,15,15,6.0,2.0,2.0,6.0,12,5,10,8,14,5.0,6.0,16,5,4.0,3.0,2,3,1.0,2.0,7.0,1.0,0.0,1.0,2.0,10.0,5.0,5.0,6,15,6.0,9,13,4,5.0,0.0,5,12,2.0,9.0,5.0,6.0,2.0,5.0,9.0,8,10.0,8,6.0,1.0,2.0,4.0,5.0,3.0,6.0,10,10,15,13,19,6,9,10,3,6,1.0,8,11,7,9,10,15,11,10,21,12,2.0,4,14,12,8,4.0,9,4.0,6.0,2.0,5.0,12,6,9.0,22,18,5.0,8,12,4,3.0,2.0,6,17,3.0,12,7,7,5.0,4.0,13,11,6,10,17,13,18,6.0,26,20,3,14,13,17,18,11,29,4.0,0.0,1.0,1.0,4.0,4.0,1.0,1.0,2.0
archaea_pyrococcus_chunk_20,archaea_pyrococcus.fasta,20,archaea,1.0,17,7,4,10,12,7.0,19,9,11,9,8,8,10,6,10,5,4.0,4.0,7,8.0,1.0,4,4.0,2.0,6.0,9,8,4,11,6,2.0,8.0,5,6.0,10,5.0,9,6,10,6.0,7,9,1.0,12,9,15,6,9,15,9,19,5.0,13,6,3.0,6.0,10.0,13,8,12,12,10,11,5,13,2,6.0,2.0,5,2,8.0,7,6.0,8,12.0,6.0,13,14,9.0,9,9,12,14.0,20,3.0,2.0,0.0,6.0,6.0,17,7,24,3,3.0,3.0,4.0,0.0,4.0,1.0,3.0,4.0,0.0,8.0,1.0,11.0,6,3,3,22,10,17.0,17,7,6.0,8,4.0,14,13,13,18,4.0,9,14,7,4.0,3.0,1.0,3.0,3,5,5,9,6,7.0,2.0,10,6,0.0,2.0,9,11,9.0,5.0,8.0,2.0,1.0,3.0,1.0,8.0,9.0,3.0,8,16,0.0,5,8,3,10.0,1.0,10,9,2.0,5.0,5.0,1.0,5.0,7.0,6.0,11,8.0,5,8.0,3.0,3.0,5.0,8.0,7.0,7.0,10,8,10,7,14,12,11,10,4,3,5.0,5,7,6,8,8,23,17,11,12,14,2.0,8,14,10,14,3.0,22,3.0,3.0,3.0,9.0,11,16,11.0,15,9,6.0,6,9,7,9.0,1.0,5,13,9.0,6,7,9,11.0,8.0,9,15,5,9,20,11,10,4.0,18,9,7,14,16,12,14,11,6,11.0,3.0,3.0,1.0,2.0,6.0,3.0,6.0,2.0
archaea_pyrococcus_chunk_21,archaea_pyrococcus.fasta,21,archaea,50.0,13,24,17,9,7,3.0,14,15,11,18,13,19,12,12,10,14,4.0,8.0,12,3.0,1.0,2,8.0,1.0,4.0,7,12,2,8,19,5.0,14.0,7,11.0,7,3.0,14,17,6,5.0,11,7,5.0,7,10,14,15,14,21,3,9,5.0,12,12,8.0,10.0,8.0,6,14,8,14,20,8,12,16,8,3.0,4.0,5,4,6.0,6,7.0,16,5.0,11.0,9,13,4.0,5,8,11,3.0,7,2.0,2.0,0.0,3.0,6.0,10,5,7,5,6.0,5.0,5.0,0.0,1.0,2.0,0.0,2.0,0.0,1.0,3.0,4.0,13,1,9,7,18,11.0,17,3,3.0,1,4.0,7,9,8,13,22.0,6,14,3,7.0,0.0,6.0,4.0,12,10,8,3,12,5.0,5.0,6,15,2.0,6.0,7,5,4.0,3.0,6.0,4.0,1.0,1.0,1.0,10.0,11.0,2.0,5,11,3.0,8,9,7,3.0,2.0,7,5,4.0,7.0,5.0,10.0,2.0,3.0,8.0,7,9.0,8,6.0,3.0,1.0,4.0,7.0,5.0,2.0,8,3,11,7,12,6,7,17,14,3,4.0,6,14,8,7,6,17,7,10,17,14,10.0,4,14,11,8,2.0,13,6.0,1.0,2.0,3.0,8,15,2.0,17,10,4.0,5,7,10,3.0,2.0,6,7,9.0,7,7,11,4.0,3.0,7,8,6,3,15,15,11,4.0,9,4,8,14,11,11,13,10,19,7.0,4.0,4.0,2.0,3.0,2.0,5.0,2.0,1.0
archaea_pyrococcus_chunk_22,archaea_pyrococcus.fasta,22,archaea,8.0,5,13,13,7,7,8.0,14,20,9,12,10,16,10,11,9,8,2.0,4.0,6,4.0,0.0,7,3.0,1.0,4.0,6,11,7,14,14,6.0,14.0,5,7.0,3,3.0,14,4,7,14.0,11,9,8.0,7,8,17,8,8,10,14,12,3.0,9,11,5.0,8.0,12.0,8,15,8,10,12,15,8,7,4,3.0,1.0,10,3,3.0,6,4.0,11,12.0,8.0,15,9,7.0,3,14,9,14.0,13,2.0,1.0,1.0,3.0,8.0,21,1,15,7,5.0,0.0,1.0,1.0,4.0,2.0,2.0,2.0,2.0,1.0,5.0,6.0,5,3,7,12,20,21.0,10,5,1.0,11,3.0,17,20,11,12,7.0,8,17,16,4.0,4.0,1.0,4.0,10,10,13,8,5,3.0,5.0,4,8,1.0,4.0,7,3,2.0,2.0,4.0,2.0,1.0,1.0,3.0,7.0,7.0,2.0,15,13,4.0,11,7,3,6.0,3.0,8,14,3.0,5.0,5.0,5.0,3.0,6.0,11.0,5,6.0,10,1.0,8.0,1.0,11.0,6.0,7.0,4.0,10,14,6,6,11,8,13,11,5,4,1.0,10,6,5,5,10,11,13,12,13,17,8.0,5,19,17,15,3.0,21,5.0,3.0,5.0,5.0,6,19,10.0,16,14,3.0,11,5,8,1.0,0.0,5,15,8.0,6,7,7,7.0,4.0,11,16,8,5,17,14,15,7.0,21,11,3,10,10,11,8,9,8,7.0,3.0,0.0,2.0,3.0,7.0,1.0,5.0,2.0
archaea_pyrococcus_chunk_23,archaea_pyrococcus.fasta,23,archaea,21.0,15,21,12,11,8,10.0,14,28,9,6,11,13,11,10,15,12,4.0,7.0,8,6.0,0.0,2,8.0,3.0,4.0,7,8,5,8,29,4.0,30.0,25,15.0,5,4.0,11,19,3,14.0,10,14,4.0,8,20,9,10,16,9,3,10,2.0,8,11,5.0,15.0,8.0,12,8,10,13,21,7,5,7,4,1.0,2.0,6,11,5.0,7,10.0,6,4.0,3.0,8,8,2.0,13,3,6,9.0,8,1.0,2.0,1.0,2.0,6.0,3,4,9,5,3.0,1.0,2.0,0.0,3.0,6.0,0.0,3.0,0.0,4.0,2.0,6.0,11,4,5,6,4,3.0,7,2,4.0,7,3.0,4,10,10,9,16.0,10,25,17,5.0,3.0,2.0,4.0,29,14,22,15,17,6.0,12.0,10,13,6.0,10.0,4,3,3.0,3.0,4.0,1.0,2.0,2.0,3.0,6.0,1.0,7.0,5,20,3.0,39,9,4,2.0,2.0,2,22,5.0,7.0,2.0,6.0,2.0,1.0,5.0,12,13.0,10,2.0,3.0,3.0,1.0,2.0,7.0,3.0,8,3,16,10,11,11,3,13,11,1,3.0,4,20,7,11,10,8,2,14,10,7,1.0,3,6,11,9,1.0,8,1.0,3.0,3.0,5.0,7,7,0.0,11,14,5.0,8,10,10,4.0,2.0,3,24,2.0,12,2,12,1.0,3.0,6,6,4,14,8,8,13,2.0,9,22,8,11,8,8,11,13,14,5.0,2.0,2.0,4.0,2.0,5.0,1.0,2.0,2.0
archaea_pyrococcus_chunk_24,archaea_pyrococcus.fasta,24,archaea,11.0,6,20,14,5,4,0.0,11,22,13,12,17,11,8,11,22,13,2.0,2.0,6,4.0,2.0,6,1.0,1.0,1.0,7,8,1,14,18,7.0,16.0,11,7.0,5,2.0,20,6,3,14.0,6,5,4.0,8,11,10,5,14,12,11,9,5.0,15,8,5.0,8.0,10.0,12,13,9,20,10,7,12,14,4,5.0,0.0,5,2,6.0,3,1.0,7,13.0,6.0,12,6,4.0,6,12,8,3.0,7,2.0,1.0,1.0,4.0,5.0,4,8,18,4,2.0,2.0,0.0,0.0,2.0,3.0,4.0,1.0,0.0,1.0,3.0,4.0,7,4,2,10,8,16.0,10,7,5.0,6,4.0,13,16,14,27,17.0,5,21,12,4.0,2.0,2.0,6.0,18,7,9,5,7,5.0,7.0,5,11,1.0,0.0,8,4,6.0,2.0,4.0,2.0,0.0,3.0,0.0,3.0,11.0,4.0,15,14,5.0,13,4,4,5.0,2.0,6,13,3.0,6.0,4.0,6.0,4.0,3.0,8.0,8,0.0,9,4.0,2.0,1.0,8.0,7.0,9.0,5.0,7,7,9,12,13,2,11,12,10,1,1.0,8,10,8,5,5,16,14,7,15,13,7.0,4,12,12,11,2.0,18,4.0,1.0,3.0,4.0,8,14,9.0,23,19,1.0,8,7,9,6.0,1.0,5,14,7.0,5,11,5,6.0,7.0,12,13,11,12,21,13,15,3.0,21,14,11,14,11,25,16,18,37,0.0,0.0,1.0,0.0,1.0,3.0,0.0,0.0,2.0
archaea_pyrococcus_chunk_25,archaea_pyrococcus.fasta,25,archaea,20.0,6,10,12,8,7,5.0,17,17,10,11,13,15,9,7,16,7,6.0,2.0,6,7.0,2.0,8,2.0,1.0,5.0,14,11,6,10,11,4.0,6.0,11,4.0,6,2.0,18,12,9,7.0,9,14,7.0,10,9,18,4,13,12,5,5,4.0,17,12,6.0,0.0,11.0,8,10,7,16,8,12,10,12,6,10.0,1.0,10,1,3.0,6,4.0,8,7.0,6.0,5,13,9.0,9,10,8,12.0,8,4.0,2.0,2.0,2.0,4.0,14,7,8,3,6.0,5.0,1.0,0.0,2.0,2.0,2.0,5.0,1.0,6.0,5.0,6.0,14,2,5,14,13,19.0,22,6,6.0,6,4.0,11,17,5,17,6.0,6,16,11,4.0,1.0,0.0,5.0,4,9,10,9,12,4.0,8.0,6,8,3.0,1.0,1,6,4.0,2.0,5.0,3.0,0.0,4.0,4.0,9.0,14.0,3.0,10,13,2.0,13,3,2,4.0,4.0,7,12,3.0,8.0,4.0,6.0,4.0,2.0,8.0,8,14.0,7,5.0,6.0,5.0,6.0,8.0,4.0,4.0,7,4,8,11,14,13,15,12,3,2,2.0,9,10,8,10,14,12,12,8,14,14,9.0,2,9,20,11,4.0,12,6.0,1.0,3.0,8.0,8,19,6.0,22,12,3.0,7,11,7,6.0,5.0,9,5,3.0,7,6,8,9.0,3.0,7,14,5,10,13,11,17,5.0,10,7,11,11,8,16,12,17,26,3.0,0.0,1.0,0.0,2.0,4.0,5.0,4.0,2.0
archaea_pyrococcus_chunk_26,archaea_pyrococcus.fasta,26,archaea,8.0,7,13,11,6,5,9.0,13,10,10,11,14,14,4,8,16,6,3.0,3.0,9,3.0,0.0,11,3.0,5.0,11.0,4,10,7,9,14,5.0,10.0,10,9.0,3,2.0,12,10,1,7.0,5,8,6.0,10,10,19,6,7,10,3,9,2.0,11,10,6.0,3.0,10.0,16,9,24,13,6,8,6,8,1,5.0,1.0,7,10,3.0,5,8.0,7,6.0,1.0,8,7,3.0,13,1,5,2.0,8,2.0,3.0,1.0,2.0,6.0,10,5,16,5,2.0,3.0,1.0,1.0,5.0,1.0,4.0,1.0,3.0,6.0,2.0,10.0,13,8,2,10,5,15.0,19,4,9.0,10,4.0,12,11,17,17,8.0,5,16,7,4.0,4.0,7.0,3.0,11,5,6,6,11,3.0,13.0,13,7,3.0,5.0,6,2,3.0,2.0,2.0,3.0,0.0,0.0,4.0,9.0,7.0,7.0,17,6,4.0,8,14,5,2.0,1.0,8,9,3.0,7.0,10.0,6.0,5.0,3.0,11.0,8,6.0,7,5.0,3.0,5.0,7.0,6.0,8.0,6.0,18,10,9,15,17,13,10,16,10,4,3.0,8,8,8,1,6,10,12,7,25,8,5.0,5,6,14,7,5.0,16,5.0,4.0,3.0,3.0,14,15,8.0,15,10,6.0,8,13,6,3.0,3.0,15,12,8.0,14,7,3,7.0,7.0,21,16,9,8,27,11,15,5.0,15,17,10,20,18,14,16,15,17,4.0,1.0,3.0,1.0,2.0,3.0,2.0,2.0,1.0
archaea_pyrococcus_chunk_27,archaea_pyrococcus.fasta,27,archaea,46.0,22,28,18,16,9,4.0,14,35,6,19,15,11,7,9,19,14,5.0,6.0,14,2.0,1.0,6,3.0,2.0,4.0,7,8,7,15,31,4.0,21.0,11,9.0,4,3.0,8,21,3,13.0,9,10,8.0,7,8,13,10,5,14,15,5,1.0,6,7,8.0,7.0,6.0,8,10,13,16,13,7,17,9,5,3.0,1.0,9,8,2.0,6,10.0,14,7.0,8.0,8,11,6.0,3,11,6,5.0,12,2.0,2.0,1.0,1.0,8.0,10,6,10,3,1.0,1.0,2.0,0.0,2.0,5.0,0.0,0.0,2.0,3.0,1.0,1.0,8,5,7,8,7,9.0,7,4,6.0,7,3.0,10,13,9,17,34.0,10,20,7,7.0,2.0,2.0,6.0,14,7,17,4,10,3.0,5.0,6,12,1.0,2.0,3,10,3.0,2.0,5.0,0.0,1.0,1.0,1.0,6.0,1.0,1.0,12,22,5.0,11,8,3,2.0,0.0,3,12,2.0,8.0,8.0,7.0,3.0,4.0,7.0,10,9.0,4,1.0,5.0,0.0,9.0,8.0,3.0,3.0,5,5,1,11,21,4,10,12,11,5,3.0,8,10,9,4,5,7,10,6,14,9,6.0,15,9,13,7,1.0,11,0.0,1.0,3.0,2.0,7,6,6.0,12,15,8.0,9,4,5,12.0,0.0,7,8,3.0,9,2,7,1.0,4.0,6,16,8,7,11,16,13,3.0,9,17,8,5,6,18,13,13,20,10.0,1.0,0.0,1.0,3.0,2.0,4.0,2.0,2.0
archaea_pyrococcus_chunk_28,archaea_pyrococcus.fasta,28,archaea,29.0,9,17,26,7,3,2.0,14,15,10,18,11,19,12,12,18,9,2.0,5.0,6,0.0,4.0,8,5.0,1.0,2.0,10,5,4,6,17,6.0,15.0,9,9.0,4,2.0,12,16,8,15.0,7,6,4.0,7,14,18,7,12,13,2,7,4.0,9,18,3.0,13.0,6.0,12,11,17,18,6,3,6,12,2,3.0,1.0,4,4,6.0,6,3.0,9,2.0,4.0,11,5,3.0,5,2,2,2.0,13,5.0,1.0,0.0,2.0,13.0,12,4,17,3,5.0,6.0,0.0,0.0,2.0,3.0,2.0,1.0,0.0,2.0,2.0,2.0,13,7,8,12,4,15.0,11,6,2.0,6,2.0,9,13,8,21,23.0,7,16,11,5.0,4.0,3.0,3.0,16,7,18,8,13,2.0,15.0,12,9,3.0,4.0,10,6,4.0,0.0,7.0,2.0,0.0,2.0,1.0,6.0,9.0,3.0,8,19,2.0,14,11,11,6.0,3.0,10,15,13.0,11.0,0.0,3.0,1.0,3.0,9.0,5,2.0,5,4.0,4.0,1.0,2.0,4.0,10.0,6.0,8,4,10,10,23,7,14,12,8,5,2.0,4,12,4,4,9,9,6,9,17,4,2.0,5,8,7,9,3.0,18,4.0,2.0,3.0,2.0,11,7,5.0,20,18,5.0,15,16,5,7.0,0.0,2,13,7.0,12,9,2,5.0,9.0,7,20,4,7,11,9,11,3.0,21,26,8,12,9,13,16,20,21,3.0,0.0,2.0,1.0,1.0,3.0,1.0,1.0,1.0
archaea_pyrococcus_chunk_29,archaea_pyrococcus.fasta,29,archaea,13.0,6,16,11,14,8,8.0,12,15,10,13,10,24,7,12,13,23,6.0,8.0,10,13.0,3.0,7,7.0,3.0,10.0,8,10,8,13,15,12.0,10.0,9,14.0,5,2.0,8,21,9,3.0,4,17,5.0,4,19,16,16,16,11,6,7,1.0,6,9,11.0,11.0,3.0,6,14,6,12,15,16,16,16,4,7.0,1.0,6,11,8.0,8,11.0,12,3.0,6.0,9,18,5.0,18,8,11,1.0,7,6.0,0.0,0.0,0.0,6.0,9,4,6,5,2.0,5.0,1.0,0.0,2.0,2.0,1.0,1.0,2.0,3.0,5.0,5.0,9,9,5,9,5,9.0,9,4,2.0,9,7.0,9,9,10,12,10.0,9,9,15,13.0,4.0,7.0,10.0,10,2,7,14,10,6.0,6.0,8,11,4.0,7.0,5,8,5.0,1.0,3.0,3.0,0.0,1.0,2.0,8.0,4.0,5.0,6,12,7.0,15,9,5,6.0,2.0,7,5,3.0,2.0,5.0,11.0,0.0,5.0,2.0,8,8.0,7,2.0,3.0,3.0,5.0,6.0,6.0,4.0,9,6,9,11,9,11,7,14,16,12,7.0,11,10,9,9,10,13,4,10,8,11,3.0,5,7,17,5,2.0,8,3.0,0.0,2.0,5.0,10,4,5.0,15,11,8.0,5,7,8,5.0,2.0,6,15,7.0,9,7,2,4.0,4.0,9,8,11,9,8,13,13,2.0,14,12,6,12,5,12,13,10,16,8.0,3.0,7.0,0.0,4.0,4.0,10.0,2.0,0.0
archaea_pyrococcus_chunk_30,archaea_pyrococcus.fasta,30,archaea,44.0,10,28,33,8,10,1.0,9,24,11,16,15,22,11,10,23,12,2.0,4.0,12,10.0,1.0,4,0.0,2.0,2.0,9,9,1,5,24,8.0,14.0,11,8.0,3,3.0,11,18,12,16.0,7,6,1.0,7,10,16,9,13,22,8,9,1.0,7,17,7.0,7.0,10.0,15,5,13,29,12,7,8,8,6,3.0,0.0,2,6,1.0,9,4.0,16,2.0,4.0,8,8,3.0,6,11,3,8.0,4,4.0,3.0,3.0,3.0,5.0,3,3,6,4,0.0,6.0,2.0,3.0,2.0,4.0,1.0,5.0,1.0,0.0,1.0,6.0,13,5,5,7,7,9.0,9,5,2.0,6,1.0,9,5,3,9,35.0,4,20,13,5.0,3.0,2.0,5.0,16,4,16,3,14,4.0,10.0,14,6,4.0,4.0,2,4,1.0,1.0,4.0,2.0,3.0,4.0,2.0,8.0,9.0,5.0,7,21,2.0,14,16,4,2.0,2.0,10,19,2.0,9.0,7.0,6.0,2.0,5.0,6.0,5,5.0,3,3.0,1.0,2.0,4.0,5.0,4.0,7.0,8,4,8,10,24,7,10,12,11,5,2.0,8,11,9,12,2,8,8,17,17,9,2.0,6,5,11,8,4.0,5,4.0,0.0,2.0,1.0,8,6,5.0,8,23,5.0,11,9,4,3.0,3.0,6,12,3.0,7,4,6,6.0,5.0,8,19,7,11,18,4,9,2.0,7,21,5,9,7,23,7,18,20,6.0,1.0,0.0,0.0,1.0,2.0,5.0,2.0,7.0
archaea_pyrococcus_chunk_31,archaea_pyrococcus.fasta,31,archaea,7.0,5,15,11,10,6,2.0,11,9,8,6,13,12,9,10,21,15,4.0,1.0,6,6.0,4.0,6,1.0,2.0,2.0,9,6,3,16,10,5.0,7.0,5,5.0,2,4.0,8,3,6,6.0,6,13,5.0,7,13,10,3,7,11,9,10,5.0,14,2,4.0,6.0,11.0,13,18,10,17,13,8,10,19,3,3.0,3.0,12,3,5.0,5,4.0,5,16.0,4.0,10,18,7.0,6,5,8,6.0,11,3.0,3.0,1.0,2.0,7.0,17,9,25,1,5.0,2.0,2.0,1.0,6.0,2.0,2.0,3.0,2.0,1.0,2.0,3.0,10,5,8,15,7,17.0,29,5,7.0,2,4.0,12,28,9,30,5.0,6,4,7,5.0,6.0,0.0,5.0,7,2,2,6,6,3.0,3.0,6,4,1.0,6.0,8,3,3.0,0.0,10.0,1.0,0.0,4.0,1.0,6.0,9.0,4.0,7,4,4.0,1,9,3,5.0,1.0,5,7,3.0,5.0,3.0,3.0,2.0,2.0,8.0,9,8.0,5,3.0,7.0,2.0,3.0,1.0,6.0,5.0,8,9,7,14,13,10,7,15,8,6,1.0,6,8,5,8,15,8,10,6,21,13,9.0,4,16,19,13,3.0,31,6.0,7.0,2.0,3.0,16,23,2.0,31,7,4.0,4,2,9,7.0,0.0,7,6,3.0,4,4,9,6.0,4.0,14,16,9,13,14,23,31,9.0,26,9,9,3,13,19,34,8,48,5.0,1.0,3.0,2.0,2.0,2.0,4.0,3.0,2.0
archaea_pyrococcus_chunk_32,archaea_pyrococcus.fasta,32,archaea,17.0,9,20,12,9,5,5.0,11,24,11,14,13,15,11,11,14,3,4.0,6.0,6,2.0,1.0,4,10.0,2.0,2.0,3,6,7,14,22,4.0,27.0,14,7.0,13,5.0,16,13,8,12.0,7,5,6.0,8,17,18,3,18,8,3,6,5.0,10,11,6.0,11.0,5.0,11,8,14,18,4,7,7,5,4,4.0,4.0,3,10,7.0,7,2.0,10,3.0,4.0,9,8,5.0,6,6,8,4.0,5,3.0,2.0,1.0,2.0,2.0,7,4,10,8,7.0,4.0,2.0,0.0,4.0,4.0,0.0,5.0,3.0,0.0,4.0,3.0,8,2,7,7,8,6.0,8,10,2.0,5,1.0,13,10,11,18,19.0,11,22,13,3.0,0.0,5.0,6.0,24,11,13,10,13,5.0,12.0,14,7,2.0,5.0,6,8,7.0,4.0,7.0,4.0,2.0,5.0,1.0,10.0,6.0,4.0,10,17,2.0,13,12,5,4.0,3.0,6,12,6.0,6.0,11.0,10.0,2.0,8.0,10.0,7,5.0,7,3.0,2.0,1.0,4.0,9.0,9.0,1.0,10,8,15,5,18,3,13,20,3,2,1.0,10,9,12,6,11,9,5,6,14,5,4.0,9,8,7,5,0.0,7,5.0,3.0,4.0,3.0,9,6,3.0,18,18,5.0,11,14,6,7.0,4.0,4,15,4.0,12,9,6,1.0,1.0,8,21,9,8,12,12,5,6.0,14,19,11,15,9,16,11,14,16,4.0,1.0,3.0,2.0,1.0,3.0,2.0,2.0,3.0
archaea_pyrococcus_chunk_33,archaea_pyrococcus.fasta,33,archaea,14.0,8,18,15,12,4,5.0,18,22,10,14,13,10,7,12,22,11,3.0,6.0,7,4.0,2.0,5,7.0,3.0,2.0,17,5,6,17,16,8.0,10.0,9,12.0,4,3.0,10,11,5,10.0,6,6,2.0,7,13,12,11,11,10,6,7,2.0,15,7,9.0,11.0,6.0,11,15,15,15,12,13,10,9,7,2.0,1.0,9,7,2.0,5,4.0,9,7.0,6.0,10,11,7.0,3,3,7,8.0,6,4.0,0.0,0.0,1.0,3.0,5,7,14,6,5.0,5.0,1.0,0.0,1.0,1.0,2.0,3.0,1.0,3.0,0.0,1.0,14,7,5,13,8,14.0,13,5,6.0,7,5.0,10,22,8,24,19.0,9,13,12,3.0,5.0,3.0,2.0,10,9,4,5,13,5.0,5.0,7,8,3.0,5.0,9,4,4.0,1.0,3.0,4.0,0.0,1.0,2.0,8.0,11.0,5.0,6,20,3.0,7,10,5,3.0,0.0,7,11,1.0,1.0,5.0,6.0,3.0,6.0,6.0,4,3.0,11,3.0,2.0,1.0,5.0,2.0,6.0,6.0,8,10,4,12,10,9,18,15,5,3,5.0,16,4,8,9,6,12,11,10,17,14,7.0,4,13,9,7,1.0,15,3.0,1.0,3.0,2.0,11,16,5.0,27,11,0.0,6,6,7,4.0,4.0,12,17,7.0,4,9,8,3.0,3.0,14,21,6,8,16,21,9,4.0,26,9,10,13,11,22,13,16,15,3.0,2.0,2.0,1.0,3.0,2.0,5.0,2.0,1.0
archaea_pyrococcus_chunk_34,archaea_pyrococcus.fasta,34,archaea,21.0,12,17,12,13,6,8.0,16,19,11,9,15,19,11,8,15,11,5.0,10.0,3,2.0,2.0,2,4.0,6.0,5.0,7,10,5,12,17,4.0,12.0,13,12.0,4,4.0,11,13,5,8.0,9,11,2.0,11,17,21,6,10,15,7,9,6.0,5,15,3.0,14.0,6.0,17,8,7,24,16,11,7,10,5,1.0,4.0,6,6,10.0,9,6.0,5,4.0,4.0,8,8,3.0,6,2,3,1.0,3,4.0,0.0,0.0,2.0,6.0,5,2,4,3,3.0,7.0,2.0,0.0,4.0,3.0,1.0,3.0,2.0,1.0,2.0,7.0,9,8,2,10,8,4.0,11,5,4.0,7,5.0,8,14,7,15,9.0,11,15,12,4.0,0.0,1.0,4.0,15,4,10,13,18,4.0,9.0,13,11,3.0,9.0,6,2,1.0,1.0,6.0,3.0,3.0,1.0,0.0,8.0,7.0,9.0,10,14,2.0,16,11,6,3.0,1.0,8,12,5.0,6.0,3.0,10.0,2.0,5.0,9.0,15,4.0,9,6.0,0.0,0.0,3.0,5.0,11.0,5.0,9,8,12,8,16,9,15,19,7,3,8.0,8,6,6,7,7,10,8,18,20,14,5.0,6,10,12,3,1.0,6,3.0,3.0,2.0,4.0,8,4,5.0,18,13,2.0,11,13,5,1.0,2.0,10,15,7.0,9,12,9,4.0,5.0,4,14,9,10,22,14,9,3.0,16,14,9,11,6,21,12,14,24,4.0,6.0,1.0,6.0,1.0,3.0,3.0,2.0,2.0
archaea_pyrococcus_chunk_35,archaea_pyrococcus.fasta,35,archaea,14.0,9,16,14,6,10,7.0,13,15,11,7,12,8,11,7,7,7,2.0,2.0,5,10.0,1.0,5,10.0,6.0,4.0,3,6,10,13,10,5.0,5.0,13,5.0,10,1.0,13,13,3,7.0,4,10,10.0,9,5,6,6,6,15,10,15,4.0,19,7,10.0,6.0,12.0,13,10,6,7,19,11,10,10,3,6.0,4.0,9,2,6.0,4,8.0,5,18.0,4.0,7,21,9.0,10,14,13,11.0,14,3.0,2.0,0.0,7.0,12.0,13,7,19,5,2.0,5.0,1.0,0.0,2.0,1.0,6.0,2.0,1.0,5.0,3.0,4.0,14,7,4,12,8,16.0,21,8,7.0,10,6.0,11,17,13,18,7.0,8,8,4,2.0,2.0,3.0,6.0,11,8,9,6,6,5.0,9.0,10,15,1.0,4.0,5,9,4.0,5.0,13.0,1.0,1.0,0.0,2.0,9.0,11.0,2.0,10,5,6.0,11,7,10,12.0,1.0,6,7,9.0,8.0,3.0,5.0,0.0,7.0,3.0,8,8.0,10,4.0,7.0,2.0,7.0,9.0,9.0,2.0,6,7,2,3,13,8,11,5,5,9,5.0,4,5,4,7,8,14,14,15,12,7,10.0,4,10,22,15,3.0,19,0.0,2.0,4.0,4.0,13,18,12.0,17,7,0.0,16,5,8,8.0,2.0,11,8,11.0,10,7,9,5.0,5.0,6,9,7,6,18,9,21,2.0,13,4,8,11,5,10,11,7,10,11.0,0.0,2.0,2.0,5.0,3.0,3.0,4.0,3.0
archaea_pyrococcus_chunk_36,archaea_pyrococcus.fasta,36,archaea,3.0,7,18,17,14,8,3.0,10,19,14,10,12,17,15,9,9,5,5.0,4.0,10,14.0,1.0,4,5.0,0.0,2.0,3,6,10,10,13,7.0,15.0,6,12.0,14,2.0,12,17,5,4.0,5,10,7.0,6,10,16,9,7,17,7,13,6.0,7,12,5.0,5.0,10.0,16,15,24,4,21,7,10,13,4,8.0,3.0,7,6,8.0,4,4.0,12,10.0,8.0,22,24,8.0,10,20,13,6.0,5,3.0,2.0,2.0,3.0,15.0,8,7,10,5,3.0,1.0,6.0,0.0,2.0,3.0,1.0,1.0,3.0,4.0,1.0,3.0,12,1,11,10,6,15.0,5,7,13.0,10,8.0,10,12,7,10,9.0,10,15,9,3.0,2.0,3.0,6.0,8,12,6,9,7,1.0,0.0,9,15,4.0,4.0,11,16,5.0,1.0,10.0,3.0,1.0,2.0,3.0,12.0,9.0,12.0,7,12,1.0,9,5,5,5.0,3.0,7,4,4.0,2.0,2.0,7.0,1.0,4.0,7.0,10,6.0,9,8.0,3.0,3.0,5.0,4.0,5.0,2.0,7,6,7,7,12,11,12,11,3,7,1.0,6,8,7,11,8,13,7,14,19,7,5.0,4,11,19,9,6.0,21,1.0,4.0,4.0,2.0,4,5,9.0,12,13,3.0,8,5,15,7.0,4.0,19,3,10.0,5,9,8,9.0,3.0,7,8,3,10,17,6,24,0.0,13,6,24,7,7,5,10,6,4,6.0,3.0,3.0,2.0,2.0,2.0,4.0,3.0,2.0
archaea_pyrococcus_chunk_37,archaea_pyrococcus.fasta,37,archaea,14.0,7,13,11,9,3,4.0,9,16,8,13,18,23,9,19,12,13,8.0,6.0,9,5.0,1.0,2,7.0,0.0,3.0,9,8,8,8,14,5.0,14.0,9,14.0,6,5.0,11,13,2,6.0,11,8,7.0,13,11,14,9,16,13,3,7,3.0,9,11,11.0,17.0,11.0,9,13,18,8,8,8,15,18,7,4.0,5.0,5,4,10.0,9,5.0,8,4.0,11.0,15,15,2.0,6,3,7,3.0,9,2.0,1.0,2.0,0.0,8.0,7,2,8,4,4.0,4.0,0.0,0.0,3.0,7.0,1.0,0.0,2.0,3.0,0.0,4.0,11,6,8,12,4,9.0,10,2,5.0,9,5.0,6,13,11,11,14.0,7,20,12,13.0,2.0,1.0,8.0,15,9,3,6,14,2.0,8.0,10,17,5.0,8.0,13,4,7.0,3.0,4.0,3.0,1.0,4.0,0.0,8.0,7.0,6.0,7,24,7.0,10,16,9,4.0,0.0,5,17,5.0,5.0,5.0,0.0,8.0,12.0,5.0,12,4.0,2,8.0,3.0,0.0,8.0,9.0,13.0,3.0,5,11,8,5,9,3,7,22,6,3,3.0,11,7,9,7,11,7,7,12,11,4,6.0,8,13,10,6,0.0,10,2.0,4.0,4.0,4.0,12,7,5.0,18,11,10.0,5,5,14,8.0,3.0,9,20,10.0,21,7,9,4.0,5.0,9,4,6,6,10,16,7,5.0,15,9,13,19,8,6,6,12,3,4.0,3.0,2.0,6.0,0.0,6.0,2.0,5.0,1.0
archaea_pyrococcus_chunk_38,archaea_pyrococcus.fasta,38,archaea,4.0,8,10,12,8,12,6.0,21,12,11,9,13,7,10,11,17,4,4.0,2.0,6,7.0,6.0,9,3.0,3.0,5.0,6,3,7,16,14,1.0,17.0,7,7.0,9,1.0,15,7,5,6.0,9,13,9.0,6,11,11,6,8,4,9,9,1.0,11,7,6.0,7.0,12.0,15,19,8,11,11,7,11,11,3,8.0,2.0,4,4,11.0,5,6.0,9,7.0,7.0,13,14,10.0,7,14,11,6.0,10,3.0,3.0,2.0,7.0,10.0,9,12,14,3,1.0,2.0,0.0,0.0,4.0,1.0,1.0,3.0,2.0,5.0,3.0,6.0,11,5,6,13,9,15.0,6,9,7.0,11,7.0,6,19,10,21,7.0,12,14,10,3.0,3.0,1.0,3.0,12,5,8,7,3,3.0,3.0,7,10,1.0,5.0,7,7,2.0,4.0,9.0,1.0,0.0,1.0,1.0,11.0,11.0,5.0,11,12,2.0,6,4,1,7.0,1.0,6,6,4.0,1.0,5.0,9.0,1.0,6.0,8.0,17,13.0,11,5.0,3.0,2.0,11.0,4.0,3.0,7.0,7,4,13,10,12,20,10,12,2,7,4.0,4,11,5,5,13,10,10,11,16,12,2.0,12,9,21,12,4.0,17,0.0,2.0,1.0,4.0,8,10,10.0,15,14,6.0,8,3,12,6.0,1.0,13,10,5.0,6,8,16,8.0,5.0,9,15,4,7,19,11,27,1.0,15,11,13,8,12,17,12,13,16,8.0,2.0,1.0,3.0,3.0,3.0,2.0,6.0,1.0
archaea_pyrococcus_chunk_39,archaea_pyrococcus.fasta,39,archaea,21.0,7,27,22,9,5,2.0,11,17,13,16,11,11,6,12,16,12,7.0,9.0,4,5.0,2.0,8,1.0,1.0,3.0,10,5,7,18,16,10.0,12.0,6,15.0,4,1.0,13,16,6,7.0,9,16,2.0,13,12,14,8,11,14,4,11,2.0,4,9,7.0,8.0,12.0,7,12,10,14,21,9,12,6,6,7.0,0.0,10,9,5.0,6,12.0,7,5.0,1.0,9,12,4.0,7,4,6,10.0,4,4.0,3.0,0.0,0.0,7.0,5,8,5,4,2.0,3.0,1.0,1.0,1.0,2.0,0.0,1.0,0.0,4.0,1.0,1.0,8,7,5,11,7,5.0,13,8,4.0,8,6.0,8,12,12,13,18.0,7,9,11,8.0,4.0,2.0,10.0,11,6,8,9,6,4.0,12.0,6,14,6.0,10.0,9,6,3.0,1.0,2.0,1.0,1.0,0.0,2.0,7.0,7.0,8.0,12,14,5.0,10,11,10,3.0,0.0,7,9,2.0,4.0,7.0,1.0,4.0,10.0,8.0,6,5.0,17,6.0,1.0,2.0,3.0,5.0,10.0,5.0,7,5,12,16,17,4,9,6,9,1,3.0,9,7,9,8,11,23,6,11,12,10,6.0,6,5,10,6,3.0,11,5.0,3.0,2.0,3.0,7,12,3.0,10,11,7.0,10,8,9,4.0,2.0,13,13,12.0,10,7,12,4.0,4.0,19,8,2,14,10,10,13,5.0,11,14,9,16,16,12,10,21,22,2.0,2.0,2.0,6.0,2.0,4.0,5.0,8.0,1.0
archaea_pyrococcus_chunk_40,archaea_pyrococcus.fasta,40,archaea,44.0,14,36,15,12,8,6.0,16,32,14,16,15,18,11,6,16,17,7.0,9.0,7,6.0,2.0,6,7.0,4.0,1.0,11,8,5,11,32,8.0,19.0,19,5.0,5,4.0,14,14,6,10.0,9,10,4.0,6,16,15,10,15,15,9,8,1.0,8,6,7.0,8.0,5.0,17,11,7,14,24,10,7,12,7,4.0,0.0,7,8,4.0,4,5.0,9,5.0,2.0,5,15,6.0,3,1,8,4.0,9,4.0,0.0,1.0,6.0,7.0,8,5,5,11,3.0,5.0,3.0,0.0,4.0,3.0,1.0,2.0,2.0,4.0,3.0,2.0,6,8,7,12,12,6.0,6,3,3.0,5,7.0,15,6,4,5,22.0,11,22,15,4.0,5.0,4.0,4.0,19,5,9,9,12,4.0,8.0,12,7,1.0,2.0,4,4,4.0,2.0,3.0,1.0,1.0,2.0,2.0,5.0,9.0,6.0,7,21,4.0,14,7,4,0.0,1.0,5,14,3.0,8.0,6.0,5.0,1.0,5.0,9.0,8,6.0,5,3.0,3.0,2.0,3.0,5.0,8.0,3.0,16,7,6,5,19,7,12,10,17,5,6.0,8,19,5,10,7,16,6,9,16,14,4.0,7,9,7,9,3.0,7,7.0,2.0,1.0,2.0,10,4,2.0,7,6,5.0,6,5,5,5.0,1.0,4,15,0.0,11,3,4,4.0,4.0,7,19,14,13,15,10,9,4.0,6,8,3,8,4,13,5,6,7,8.0,4.0,0.0,0.0,2.0,5.0,4.0,2.0,4.0
archaea_pyrococcus_chunk_41,archaea_pyrococcus.fasta,41,archaea,4.0,6,12,10,10,6,1.0,15,12,6,13,10,8,8,9,17,7,5.0,4.0,8,6.0,4.0,4,2.0,2.0,1.0,5,9,5,13,7,3.0,9.0,8,8.0,6,3.0,10,9,13,4.0,7,5,2.0,3,15,16,4,7,8,14,9,2.0,15,5,6.0,4.0,7.0,10,12,9,27,9,12,14,15,3,6.0,3.0,6,3,9.0,8,4.0,9,14.0,4.0,16,10,4.0,6,15,10,9.0,12,4.0,5.0,6.0,5.0,3.0,18,8,15,2,3.0,3.0,2.0,1.0,3.0,4.0,3.0,6.0,0.0,1.0,1.0,4.0,8,9,8,12,15,16.0,25,6,11.0,6,6.0,8,26,7,22,8.0,6,7,5,4.0,4.0,1.0,3.0,4,8,5,4,5,7.0,4.0,7,10,2.0,8.0,8,3,10.0,3.0,11.0,2.0,0.0,3.0,1.0,10.0,14.0,3.0,8,7,5.0,7,8,5,11.0,1.0,11,6,7.0,4.0,3.0,6.0,5.0,1.0,4.0,2,3.0,9,7.0,3.0,2.0,3.0,0.0,4.0,1.0,9,5,6,11,11,8,8,12,7,5,2.0,8,8,4,7,7,13,11,5,18,23,7.0,6,12,16,15,3.0,17,3.0,1.0,2.0,3.0,19,17,13.0,27,10,1.0,2,4,13,8.0,1.0,11,8,5.0,6,6,4,4.0,2.0,8,13,6,8,18,12,23,3.0,33,6,14,11,4,18,28,13,35,7.0,2.0,3.0,2.0,4.0,2.0,3.0,2.0,10.0
archaea_pyrococcus_chunk_42,archaea_pyrococcus.fasta,42,archaea,21.0,10,26,14,14,5,1.0,10,25,19,21,11,24,7,14,10,9,4.0,12.0,7,5.0,2.0,4,6.0,2.0,3.0,1,9,4,6,33,6.0,21.0,24,14.0,7,4.0,20,29,10,14.0,5,9,3.0,6,19,14,5,22,11,7,3,2.0,5,17,11.0,13.0,5.0,11,5,12,13,10,7,14,11,4,4.0,3.0,3,14,8.0,12,7.0,7,2.0,6.0,12,8,4.0,9,6,5,4.0,7,5.0,3.0,1.0,1.0,6.0,3,4,8,8,5.0,5.0,1.0,0.0,1.0,5.0,1.0,1.0,1.0,0.0,1.0,3.0,8,2,2,7,11,4.0,5,9,5.0,4,3.0,7,8,6,9,26.0,9,24,14,5.0,4.0,4.0,4.0,30,7,17,12,14,4.0,13.0,11,15,2.0,11.0,7,7,6.0,4.0,5.0,3.0,1.0,3.0,0.0,8.0,5.0,9.0,8,17,5.0,27,8,9,9.0,1.0,5,11,6.0,9.0,7.0,7.0,1.0,3.0,8.0,10,8.0,3,2.0,6.0,1.0,1.0,3.0,6.0,3.0,8,9,7,10,14,4,12,16,9,3,3.0,3,15,11,8,7,7,4,13,8,10,4.0,9,7,10,5,0.0,5,4.0,1.0,2.0,2.0,4,3,4.0,8,16,6.0,13,5,9,5.0,2.0,4,12,7.0,9,6,8,4.0,3.0,4,14,8,9,11,10,7,5.0,8,11,3,11,8,16,8,8,5,5.0,0.0,0.0,3.0,2.0,1.0,3.0,1.0,4.0
archaea_pyrococcus_chunk_43,archaea_pyrococcus.fasta,43,archaea,19.0,16,11,15,12,6,3.0,18,4,5,9,10,8,12,13,15,8,3.0,4.0,6,6.0,0.0,7,3.0,2.0,4.0,12,14,5,10,10,5.0,11.0,3,4.0,6,3.0,13,4,4,4.0,3,5,3.0,5,13,11,7,8,6,12,10,3.0,19,6,5.0,7.0,13.0,12,10,15,16,16,10,7,10,3,3.0,1.0,9,7,6.0,2,4.0,8,16.0,10.0,9,13,9.0,7,16,11,8.0,11,2.0,5.0,3.0,2.0,4.0,15,9,17,4,3.0,4.0,2.0,0.0,5.0,1.0,4.0,1.0,3.0,2.0,1.0,1.0,13,9,7,14,9,24.0,26,6,8.0,11,3.0,9,17,8,30,14.0,7,2,14,4.0,3.0,1.0,4.0,9,4,2,9,4,4.0,3.0,12,4,0.0,1.0,8,6,10.0,2.0,6.0,2.0,0.0,2.0,1.0,7.0,13.0,4.0,11,8,3.0,5,8,3,6.0,2.0,6,6,3.0,3.0,4.0,3.0,0.0,5.0,4.0,3,6.0,6,4.0,4.0,0.0,7.0,7.0,2.0,0.0,4,7,3,11,12,6,8,9,2,6,6.0,10,9,11,2,3,12,12,5,17,18,4.0,7,13,22,9,8.0,21,5.0,1.0,2.0,1.0,20,21,10.0,26,14,3.0,5,8,5,10.0,0.0,11,13,6.0,8,2,8,8.0,3.0,7,8,5,4,20,17,22,2.0,25,11,8,9,10,12,32,13,43,5.0,2.0,1.0,1.0,4.0,4.0,3.0,5.0,2.0
archaea_pyrococcus_chunk_44,archaea_pyrococcus.fasta,44,archaea,37.0,12,30,12,6,8,3.0,17,28,14,13,11,20,7,9,12,10,5.0,5.0,6,9.0,1.0,9,6.0,3.0,7.0,8,11,2,17,24,7.0,18.0,16,8.0,7,2.0,11,10,10,10.0,9,6,3.0,5,16,22,7,15,10,4,9,2.0,14,7,9.0,5.0,2.0,10,6,6,15,21,5,5,9,6,8.0,3.0,5,9,1.0,9,0.0,9,8.0,4.0,10,10,10.0,4,8,8,4.0,5,1.0,0.0,0.0,2.0,6.0,11,3,12,7,2.0,3.0,0.0,1.0,0.0,1.0,1.0,3.0,2.0,5.0,3.0,5.0,11,4,9,9,12,12.0,11,2,3.0,3,9.0,12,15,14,18,19.0,5,17,14,6.0,1.0,7.0,7.0,16,6,6,10,13,5.0,3.0,8,9,2.0,5.0,8,4,4.0,2.0,3.0,4.0,0.0,2.0,2.0,6.0,6.0,5.0,9,11,5.0,12,5,11,3.0,2.0,5,11,6.0,8.0,3.0,3.0,2.0,7.0,5.0,8,4.0,5,4.0,2.0,3.0,6.0,5.0,4.0,5.0,10,8,11,8,14,12,14,13,8,4,4.0,9,12,7,11,9,12,9,7,7,11,5.0,5,9,11,7,0.0,15,4.0,0.0,2.0,5.0,13,11,7.0,20,13,6.0,6,5,5,3.0,3.0,10,11,4.0,7,3,7,7.0,0.0,11,12,11,11,11,10,10,2.0,20,16,8,13,9,13,13,15,16,2.0,1.0,3.0,0.0,3.0,4.0,3.0,1.0,0.0
archaea_pyrococcus_chunk_45,archaea_pyrococcus.fasta,45,archaea,18.0,11,24,12,14,6,7.0,14,21,16,22,14,8,7,7,12,10,3.0,9.0,10,13.0,3.0,8,1.0,0.0,4.0,9,5,1,10,19,5.0,30.0,10,7.0,9,1.0,18,17,10,11.0,4,9,9.0,9,16,15,5,5,8,7,6,4.0,7,9,3.0,4.0,7.0,19,11,14,8,18,11,14,9,6,12.0,0.0,5,10,5.0,3,7.0,8,9.0,7.0,12,17,11.0,11,9,13,10.0,11,3.0,1.0,1.0,5.0,10.0,9,4,19,5,3.0,2.0,3.0,1.0,2.0,2.0,0.0,1.0,0.0,3.0,0.0,6.0,13,7,3,8,10,7.0,12,2,3.0,6,2.0,10,15,9,18,14.0,9,18,5,2.0,3.0,3.0,3.0,15,10,12,15,9,0.0,5.0,12,12,2.0,2.0,7,8,8.0,3.0,10.0,3.0,0.0,2.0,1.0,8.0,8.0,3.0,7,13,3.0,9,8,8,11.0,2.0,1,6,7.0,3.0,3.0,3.0,0.0,2.0,5.0,5,7.0,7,9.0,3.0,0.0,3.0,5.0,2.0,4.0,16,5,11,6,15,10,17,8,10,13,0.0,3,18,4,5,7,8,8,4,16,13,7.0,3,10,14,8,2.0,13,3.0,2.0,0.0,3.0,4,12,5.0,16,9,3.0,10,6,6,6.0,2.0,5,8,5.0,4,3,10,2.0,1.0,11,17,8,18,13,7,21,0.0,15,12,12,8,11,11,12,9,13,10.0,5.0,0.0,2.0,4.0,4.0,6.0,1.0,2.0
archaea_pyrococcus_chunk_46,archaea_pyrococcus.fasta,46,archaea,5.0,7,4,18,5,5,4.0,21,4,7,9,7,8,20,6,17,8,5.0,4.0,6,4.0,0.0,7,3.0,2.0,3.0,9,8,7,16,5,1.0,6.0,2,10.0,4,1.0,14,4,4,8.0,7,5,4.0,5,10,14,5,3,8,10,15,5.0,23,2,9.0,5.0,8.0,16,15,5,14,12,10,10,9,9,1.0,2.0,8,4,10.0,4,7.0,14,16.0,6.0,13,14,9.0,7,18,10,8.0,15,0.0,2.0,0.0,3.0,5.0,10,9,21,4,2.0,1.0,2.0,0.0,2.0,0.0,1.0,1.0,0.0,6.0,3.0,5.0,11,10,2,15,5,15.0,19,3,11.0,14,4.0,13,32,7,35,5.0,9,4,5,1.0,1.0,0.0,2.0,1,7,6,4,2,1.0,4.0,5,5,1.0,7.0,12,6,4.0,1.0,5.0,1.0,0.0,0.0,2.0,8.0,7.0,3.0,17,6,1.0,8,6,4,3.0,0.0,5,7,3.0,7.0,6.0,3.0,6.0,3.0,8.0,7,5.0,5,6.0,6.0,1.0,6.0,5.0,3.0,6.0,8,8,5,13,12,9,9,19,8,8,2.0,9,5,5,4,6,6,16,8,15,14,5.0,7,13,28,19,2.0,18,3.0,4.0,0.0,6.0,16,18,13.0,33,8,2.0,2,3,9,7.0,2.0,14,11,4.0,7,7,5,9.0,6.0,11,17,10,10,17,18,31,3.0,32,5,9,7,13,17,28,17,38,4.0,0.0,0.0,2.0,0.0,4.0,2.0,3.0,2.0
archaea_pyrococcus_chunk_47,archaea_pyrococcus.fasta,47,archaea,15.0,2,20,10,15,6,2.0,4,20,13,25,12,12,5,17,6,14,5.0,7.0,14,5.0,2.0,7,4.0,3.0,1.0,6,2,3,12,27,6.0,23.0,18,5.0,10,1.0,13,20,12,22.0,6,6,7.0,5,18,15,8,12,8,4,7,2.0,9,17,10.0,17.0,8.0,8,9,6,6,10,6,20,14,6,6.0,1.0,5,10,3.0,7,7.0,9,5.0,8.0,9,10,5.0,10,7,8,0.0,11,7.0,2.0,0.0,3.0,5.0,6,4,9,3,8.0,2.0,3.0,1.0,0.0,3.0,3.0,0.0,3.0,0.0,3.0,2.0,2,9,6,9,8,3.0,10,6,2.0,7,4.0,9,9,13,9,14.0,10,25,10,6.0,3.0,4.0,8.0,32,8,19,14,11,5.0,18.0,8,12,3.0,6.0,3,9,14.0,7.0,0.0,2.0,0.0,2.0,1.0,4.0,10.0,8.0,7,13,6.0,22,11,12,11.0,1.0,10,13,10.0,9.0,5.0,1.0,3.0,7.0,13.0,3,2.0,4,7.0,6.0,2.0,4.0,6.0,6.0,5.0,6,11,13,10,8,9,5,6,13,2,4.0,6,12,5,9,3,11,7,9,6,14,5.0,4,7,10,4,1.0,6,5.0,1.0,4.0,3.0,11,8,4.0,12,16,4.0,20,11,6,6.0,2.0,5,16,9.0,6,10,7,6.0,2.0,7,8,3,9,12,11,5,4.0,12,22,7,11,5,9,3,13,9,3.0,3.0,5.0,2.0,3.0,5.0,5.0,0.0,2.0
archaea_pyrococcus_chunk_48,archaea_pyrococcus.fasta,48,archaea,43.0,11,30,18,11,4,3.0,17,22,13,17,20,8,12,12,16,9,5.0,9.0,10,4.0,0.0,8,4.0,1.0,2.0,7,6,5,12,20,7.0,13.0,12,10.0,5,4.0,12,23,7,7.0,9,7,5.0,11,13,18,7,4,20,6,8,2.0,11,13,7.0,8.0,14.0,12,9,7,11,13,7,13,8,5,5.0,2.0,6,9,5.0,12,3.0,10,5.0,8.0,5,11,2.0,10,5,9,3.0,6,3.0,1.0,0.0,2.0,6.0,14,8,3,4,3.0,4.0,1.0,0.0,2.0,1.0,1.0,0.0,1.0,2.0,0.0,5.0,13,3,3,7,11,6.0,18,4,3.0,8,9.0,7,13,7,17,26.0,10,20,8,7.0,3.0,1.0,4.0,14,10,12,7,17,4.0,8.0,8,7,4.0,4.0,6,6,2.0,1.0,7.0,2.0,3.0,1.0,2.0,7.0,3.0,4.0,6,22,4.0,16,10,1,4.0,4.0,4,12,1.0,2.0,3.0,5.0,1.0,5.0,4.0,5,9.0,7,5.0,6.0,2.0,2.0,10.0,8.0,8.0,5,12,10,5,20,7,10,14,10,6,2.0,3,7,3,5,6,14,6,14,10,14,7.0,6,7,9,10,2.0,10,3.0,1.0,1.0,3.0,6,13,7.0,23,18,3.0,11,11,7,6.0,0.0,2,16,4.0,9,2,10,6.0,11.0,10,15,8,5,10,12,11,3.0,18,16,4,7,6,14,10,9,14,6.0,1.0,1.0,3.0,2.0,1.0,3.0,1.0,3.0
archaea_pyrococcus_chunk_49,archaea_pyrococcus.fasta,49,archaea,16.0,12,24,12,7,11,5.0,14,32,10,16,9,9,4,18,13,17,5.0,3.0,8,5.0,3.0,8,6.0,5.0,6.0,7,13,5,12,18,11.0,25.0,18,13.0,8,6.0,11,21,10,7.0,8,4,0.0,11,18,13,2,8,7,7,11,5.0,3,19,7.0,12.0,5.0,9,9,9,10,13,10,10,11,8,3.0,6.0,7,7,8.0,7,8.0,3,8.0,8.0,8,12,10.0,10,5,11,6.0,4,3.0,1.0,1.0,3.0,9.0,5,4,7,5,8.0,3.0,3.0,0.0,3.0,2.0,2.0,0.0,4.0,4.0,2.0,8.0,9,12,2,6,13,7.0,16,6,1.0,12,1.0,9,8,9,11,20.0,11,16,10,8.0,3.0,4.0,9.0,24,14,18,13,12,5.0,13.0,8,5,5.0,10.0,5,7,4.0,2.0,8.0,4.0,0.0,1.0,3.0,6.0,11.0,6.0,7,17,2.0,23,9,5,5.0,1.0,8,8,3.0,7.0,3.0,4.0,3.0,7.0,4.0,7,2.0,6,2.0,2.0,0.0,2.0,9.0,7.0,1.0,12,4,10,8,15,4,17,11,10,5,6.0,7,9,6,5,3,6,9,4,8,10,4.0,7,9,14,7,1.0,5,4.0,2.0,1.0,3.0,7,10,5.0,11,17,10.0,13,8,6,5.0,1.0,8,20,5.0,7,3,6,2.0,4.0,4,18,10,11,8,8,7,2.0,12,14,5,4,9,17,8,4,13,6.0,4.0,1.0,1.0,1.0,3.0,3.0,7.0,2.0
archaea_pyrococcus_chunk_50,archaea_pyrococcus.fasta,50,archaea,10.0,8,4,11,7,9,5.0,20,4,3,5,8,12,9,13,10,5,4.0,2.0,9,7.0,3.0,12,5.0,3.0,7.0,11,10,7,12,7,1.0,5.0,8,4.0,2,4.0,5,8,3,5.0,4,7,6.0,6,9,10,12,9,12,9,6,2.0,24,10,5.0,7.0,20.0,13,14,11,7,7,8,5,11,3,11.0,5.0,7,2,4.0,3,3.0,10,11.0,5.0,11,6,8.0,4,10,8,5.0,7,1.0,5.0,3.0,1.0,8.0,12,5,18,4,4.0,2.0,2.0,1.0,7.0,3.0,4.0,5.0,0.0,4.0,3.0,5.0,15,4,8,15,15,11.0,32,4,11.0,10,4.0,12,32,9,24,7.0,9,6,12,3.0,1.0,2.0,4.0,6,4,3,9,10,8.0,10.0,7,4,5.0,4.0,6,5,2.0,0.0,4.0,3.0,0.0,1.0,3.0,9.0,9.0,6.0,12,10,1.0,6,18,3,6.0,1.0,9,11,4.0,2.0,4.0,6.0,1.0,0.0,4.0,6,5.0,7,2.0,5.0,2.0,11.0,7.0,4.0,4.0,6,6,14,7,9,17,5,10,7,6,5.0,9,9,4,9,8,11,13,14,17,16,9.0,2,12,8,9,6.0,20,6.0,5.0,5.0,2.0,14,33,11.0,35,13,3.0,7,7,10,1.0,1.0,15,13,8.0,9,3,6,12.0,7.0,15,10,6,8,20,13,21,8.0,26,9,10,12,12,13,16,9,7,5.0,2.0,5.0,2.0,1.0,6.0,5.0,1.0,1.0
archaea_pyrococcus_chunk_51,archaea_pyrococcus.fasta,51,archaea,31.0,15,15,16,15,8,4.0,16,16,5,21,14,15,7,9,14,6,5.0,9.0,6,4.0,5.0,9,6.0,5.0,2.0,19,6,3,8,17,5.0,16.0,12,11.0,2,3.0,6,15,9,16.0,12,10,4.0,8,12,24,5,8,13,6,5,4.0,11,8,6.0,5.0,12.0,8,5,19,14,6,10,10,10,3,2.0,1.0,4,6,7.0,6,4.0,9,0.0,6.0,8,10,1.0,4,4,4,4.0,8,4.0,3.0,2.0,1.0,9.0,5,7,9,8,5.0,2.0,3.0,1.0,3.0,4.0,3.0,4.0,5.0,2.0,0.0,7.0,7,12,12,19,4,6.0,9,5,3.0,6,1.0,8,8,6,12,26.0,5,23,6,2.0,0.0,7.0,5.0,21,6,14,9,9,3.0,10.0,12,13,1.0,3.0,4,3,3.0,3.0,6.0,2.0,0.0,4.0,2.0,7.0,7.0,4.0,7,20,3.0,26,12,3,5.0,3.0,6,24,1.0,6.0,4.0,6.0,2.0,8.0,9.0,10,4.0,8,7.0,2.0,1.0,5.0,5.0,6.0,5.0,6,6,19,11,14,13,8,13,6,11,3.0,11,7,4,11,7,17,16,6,12,7,3.0,7,9,8,5,2.0,7,7.0,4.0,5.0,4.0,15,7,1.0,10,15,2.0,3,8,5,5.0,1.0,10,18,4.0,9,4,9,9.0,4.0,14,7,9,5,12,9,9,9.0,8,10,8,18,18,11,16,10,15,3.0,2.0,4.0,2.0,0.0,6.0,5.0,4.0,0.0
archaea_pyrococcus_chunk_52,archaea_pyrococcus.fasta,52,archaea,24.0,7,25,19,9,6,3.0,6,40,11,21,13,17,10,13,11,11,2.0,5.0,6,11.0,2.0,3,5.0,5.0,5.0,8,1,3,11,30,8.0,20.0,15,10.0,8,6.0,10,16,8,15.0,15,5,1.0,13,15,15,6,9,11,7,12,3.0,9,8,6.0,10.0,2.0,15,12,7,18,10,5,16,9,5,3.0,4.0,3,9,4.0,9,6.0,7,9.0,2.0,15,12,7.0,12,5,8,6.0,7,2.0,2.0,1.0,3.0,5.0,11,2,5,6,5.0,4.0,1.0,1.0,2.0,3.0,2.0,1.0,2.0,2.0,1.0,7.0,6,8,1,9,9,6.0,4,5,1.0,6,0.0,11,5,9,7,23.0,6,34,12,6.0,3.0,3.0,6.0,15,9,18,10,8,8.0,7.0,10,11,0.0,3.0,11,5,5.0,4.0,3.0,5.0,0.0,2.0,3.0,4.0,5.0,4.0,7,24,4.0,14,10,8,4.0,3.0,5,15,3.0,9.0,6.0,4.0,4.0,8.0,11.0,8,4.0,4,5.0,3.0,2.0,2.0,9.0,10.0,5.0,16,4,13,9,18,6,10,11,4,10,6.0,8,9,9,6,5,9,4,4,16,6,6.0,8,11,12,5,1.0,10,4.0,3.0,0.0,3.0,7,6,3.0,9,15,5.0,13,4,5,4.0,0.0,3,18,7.0,8,5,6,3.0,3.0,9,16,13,15,9,10,7,1.0,10,15,4,12,14,11,7,16,17,6.0,1.0,1.0,2.0,4.0,4.0,1.0,1.0,1.0
archaea_pyrococcus_chunk_53,archaea_pyrococcus.fasta,53,archaea,12.0,11,13,11,12,14,3.0,19,12,6,11,16,15,9,11,15,13,2.0,3.0,13,10.0,1.0,9,2.0,0.0,2.0,7,6,5,14,15,4.0,6.0,5,0.0,8,1.0,6,8,3,7.0,6,10,2.0,4,19,15,8,5,17,11,15,1.0,20,11,3.0,8.0,11.0,14,11,10,19,19,15,10,10,6,6.0,2.0,2,4,4.0,8,5.0,11,13.0,5.0,16,15,4.0,7,14,11,9.0,11,2.0,0.0,0.0,1.0,9.0,17,2,19,1,0.0,2.0,1.0,1.0,3.0,0.0,0.0,1.0,0.0,2.0,2.0,0.0,10,6,5,11,16,9.0,19,2,4.0,6,3.0,10,30,7,27,5.0,8,10,12,4.0,1.0,0.0,4.0,5,1,3,6,9,4.0,4.0,5,8,1.0,1.0,3,5,6.0,0.0,6.0,1.0,1.0,0.0,0.0,6.0,7.0,1.0,8,11,1.0,4,7,3,6.0,0.0,6,6,5.0,0.0,2.0,4.0,2.0,2.0,5.0,14,6.0,6,6.0,4.0,0.0,2.0,4.0,0.0,5.0,8,8,9,12,11,14,12,17,9,6,2.0,7,9,4,2,8,10,20,13,18,18,9.0,10,15,14,10,1.0,21,2.0,3.0,1.0,5.0,10,19,7.0,33,8,1.0,5,8,8,2.0,0.0,7,9,7.0,5,5,13,4.0,1.0,13,15,7,7,27,19,18,5.0,28,5,10,12,12,24,21,13,32,7.0,3.0,3.0,2.0,4.0,5.0,3.0,0.0,1.0
archaea_pyrococcus_chunk_54,archaea_pyrococcus.fasta,54,archaea,19.0,12,26,10,12,5,7.0,15,38,11,16,11,11,1,10,20,9,1.0,9.0,4,1.0,1.0,7,4.0,5.0,3.0,6,9,4,11,36,6.0,29.0,17,4.0,4,2.0,12,18,7,13.0,14,5,6.0,4,24,12,5,14,6,5,4,0.0,4,11,3.0,11.0,5.0,12,16,12,12,14,6,10,7,2,1.0,2.0,1,14,4.0,7,5.0,3,5.0,2.0,6,9,3.0,9,1,6,1.0,8,6.0,1.0,0.0,0.0,10.0,7,6,12,5,1.0,1.0,3.0,0.0,1.0,5.0,0.0,0.0,1.0,2.0,0.0,3.0,10,5,6,11,7,11.0,6,4,2.0,12,4.0,6,7,7,22,21.0,12,29,20,3.0,1.0,3.0,9.0,22,3,20,14,13,3.0,4.0,16,6,0.0,5.0,5,5,1.0,2.0,7.0,1.0,0.0,0.0,2.0,10.0,4.0,6.0,10,27,2.0,14,10,8,5.0,1.0,11,17,11.0,11.0,1.0,4.0,2.0,7.0,12.0,3,7.0,5,5.0,3.0,1.0,2.0,4.0,5.0,1.0,10,10,14,13,13,10,11,5,6,6,2.0,5,14,4,9,9,10,4,14,10,13,2.0,7,6,10,10,3.0,13,0.0,1.0,1.0,2.0,6,6,6.0,9,14,4.0,15,8,4,3.0,0.0,6,13,7.0,16,9,6,1.0,0.0,8,14,6,9,16,11,18,1.0,15,22,7,17,5,17,12,18,26,4.0,2.0,4.0,0.0,2.0,2.0,2.0,1.0,1.0
archaea_pyrococcus_chunk_55,archaea_pyrococcus.fasta,55,archaea,28.0,9,12,25,6,5,2.0,10,17,7,12,12,16,11,14,23,7,3.0,4.0,5,7.0,1.0,2,3.0,1.0,0.0,4,3,8,10,16,3.0,11.0,11,8.0,4,0.0,7,12,5,17.0,7,7,3.0,10,14,17,7,10,14,7,8,3.0,10,9,4.0,12.0,10.0,13,13,16,28,15,4,8,10,2,0.0,0.0,6,7,3.0,4,7.0,7,5.0,9.0,12,10,1.0,4,16,7,5.0,2,2.0,2.0,4.0,4.0,2.0,4,4,9,5,2.0,3.0,3.0,1.0,3.0,2.0,2.0,4.0,1.0,6.0,1.0,1.0,7,2,6,6,6,5.0,10,7,3.0,4,6.0,4,17,8,19,13.0,5,16,13,7.0,3.0,2.0,3.0,13,4,12,7,9,5.0,6.0,15,9,1.0,9.0,2,6,3.0,3.0,3.0,3.0,3.0,2.0,3.0,4.0,5.0,3.0,11,17,5.0,11,10,5,4.0,6.0,6,17,9.0,7.0,7.0,8.0,3.0,6.0,9.0,14,7.0,13,2.0,3.0,2.0,7.0,9.0,6.0,9.0,6,7,8,9,18,5,12,16,4,4,2.0,6,4,5,13,8,16,7,6,20,11,3.0,4,10,11,9,3.0,12,5.0,2.0,2.0,3.0,11,10,5.0,18,9,4.0,11,11,6,4.0,4.0,7,12,5.0,12,11,15,6.0,11.0,6,13,5,7,16,13,19,6.0,17,10,10,18,14,18,18,20,34,2.0,2.0,3.0,2.0,2.0,1.0,2.0,4.0,5.0
archaea_pyrococcus_chunk_56,archaea_pyrococcus.fasta,56,archaea,27.0,16,24,19,9,9,9.0,13,27,8,14,11,11,14,5,24,9,3.0,8.0,6,9.0,5.0,7,5.0,6.0,5.0,5,6,12,10,34,13.0,15.0,16,12.0,4,2.0,6,15,5,4.0,7,9,5.0,7,8,19,3,8,7,7,13,2.0,12,6,7.0,5.0,3.0,18,13,4,21,13,7,10,7,6,5.0,3.0,3,20,5.0,6,6.0,6,6.0,4.0,10,6,4.0,13,4,5,5.0,7,3.0,2.0,6.0,2.0,8.0,7,6,7,4,3.0,5.0,1.0,1.0,1.0,6.0,5.0,3.0,3.0,0.0,0.0,6.0,9,5,6,7,10,7.0,12,10,11.0,7,9.0,6,15,4,12,22.0,8,17,16,5.0,3.0,5.0,10.0,19,7,8,6,10,6.0,9.0,12,8,4.0,7.0,9,4,7.0,1.0,4.0,5.0,0.0,3.0,0.0,4.0,4.0,7.0,6,11,3.0,12,8,4,7.0,1.0,5,6,1.0,2.0,4.0,6.0,1.0,8.0,6.0,10,5.0,4,5.0,4.0,0.0,4.0,4.0,9.0,5.0,6,7,10,6,23,9,9,12,6,4,2.0,7,12,5,3,6,10,8,3,10,14,6.0,9,7,9,10,2.0,10,5.0,3.0,2.0,0.0,10,16,12.0,14,14,1.0,10,8,7,4.0,4.0,9,7,6.0,4,7,7,6.0,4.0,9,15,8,7,13,14,7,4.0,24,13,5,3,9,13,14,12,27,0.0,3.0,6.0,5.0,1.0,4.0,3.0,1.0,5.0
archaea_pyrococcus_chunk_57,archaea_pyrococcus.fasta,57,archaea,23.0,7,18,13,9,14,7.0,13,20,12,12,8,15,7,9,12,8,5.0,5.0,10,11.0,5.0,14,7.0,4.0,3.0,6,3,3,14,19,5.0,13.0,10,7.0,6,2.0,17,11,6,8.0,6,6,7.0,11,11,12,10,11,11,10,10,2.0,8,7,3.0,6.0,7.0,14,12,11,11,10,13,7,9,5,10.0,2.0,3,2,2.0,6,9.0,11,11.0,2.0,10,11,7.0,5,11,4,8.0,8,3.0,2.0,1.0,1.0,4.0,9,10,23,6,3.0,6.0,0.0,2.0,3.0,1.0,4.0,1.0,5.0,2.0,1.0,4.0,10,9,8,7,7,10.0,5,6,1.0,11,9.0,19,14,11,25,15.0,10,13,12,6.0,2.0,2.0,1.0,13,13,7,5,6,4.0,5.0,12,7,3.0,4.0,7,3,2.0,0.0,9.0,3.0,2.0,2.0,1.0,12.0,7.0,8.0,11,11,4.0,14,6,9,5.0,4.0,8,10,9.0,4.0,2.0,7.0,6.0,1.0,4.0,6,8.0,2,1.0,8.0,1.0,8.0,3.0,7.0,5.0,12,5,5,7,13,13,14,9,8,9,5.0,9,12,5,6,13,12,8,7,14,13,5.0,5,6,16,6,0.0,15,3.0,0.0,4.0,3.0,12,5,6.0,21,15,1.0,8,5,4,3.0,0.0,10,13,7.0,12,5,4,4.0,5.0,10,21,9,9,21,11,9,5.0,23,13,10,13,2,15,17,11,19,6.0,2.0,1.0,1.0,1.0,2.0,3.0,3.0,2.0
archaea_pyrococcus_chunk_58,archaea_pyrococcus.fasta,58,archaea,27.0,6,23,9,11,7,5.0,19,15,12,16,17,9,13,8,12,8,3.0,6.0,6,4.0,4.0,6,2.0,1.0,5.0,9,8,7,12,14,4.0,10.0,9,9.0,5,1.0,22,15,5,11.0,8,6,7.0,7,12,10,1,8,8,13,8,8.0,12,12,6.0,5.0,6.0,15,8,8,12,22,13,12,6,5,8.0,3.0,7,5,5.0,6,5.0,10,12.0,8.0,4,19,14.0,7,14,20,7.0,6,2.0,1.0,1.0,7.0,2.0,8,2,19,5,5.0,3.0,3.0,0.0,3.0,1.0,4.0,3.0,2.0,4.0,2.0,3.0,8,5,6,8,7,17.0,16,4,8.0,3,2.0,11,17,8,29,6.0,13,16,14,3.0,2.0,2.0,3.0,9,9,9,7,5,5.0,3.0,11,12,0.0,6.0,4,8,5.0,2.0,9.0,4.0,0.0,3.0,1.0,11.0,9.0,6.0,12,17,1.0,11,5,5,7.0,2.0,4,10,6.0,7.0,4.0,4.0,2.0,1.0,9.0,11,5.0,5,5.0,7.0,3.0,3.0,4.0,1.0,6.0,6,6,8,7,10,9,9,13,4,1,0.0,7,8,11,8,3,3,11,10,16,14,6.0,2,10,22,17,5.0,10,8.0,4.0,5.0,1.0,5,19,2.0,22,14,2.0,8,7,7,9.0,5.0,9,8,3.0,6,2,8,4.0,5.0,3,12,5,11,19,7,22,3.0,17,11,12,10,6,15,18,15,12,4.0,2.0,3.0,1.0,5.0,4.0,1.0,4.0,0.0
archaea_pyrococcus_chunk_59,archaea_pyrococcus.fasta,59,archaea,16.0,15,15,12,10,5,7.0,19,14,10,5,12,8,12,7,18,8,0.0,5.0,4,4.0,0.0,7,6.0,4.0,6.0,9,7,4,12,14,5.0,7.0,6,4.0,5,2.0,9,7,4,6.0,6,10,9.0,6,14,5,2,6,3,3,14,5.0,22,6,0.0,2.0,10.0,8,16,8,17,21,12,7,12,1,1.0,4.0,4,4,4.0,5,8.0,4,10.0,3.0,8,10,8.0,11,9,6,11.0,23,1.0,0.0,1.0,3.0,8.0,22,3,15,5,4.0,2.0,1.0,1.0,3.0,1.0,3.0,5.0,0.0,3.0,5.0,7.0,14,5,4,12,20,17.0,26,6,5.0,3,5.0,9,26,11,27,13.0,9,11,10,4.0,2.0,2.0,5.0,7,2,9,6,2,4.0,3.0,10,9,0.0,0.0,5,5,4.0,1.0,6.0,1.0,0.0,0.0,4.0,2.0,10.0,2.0,9,10,3.0,6,5,2,6.0,2.0,6,6,7.0,7.0,6.0,3.0,3.0,3.0,5.0,3,9.0,11,5.0,5.0,2.0,12.0,5.0,5.0,4.0,6,9,9,13,8,5,8,11,2,4,3.0,4,7,4,4,13,2,18,5,13,25,2.0,5,7,23,25,3.0,12,5.0,7.0,4.0,7.0,16,32,10.0,37,14,3.0,7,6,6,4.0,0.0,5,10,2.0,8,2,8,7.0,5.0,11,10,5,9,12,11,26,8.0,35,13,5,12,12,13,29,14,23,1.0,0.0,2.0,2.0,5.0,8.0,1.0,5.0,1.0
archaea_pyrococcus_chunk_60,archaea_pyrococcus.fasta,60,archaea,7.0,5,2,10,10,10,5.0,18,6,7,4,4,5,9,6,12,8,4.0,3.0,7,13.0,5.0,17,4.0,1.0,8.0,11,5,6,10,9,4.0,3.0,2,8.0,10,3.0,11,3,4,5.0,9,3,4.0,7,4,8,1,5,5,9,4,2.0,18,12,2.0,2.0,14.0,7,8,11,12,5,17,9,5,2,13.0,2.0,5,3,11.0,4,6.0,6,13.0,7.0,13,9,7.0,10,11,5,1.0,9,5.0,5.0,0.0,5.0,0.0,22,13,34,2,5.0,4.0,3.0,1.0,2.0,1.0,2.0,1.0,3.0,5.0,3.0,5.0,6,5,3,9,13,14.0,32,6,18.0,16,14.0,10,28,30,14,3.0,6,5,10,4.0,13.0,4.0,5.0,4,7,9,3,2,6.0,9.0,3,5,5.0,2.0,6,5,6.0,5.0,12.0,2.0,0.0,2.0,3.0,4.0,14.0,13.0,9,5,4.0,5,4,3,7.0,1.0,7,3,2.0,3.0,6.0,6.0,8.0,3.0,9.0,12,10.0,5,10.0,10.0,4.0,12.0,7.0,8.0,1.0,4,11,10,6,9,15,5,7,6,5,2.0,4,5,7,4,5,6,5,8,10,14,6.0,9,15,14,5,2.0,31,3.0,1.0,4.0,6.0,8,22,22.0,29,8,15.0,10,10,7,8.0,2.0,20,10,10.0,5,9,18,15.0,4.0,13,10,6,3,10,12,24,4.0,19,18,16,8,21,8,12,12,10,6.0,0.0,3.0,0.0,9.0,4.0,5.0,1.0,3.0
archaea_pyrococcus_chunk_61,archaea_pyrococcus.fasta,61,archaea,5.0,2,7,9,6,3,8.0,14,10,8,5,10,10,11,8,10,4,4.0,2.0,4,4.0,0.0,6,5.0,3.0,4.0,7,6,5,20,10,3.0,10.0,5,3.0,12,3.0,12,8,3,6.0,7,7,5.0,2,11,8,4,10,16,9,12,3.0,17,8,6.0,5.0,6.0,10,13,7,16,6,10,12,10,2,3.0,2.0,10,2,5.0,6,1.0,10,11.0,7.0,6,10,9.0,2,9,9,9.0,16,1.0,2.0,2.0,7.0,8.0,28,2,21,1,9.0,2.0,3.0,0.0,4.0,6.0,5.0,0.0,1.0,5.0,4.0,10.0,15,2,3,20,14,15.0,35,4,6.0,7,3.0,10,33,14,25,3.0,11,3,8,3.0,2.0,2.0,5.0,6,10,7,8,8,5.0,2.0,9,8,1.0,2.0,6,2,7.0,3.0,11.0,0.0,2.0,1.0,1.0,7.0,11.0,3.0,15,6,2.0,5,9,4,4.0,1.0,8,2,2.0,6.0,7.0,7.0,5.0,2.0,9.0,4,5.0,8,2.0,7.0,2.0,4.0,3.0,3.0,4.0,7,12,10,8,9,8,11,12,3,4,1.0,9,10,7,6,6,10,14,8,21,16,3.0,8,15,15,18,7.0,26,8.0,5.0,6.0,9.0,18,30,10.0,26,8,5.0,7,8,7,4.0,0.0,12,6,7.0,5,8,4,3.0,5.0,7,13,5,11,9,17,32,12.0,28,12,8,11,6,11,31,7,16,2.0,1.0,2.0,3.0,2.0,11.0,6.0,3.0,2.0
archaea_pyrococcus_chunk_62,archaea_pyrococcus.fasta,62,archaea,20.0,7,25,5,8,7,4.0,7,11,14,26,8,8,3,5,5,12,2.0,6.0,6,4.0,2.0,13,8.0,8.0,2.0,4,6,5,12,12,8.0,17.0,8,8.0,9,7.0,18,17,5,17.0,14,6,3.0,9,5,6,6,11,6,7,4,3.0,7,12,6.0,8.0,7.0,2,3,6,11,15,8,11,5,4,2.0,10.0,6,4,6.0,5,4.0,8,10.0,10.0,6,6,11.0,6,10,10,13.0,10,6.0,2.0,4.0,5.0,7.0,21,4,8,10,7.0,5.0,10.0,2.0,5.0,5.0,3.0,6.0,7.0,1.0,5.0,6.0,5,8,1,6,14,16.0,11,9,4.0,8,3.0,8,12,10,13,16.0,8,18,3,7.0,8.0,5.0,8.0,20,18,17,8,8,3.0,11.0,6,10,5.0,2.0,6,8,8.0,7.0,7.0,5.0,5.0,3.0,1.0,0.0,22.0,9.0,11,11,6.0,18,9,5,7.0,4.0,9,12,4.0,4.0,12.0,11.0,3.0,12.0,14.0,5,4.0,3,3.0,6.0,4.0,3.0,14.0,9.0,4.0,5,7,7,11,6,3,5,8,7,8,5.0,6,10,4,5,3,5,5,7,5,11,4.0,5,12,10,12,3.0,10,5.0,8.0,6.0,7.0,9,5,6.0,12,12,12.0,21,6,6,4.0,1.0,10,10,13.0,5,7,1,7.0,8.0,5,6,5,6,7,8,9,6.0,11,16,4,10,7,9,12,14,12,6.0,6.0,2.0,4.0,3.0,13.0,7.0,7.0,5.0
archaea_pyrococcus_chunk_63,archaea_pyrococcus.fasta,63,archaea,7.0,6,10,3,4,7,7.0,7,13,9,12,3,3,6,5,1,4,4.0,4.0,3,5.0,4.0,5,5.0,5.0,9.0,3,13,4,5,7,6.0,15.0,1,6.0,18,7.0,15,10,17,9.0,8,5,4.0,2,6,6,4,8,4,6,9,6.0,6,11,5.0,13.0,4.0,1,3,4,6,7,5,9,4,3,4.0,7.0,5,2,9.0,11,7.0,8,12.0,13.0,4,4,4.0,12,12,10,15.0,27,13.0,7.0,8.0,1.0,7.0,23,9,25,6,14.0,9.0,9.0,6.0,10.0,9.0,8.0,8.0,4.0,4.0,5.0,6.0,4,3,2,10,20,25.0,19,6,4.0,8,2.0,8,21,5,23,6.0,11,15,5,3.0,4.0,7.0,10.0,12,20,15,3,7,2.0,8.0,3,5,3.0,7.0,6,10,20.0,13.0,12.0,8.0,7.0,7.0,4.0,5.0,15.0,3.0,12,13,5.0,13,6,8,19.0,10.0,7,10,8.0,2.0,7.0,2.0,10.0,6.0,8.0,2,9.0,1,6.0,8.0,7.0,5.0,4.0,7.0,3.0,2,6,9,10,6,3,3,3,5,4,4.0,3,2,8,6,4,4,7,7,6,12,8.0,6,16,7,18,6.0,20,11.0,10.0,9.0,9.0,4,23,4.0,15,11,5.0,8,4,3,9.0,3.0,3,8,11.0,8,7,3,4.0,3.0,7,3,7,1,9,10,9,16.0,16,7,7,6,8,9,21,10,22,5.0,6.0,8.0,5.0,8.0,10.0,2.0,2.0,6.0
archaea_pyrococcus_chunk_64,archaea_pyrococcus.fasta,64,archaea,22.0,13,23,17,12,7,5.0,20,23,7,12,9,17,9,8,15,10,6.0,7.0,10,4.0,2.0,8,2.0,4.0,3.0,3,8,4,18,16,8.0,19.0,16,11.0,4,2.0,12,15,8,7.0,8,7,8.0,6,15,13,6,15,12,3,8,5.0,12,6,4.0,12.0,8.0,11,15,7,16,13,12,9,9,4,4.0,1.0,6,8,8.0,6,7.0,8,10.0,6.0,11,9,4.0,11,8,10,5.0,9,4.0,2.0,0.0,1.0,10.0,13,4,8,5,2.0,1.0,0.0,1.0,4.0,3.0,1.0,2.0,1.0,4.0,2.0,2.0,11,9,9,4,10,9.0,9,5,3.0,11,4.0,10,15,7,21,20.0,7,15,11,9.0,4.0,1.0,1.0,12,6,13,8,12,6.0,7.0,9,16,1.0,4.0,6,5,3.0,2.0,5.0,3.0,1.0,0.0,0.0,11.0,3.0,3.0,8,16,1.0,12,11,8,5.0,0.0,5,6,5.0,6.0,5.0,5.0,3.0,5.0,7.0,9,6.0,5,5.0,5.0,1.0,6.0,6.0,5.0,2.0,9,5,8,9,20,12,4,12,8,4,3.0,6,16,8,7,12,10,3,9,14,8,4.0,7,11,13,12,2.0,13,2.0,2.0,3.0,5.0,9,9,11.0,19,16,3.0,6,6,7,6.0,1.0,4,16,4.0,7,6,5,5.0,4.0,7,15,5,13,15,12,18,1.0,21,14,7,5,7,18,17,11,14,5.0,1.0,3.0,1.0,1.0,5.0,1.0,4.0,1.0
archaea_pyrococcus_chunk_65,archaea_pyrococcus.fasta,65,archaea,19.0,7,27,14,6,2,3.0,11,29,12,20,13,17,4,9,14,12,5.0,2.0,4,4.0,0.0,3,2.0,0.0,4.0,6,10,3,10,27,4.0,22.0,15,8.0,4,0.0,12,17,12,16.0,14,9,3.0,6,15,12,7,11,12,4,5,0.0,7,11,4.0,13.0,7.0,8,11,17,18,7,5,4,10,5,2.0,1.0,7,5,4.0,5,4.0,4,1.0,6.0,8,3,2.0,3,6,3,1.0,8,3.0,2.0,0.0,2.0,7.0,8,6,8,3,3.0,2.0,2.0,1.0,4.0,0.0,0.0,0.0,0.0,0.0,3.0,3.0,13,5,7,8,5,6.0,28,13,5.0,5,1.0,10,13,12,17,24.0,6,30,9,6.0,4.0,2.0,2.0,18,4,21,10,12,6.0,11.0,16,7,3.0,7.0,5,3,2.0,3.0,7.0,1.0,3.0,0.0,0.0,6.0,11.0,7.0,13,18,4.0,17,10,7,5.0,2.0,10,15,6.0,14.0,6.0,6.0,5.0,5.0,11.0,3,6.0,6,4.0,2.0,3.0,5.0,9.0,5.0,3.0,12,4,15,7,17,4,13,11,6,2,2.0,9,16,4,13,6,9,5,9,16,4,5.0,6,4,4,6,4.0,11,2.0,2.0,0.0,2.0,14,12,8.0,21,21,6.0,11,18,5,4.0,1.0,11,17,6.0,12,7,2,4.0,5.0,9,17,5,15,13,6,11,1.0,15,23,10,19,9,20,5,17,14,3.0,2.0,0.0,2.0,2.0,2.0,2.0,2.0,0.0
archaea_pyrococcus_chunk_66,archaea_pyrococcus.fasta,66,archaea,24.0,8,15,21,10,9,4.0,14,17,11,8,10,15,12,18,27,6,3.0,5.0,8,7.0,1.0,6,4.0,3.0,3.0,7,10,2,17,27,7.0,10.0,10,8.0,1,3.0,10,9,6,7.0,1,5,1.0,10,12,16,7,9,16,7,13,2.0,17,5,2.0,12.0,10.0,22,19,18,11,12,6,8,13,4,5.0,3.0,4,12,1.0,3,6.0,9,11.0,7.0,16,9,4.0,7,10,8,4.0,7,4.0,3.0,0.0,0.0,4.0,8,5,14,7,4.0,1.0,1.0,0.0,0.0,2.0,0.0,2.0,2.0,2.0,0.0,5.0,10,2,2,9,18,5.0,13,5,3.0,6,4.0,12,13,13,17,20.0,10,14,19,5.0,1.0,1.0,7.0,14,6,3,5,6,5.0,3.0,9,6,4.0,4.0,11,1,2.0,1.0,2.0,1.0,0.0,1.0,2.0,5.0,5.0,5.0,9,14,3.0,8,9,5,1.0,1.0,7,9,2.0,8.0,8.0,5.0,1.0,5.0,7.0,10,6.0,4,3.0,3.0,2.0,3.0,9.0,8.0,4.0,9,4,5,15,12,13,9,19,3,3,3.0,11,11,4,9,7,18,11,1,18,18,5.0,6,14,14,12,2.0,16,4.0,0.0,2.0,4.0,7,15,6.0,16,15,3.0,6,3,9,3.0,0.0,7,14,6.0,10,7,10,7.0,7.0,9,17,9,14,19,14,23,4.0,11,8,13,11,15,16,16,11,20,4.0,1.0,1.0,3.0,2.0,2.0,2.0,1.0,3.0
archaea_pyrococcus_chunk_67,archaea_pyrococcus.fasta,67,archaea,39.0,14,30,17,8,7,7.0,16,26,11,15,12,16,10,11,15,8,3.0,5.0,13,7.0,1.0,5,7.0,3.0,5.0,11,11,4,14,26,6.0,14.0,9,9.0,5,2.0,11,13,4,5.0,5,8,4.0,7,9,19,15,4,16,7,21,3.0,8,3,6.0,8.0,13.0,14,7,8,13,16,7,6,11,4,6.0,2.0,7,10,4.0,3,5.0,14,9.0,6.0,7,12,5.0,10,8,11,9.0,12,2.0,0.0,0.0,2.0,9.0,11,5,18,6,3.0,4.0,0.0,0.0,5.0,7.0,0.0,2.0,1.0,3.0,1.0,3.0,10,6,4,10,14,9.0,8,3,1.0,8,3.0,14,9,10,20,27.0,3,18,14,7.0,2.0,7.0,4.0,12,2,6,8,7,5.0,4.0,9,11,2.0,2.0,5,7,4.0,0.0,6.0,3.0,0.0,1.0,1.0,3.0,6.0,4.0,10,17,5.0,8,6,4,7.0,2.0,2,9,2.0,4.0,3.0,3.0,1.0,2.0,7.0,8,3.0,9,4.0,4.0,2.0,3.0,6.0,3.0,4.0,11,5,8,7,17,14,10,10,10,5,5.0,13,7,10,3,3,17,15,9,11,9,9.0,5,10,10,14,1.0,20,5.0,1.0,6.0,1.0,7,9,2.0,11,13,5.0,3,6,5,5.0,1.0,5,7,9.0,7,4,8,6.0,4.0,12,14,10,12,17,8,11,3.0,10,15,8,8,10,14,11,15,14,7.0,6.0,4.0,2.0,2.0,5.0,2.0,1.0,2.0
archaea_pyrococcus_chunk_68,archaea_pyrococcus.fasta,68,archaea,37.0,14,24,13,6,9,5.0,13,26,12,8,15,21,6,11,21,7,0.0,6.0,7,4.0,2.0,4,3.0,2.0,4.0,8,2,5,11,33,7.0,28.0,16,8.0,5,4.0,8,25,3,10.0,4,5,6.0,7,22,20,9,14,17,4,6,2.0,13,9,7.0,16.0,6.0,20,9,13,11,10,3,8,13,3,0.0,0.0,2,7,2.0,9,5.0,9,4.0,8.0,4,10,1.0,8,5,9,5.0,3,3.0,1.0,3.0,1.0,5.0,3,4,7,6,3.0,2.0,2.0,0.0,3.0,3.0,1.0,3.0,1.0,2.0,0.0,6.0,7,3,2,12,2,2.0,10,8,4.0,8,6.0,7,9,11,11,28.0,10,21,14,5.0,3.0,2.0,5.0,29,6,18,13,15,6.0,9.0,11,10,1.0,4.0,9,3,2.0,2.0,3.0,3.0,0.0,3.0,3.0,7.0,2.0,9.0,5,24,4.0,21,11,8,1.0,2.0,4,15,4.0,9.0,5.0,5.0,0.0,3.0,7.0,4,7.0,5,4.0,5.0,1.0,2.0,5.0,2.0,3.0,12,8,9,15,13,6,8,19,6,1,4.0,6,23,5,7,7,15,9,10,17,7,3.0,5,4,8,8,3.0,9,3.0,3.0,0.0,0.0,4,9,8.0,15,10,3.0,14,12,7,2.0,3.0,8,17,7.0,11,5,5,6.0,3.0,9,15,4,18,17,9,15,1.0,11,17,6,14,8,15,10,12,16,3.0,2.0,1.0,1.0,0.0,2.0,1.0,3.0,1.0
archaea_pyrococcus_chunk_69,archaea_pyrococcus.fasta,69,archaea,43.0,18,34,14,10,10,2.0,17,28,10,22,20,24,1,8,20,9,4.0,8.0,6,8.0,3.0,6,2.0,1.0,4.0,10,6,5,14,24,14.0,22.0,19,10.0,10,2.0,14,20,6,17.0,9,10,5.0,8,12,26,5,11,8,3,5,0.0,6,8,5.0,6.0,6.0,12,8,7,17,16,4,6,14,4,3.0,3.0,6,10,4.0,7,1.0,4,4.0,7.0,7,13,3.0,10,7,6,2.0,8,5.0,2.0,0.0,2.0,5.0,9,8,10,6,5.0,0.0,3.0,0.0,0.0,5.0,0.0,3.0,0.0,1.0,4.0,1.0,13,4,6,4,6,14.0,4,5,2.0,9,3.0,10,6,11,11,30.0,8,28,11,8.0,5.0,2.0,4.0,23,11,15,8,15,2.0,6.0,10,14,2.0,3.0,3,3,6.0,3.0,7.0,1.0,0.0,5.0,1.0,6.0,6.0,5.0,5,27,3.0,23,7,5,3.0,3.0,2,14,3.0,10.0,9.0,7.0,2.0,5.0,9.0,4,14.0,4,2.0,3.0,2.0,3.0,7.0,10.0,1.0,6,7,6,7,20,9,12,14,5,3,2.0,8,17,11,8,6,7,7,4,7,4,7.0,1,6,16,7,0.0,11,4.0,1.0,2.0,0.0,6,5,1.0,9,20,1.0,8,7,5,3.0,2.0,6,21,4.0,6,5,6,2.0,4.0,4,12,7,11,9,7,12,3.0,8,16,6,11,6,11,9,15,18,4.0,2.0,1.0,2.0,1.0,2.0,2.0,3.0,3.0
archaea_pyrococcus_chunk_70,archaea_pyrococcus.fasta,70,archaea,9.0,16,5,7,8,14,8.0,20,10,9,3,9,10,5,8,15,8,4.0,2.0,7,12.0,0.0,10,0.0,3.0,4.0,12,14,10,7,13,3.0,11.0,9,10.0,11,1.0,14,6,9,2.0,3,9,5.0,5,9,11,5,5,16,13,8,3.0,8,3,8.0,6.0,5.0,9,15,17,16,10,17,9,8,6,7.0,1.0,7,5,15.0,10,4.0,10,13.0,8.0,18,10,12.0,14,13,15,14.0,13,2.0,3.0,1.0,2.0,9.0,16,7,24,1,2.0,0.0,2.0,0.0,5.0,2.0,0.0,1.0,1.0,1.0,3.0,3.0,8,3,10,14,14,19.0,16,6,7.0,6,11.0,13,23,10,21,7.0,6,7,13,2.0,3.0,0.0,7.0,9,5,3,7,7,4.0,2.0,4,6,1.0,1.0,14,7,11.0,3.0,15.0,2.0,0.0,0.0,1.0,8.0,7.0,4.0,11,10,2.0,6,7,5,8.0,0.0,4,2,4.0,1.0,3.0,2.0,4.0,1.0,3.0,7,7.0,6,5.0,5.0,0.0,12.0,3.0,2.0,6.0,4,5,6,8,11,11,10,10,5,6,1.0,9,12,7,4,9,10,10,4,20,20,4.0,17,15,15,12,2.0,18,2.0,1.0,0.0,5.0,6,13,9.0,25,9,4.0,5,1,7,15.0,2.0,7,15,4.0,6,3,11,8.0,5.0,8,16,10,10,8,24,15,4.0,17,7,13,14,9,18,17,10,26,8.0,3.0,3.0,0.0,5.0,1.0,3.0,3.0,3.0
archaea_pyrococcus_chunk_71,archaea_pyrococcus.fasta,71,archaea,36.0,12,27,20,11,6,5.0,11,25,10,20,24,14,12,13,26,14,3.0,6.0,7,4.0,2.0,7,3.0,2.0,8.0,5,9,7,11,32,9.0,18.0,13,7.0,7,5.0,4,22,2,8.0,12,16,6.0,10,22,13,6,11,7,6,5,4.0,9,13,6.0,7.0,10.0,16,13,15,9,11,4,12,12,4,4.0,0.0,7,17,1.0,6,10.0,6,4.0,2.0,5,11,3.0,9,4,5,2.0,4,2.0,0.0,0.0,1.0,7.0,3,5,10,6,4.0,6.0,2.0,1.0,1.0,2.0,1.0,0.0,1.0,2.0,1.0,5.0,8,5,2,7,5,4.0,7,5,4.0,7,5.0,13,7,7,10,36.0,6,24,17,5.0,2.0,6.0,5.0,16,5,16,12,8,3.0,10.0,10,2,5.0,11.0,4,6,1.0,1.0,5.0,1.0,2.0,2.0,1.0,2.0,0.0,4.0,4,23,5.0,19,8,4,1.0,0.0,1,13,2.0,12.0,3.0,8.0,2.0,5.0,4.0,14,9.0,6,5.0,3.0,3.0,4.0,4.0,8.0,5.0,16,11,7,9,12,11,15,16,10,3,3.0,9,14,7,2,8,9,5,11,12,12,4.0,8,2,12,6,0.0,9,10.0,2.0,0.0,1.0,8,6,5.0,12,22,4.0,8,4,10,3.0,0.0,4,18,1.0,10,3,10,4.0,3.0,12,19,7,9,17,10,15,4.0,11,16,5,11,9,7,9,12,10,2.0,1.0,0.0,1.0,3.0,2.0,7.0,2.0,0.0
archaea_pyrococcus_chunk_72,archaea_pyrococcus.fasta,72,archaea,0.0,2,2,5,3,15,8.0,9,5,7,10,9,2,11,3,9,1,4.0,4.0,3,5.0,6.0,10,8.0,5.0,7.0,4,8,3,11,7,5.0,8.0,4,6.0,13,2.0,11,4,10,1.0,7,8,5.0,3,11,3,2,7,6,6,16,4.0,21,7,7.0,4.0,7.0,1,14,6,5,3,14,8,5,4,4.0,8.0,5,2,4.0,3,5.0,8,13.0,8.0,4,9,5.0,4,14,7,7.0,14,6.0,5.0,2.0,8.0,4.0,24,7,21,11,8.0,4.0,0.0,2.0,17.0,0.0,5.0,2.0,7.0,13.0,4.0,8.0,2,3,2,11,12,14.0,28,6,3.0,11,10.0,13,38,28,18,2.0,14,17,10,3.0,3.0,7.0,5.0,6,12,6,7,4,4.0,3.0,2,8,3.0,2.0,6,7,5.0,6.0,9.0,3.0,1.0,1.0,3.0,5.0,12.0,9.0,22,10,1.0,4,2,5,7.0,3.0,12,4,3.0,0.0,3.0,5.0,6.0,5.0,6.0,7,15.0,14,9.0,4.0,12.0,5.0,6.0,6.0,3.0,7,9,11,3,4,5,4,5,3,2,3.0,7,11,9,3,6,4,19,11,11,12,9.0,4,10,13,14,8.0,23,11.0,10.0,6.0,15.0,5,27,11.0,43,15,7.0,11,3,5,7.0,1.0,8,9,9.0,7,5,17,11.0,4.0,5,6,3,5,14,8,24,9.0,32,16,10,9,17,7,12,7,6,3.0,6.0,5.0,3.0,8.0,17.0,7.0,1.0,1.0
archaea_pyrococcus_chunk_73,archaea_pyrococcus.fasta,73,archaea,6.0,5,10,7,6,6,2.0,13,9,8,13,14,5,8,3,13,5,2.0,2.0,4,4.0,1.0,8,4.0,1.0,2.0,4,7,4,11,11,2.0,8.0,7,5.0,11,1.0,7,9,5,8.0,8,9,9.0,6,12,4,4,6,9,8,16,3.0,15,9,3.0,4.0,10.0,13,13,15,14,10,7,9,12,1,4.0,6.0,3,4,5.0,4,8.0,8,14.0,6.0,11,14,6.0,10,11,11,10.0,20,6.0,1.0,0.0,4.0,7.0,17,8,24,4,5.0,1.0,1.0,0.0,4.0,0.0,3.0,2.0,1.0,6.0,2.0,2.0,8,2,1,17,11,21.0,20,7,7.0,7,4.0,13,24,5,36,6.0,8,13,7,1.0,5.0,2.0,3.0,6,4,9,9,4,8.0,5.0,8,2,1.0,6.0,9,7,7.0,3.0,6.0,0.0,0.0,2.0,3.0,4.0,4.0,0.0,19,5,3.0,5,10,7,5.0,0.0,6,9,4.0,5.0,4.0,4.0,3.0,8.0,8.0,8,8.0,7,5.0,5.0,1.0,7.0,4.0,3.0,7.0,9,5,3,18,6,7,12,3,5,4,0.0,7,9,7,4,5,6,12,12,23,17,5.0,3,15,19,20,5.0,22,2.0,1.0,4.0,3.0,13,28,13.0,24,14,3.0,10,7,6,6.0,4.0,10,5,6.0,7,10,6,4.0,2.0,13,8,8,10,20,16,24,2.0,36,14,12,14,4,11,36,21,34,6.0,3.0,2.0,0.0,2.0,4.0,2.0,4.0,2.0
archaea_pyrococcus_chunk_74,archaea_pyrococcus.fasta,74,archaea,28.0,7,15,13,6,9,4.0,15,21,8,11,10,16,6,11,19,9,2.0,4.0,6,5.0,5.0,5,3.0,2.0,5.0,9,8,6,11,12,3.0,8.0,10,4.0,3,3.0,16,7,6,7.0,6,11,1.0,4,13,13,5,8,17,13,6,1.0,15,7,8.0,2.0,7.0,11,14,13,21,13,13,16,14,6,2.0,2.0,8,3,7.0,2,4.0,9,12.0,3.0,8,17,5.0,4,8,6,10.0,16,3.0,3.0,2.0,2.0,12.0,11,5,13,4,1.0,2.0,2.0,0.0,3.0,2.0,4.0,1.0,0.0,3.0,2.0,4.0,15,8,4,11,10,23.0,13,6,8.0,7,7.0,15,13,6,23,9.0,7,5,14,2.0,3.0,2.0,2.0,6,5,6,7,8,4.0,3.0,9,14,3.0,1.0,8,6,4.0,0.0,4.0,0.0,2.0,1.0,2.0,7.0,13.0,4.0,13,11,4.0,8,4,9,2.0,0.0,7,6,4.0,9.0,2.0,4.0,2.0,1.0,5.0,6,2.0,9,4.0,2.0,3.0,5.0,5.0,2.0,4.0,3,9,8,10,13,7,14,11,7,7,3.0,9,3,6,7,8,10,13,7,23,16,8.0,6,10,17,14,3.0,16,2.0,1.0,2.0,3.0,10,16,13.0,20,8,1.0,7,8,11,7.0,2.0,11,12,4.0,4,4,4,8.0,8.0,8,11,8,10,16,13,19,2.0,26,6,11,14,10,16,24,14,45,6.0,1.0,1.0,2.0,3.0,2.0,5.0,4.0,2.0
archaea_pyrococcus_chunk_75,archaea_pyrococcus.fasta,75,archaea,7.0,7,13,10,4,8,2.0,19,15,6,8,8,10,13,4,10,3,3.0,3.0,3,5.0,2.0,6,5.0,3.0,2.0,7,6,6,21,16,1.0,11.0,10,5.0,4,3.0,14,9,4,8.0,8,11,5.0,4,11,7,4,9,13,13,17,2.0,7,5,6.0,8.0,9.0,10,12,10,13,12,8,6,8,1,2.0,2.0,7,2,4.0,3,5.0,9,14.0,12.0,11,13,3.0,5,14,11,10.0,6,5.0,2.0,6.0,2.0,3.0,14,8,16,5,8.0,3.0,1.0,0.0,3.0,6.0,5.0,4.0,4.0,3.0,2.0,3.0,9,7,5,4,6,12.0,16,4,8.0,9,11.0,16,23,10,29,4.0,10,13,10,0.0,3.0,2.0,7.0,9,10,11,9,8,7.0,7.0,9,3,0.0,2.0,7,5,7.0,2.0,13.0,2.0,0.0,4.0,2.0,4.0,6.0,7.0,15,11,2.0,12,14,3,12.0,4.0,6,11,9.0,10.0,5.0,5.0,8.0,1.0,7.0,12,6.0,2,12.0,4.0,5.0,4.0,5.0,4.0,3.0,6,11,6,5,14,8,5,9,7,6,4.0,7,12,6,7,9,6,5,5,15,15,6.0,4,23,14,12,3.0,16,6.0,3.0,6.0,5.0,11,14,11.0,26,5,7.0,8,4,3,10.0,1.0,9,13,7.0,13,4,5,9.0,7.0,7,8,9,14,12,17,12,7.0,35,10,7,16,5,11,24,12,23,6.0,0.0,2.0,1.0,3.0,6.0,4.0,2.0,8.0
archaea_pyrococcus_chunk_76,archaea_pyrococcus.fasta,76,archaea,17.0,10,5,13,9,8,5.0,14,14,6,7,8,10,11,7,17,8,4.0,3.0,6,6.0,3.0,7,1.0,0.0,3.0,8,3,6,15,16,3.0,10.0,7,6.0,5,4.0,9,11,1,10.0,5,5,3.0,1,9,10,1,4,18,9,16,5.0,15,2,5.0,8.0,13.0,13,16,7,26,10,10,17,11,4,5.0,1.0,9,2,8.0,5,3.0,5,12.0,2.0,12,13,10.0,6,6,8,8.0,13,1.0,3.0,1.0,7.0,9.0,18,8,27,3,2.0,2.0,4.0,1.0,5.0,1.0,0.0,4.0,1.0,4.0,1.0,6.0,6,8,5,21,14,11.0,13,8,6.0,8,8.0,15,19,12,24,9.0,7,7,11,2.0,4.0,0.0,1.0,11,4,9,4,3,3.0,7.0,9,7,2.0,3.0,7,3,4.0,2.0,14.0,2.0,2.0,0.0,2.0,6.0,5.0,5.0,13,10,3.0,8,8,7,6.0,0.0,5,9,7.0,4.0,4.0,5.0,4.0,2.0,4.0,5,2.0,11,6.0,5.0,2.0,8.0,1.0,2.0,0.0,11,7,2,10,9,9,6,10,6,4,1.0,8,9,5,6,3,15,19,12,24,20,3.0,6,12,18,14,5.0,28,4.0,3.0,5.0,4.0,17,15,11.0,15,5,0.0,8,5,5,8.0,1.0,10,8,10.0,6,5,6,10.0,2.0,11,13,8,12,20,12,33,6.0,22,7,10,11,8,14,31,15,25,5.0,3.0,1.0,1.0,5.0,3.0,2.0,3.0,2.0
archaea_pyrococcus_chunk_77,archaea_pyrococcus.fasta,77,archaea,6.0,2,11,14,6,9,5.0,19,9,11,7,10,10,13,7,15,3,3.0,3.0,8,8.0,0.0,10,5.0,4.0,7.0,9,12,7,16,11,5.0,3.0,4,9.0,6,2.0,15,5,6,5.0,1,3,6.0,8,9,6,5,7,9,6,6,5.0,13,8,5.0,4.0,8.0,8,16,5,13,10,13,6,13,3,7.0,6.0,11,3,5.0,6,5.0,6,9.0,7.0,11,13,11.0,9,7,7,6.0,11,0.0,4.0,0.0,6.0,6.0,13,6,24,2,3.0,1.0,1.0,0.0,5.0,0.0,5.0,4.0,2.0,6.0,6.0,4.0,14,4,6,12,10,15.0,32,4,7.0,11,5.0,14,31,7,39,7.0,10,11,10,2.0,4.0,3.0,4.0,4,6,3,3,4,1.0,2.0,4,12,8.0,2.0,7,7,3.0,3.0,10.0,3.0,0.0,1.0,2.0,5.0,10.0,6.0,15,13,3.0,4,2,7,9.0,3.0,6,10,10.0,7.0,4.0,5.0,4.0,3.0,3.0,6,5.0,3,5.0,5.0,3.0,10.0,6.0,8.0,3.0,6,3,1,9,10,14,9,8,6,4,3.0,10,7,10,1,8,7,7,9,12,14,5.0,5,11,18,12,4.0,18,2.0,5.0,6.0,5.0,15,28,8.0,36,12,1.0,6,4,9,7.0,1.0,10,7,4.0,15,8,7,9.0,3.0,3,15,7,8,11,14,26,4.0,32,5,12,11,6,13,26,22,21,6.0,1.0,4.0,4.0,4.0,6.0,7.0,3.0,3.0
archaea_pyrococcus_chunk_78,archaea_pyrococcus.fasta,78,archaea,20.0,5,20,13,5,7,2.0,11,15,17,12,6,11,10,12,13,2,2.0,4.0,5,3.0,3.0,3,1.0,2.0,1.0,7,11,5,11,13,4.0,13.0,7,12.0,6,2.0,16,6,8,3.0,11,10,3.0,8,7,10,7,5,11,14,16,6.0,10,8,7.0,5.0,6.0,13,13,6,19,10,12,8,13,2,3.0,1.0,9,4,11.0,5,7.0,9,13.0,7.0,13,13,7.0,13,10,12,8.0,8,2.0,2.0,2.0,4.0,7.0,14,5,18,3,3.0,1.0,2.0,1.0,2.0,3.0,4.0,1.0,2.0,4.0,2.0,4.0,12,5,5,12,13,16.0,20,2,7.0,6,4.0,8,25,8,30,14.0,1,8,11,2.0,3.0,0.0,4.0,10,7,4,7,7,9.0,2.0,3,8,2.0,3.0,12,5,3.0,0.0,7.0,2.0,0.0,2.0,1.0,8.0,16.0,2.0,14,9,1.0,4,10,3,4.0,2.0,8,6,1.0,1.0,1.0,8.0,3.0,2.0,6.0,10,4.0,9,2.0,4.0,1.0,5.0,5.0,4.0,6.0,4,11,7,7,14,7,14,9,4,4,2.0,10,8,1,7,8,6,14,5,22,21,4.0,7,15,23,13,3.0,26,2.0,5.0,4.0,6.0,12,16,7.0,28,9,4.0,8,3,7,3.0,0.0,14,9,4.0,4,5,3,4.0,6.0,12,12,6,10,15,18,28,2.0,28,9,7,7,9,18,27,11,31,8.0,1.0,0.0,3.0,2.0,8.0,2.0,3.0,4.0
archaea_pyrococcus_chunk_79,archaea_pyrococcus.fasta,79,archaea,22.0,15,10,12,11,9,6.0,22,20,9,4,12,15,7,10,19,10,5.0,7.0,10,3.0,2.0,14,4.0,1.0,5.0,11,9,5,14,17,7.0,13.0,9,7.0,6,3.0,7,14,8,8.0,5,9,7.0,2,12,18,6,13,16,7,8,4.0,10,9,7.0,11.0,5.0,11,14,8,18,15,13,7,8,7,2.0,1.0,5,4,3.0,9,6.0,16,8.0,9.0,5,16,3.0,5,6,8,7.0,8,3.0,1.0,1.0,1.0,11.0,9,8,18,5,4.0,4.0,1.0,0.0,1.0,2.0,1.0,2.0,0.0,5.0,0.0,3.0,16,4,7,11,8,9.0,16,10,7.0,5,6.0,13,18,9,21,9.0,7,15,9,10.0,5.0,1.0,6.0,14,7,15,4,8,1.0,10.0,9,6,3.0,6.0,6,5,4.0,1.0,6.0,5.0,0.0,0.0,3.0,2.0,5.0,7.0,9,9,4.0,12,8,5,4.0,2.0,8,8,6.0,6.0,3.0,2.0,2.0,3.0,5.0,8,3.0,6,2.0,8.0,0.0,5.0,3.0,2.0,0.0,10,5,4,8,13,13,13,22,4,8,5.0,6,8,3,7,8,14,13,3,18,11,4.0,4,16,14,8,2.0,18,4.0,0.0,3.0,1.0,14,13,8.0,20,9,8.0,11,7,7,5.0,3.0,7,9,4.0,7,4,4,4.0,0.0,7,19,10,3,15,18,17,1.0,25,13,8,6,4,13,24,10,33,5.0,3.0,3.0,2.0,2.0,3.0,3.0,0.0,1.0
archaea_pyrococcus_chunk_80,archaea_pyrococcus.fasta,80,archaea,30.0,12,26,13,10,5,3.0,9,24,18,20,13,11,7,13,14,6,3.0,6.0,4,3.0,3.0,4,2.0,7.0,5.0,4,6,4,6,29,4.0,19.0,13,11.0,8,9.0,10,21,11,8.0,8,7,4.0,13,14,16,3,11,7,7,3,3.0,9,15,3.0,11.0,7.0,7,13,11,10,14,4,7,9,2,1.0,0.0,6,11,5.0,6,6.0,3,6.0,5.0,5,10,3.0,8,2,7,1.0,4,3.0,2.0,3.0,3.0,6.0,3,4,8,3,7.0,3.0,0.0,1.0,4.0,5.0,2.0,7.0,5.0,5.0,7.0,6.0,9,8,4,11,2,4.0,8,4,8.0,7,5.0,6,11,6,15,27.0,6,31,9,3.0,3.0,5.0,1.0,22,12,18,12,12,4.0,5.0,10,8,3.0,10.0,3,6,0.0,5.0,8.0,4.0,2.0,5.0,7.0,9.0,4.0,8.0,13,18,4.0,21,6,6,7.0,3.0,12,8,7.0,9.0,7.0,9.0,2.0,13.0,5.0,9,4.0,9,4.0,4.0,3.0,2.0,17.0,11.0,3.0,9,8,9,6,10,5,11,14,4,8,6.0,4,8,3,4,7,11,5,13,12,10,0.0,4,10,8,5,2.0,5,4.0,2.0,4.0,6.0,13,5,8.0,11,23,4.0,17,9,6,4.0,5.0,8,14,8.0,7,9,6,4.0,5.0,7,6,6,3,14,11,9,6.0,18,17,5,9,7,7,12,12,23,7.0,0.0,0.0,1.0,3.0,4.0,5.0,7.0,1.0
archaea_pyrococcus_chunk_81,archaea_pyrococcus.fasta,81,archaea,27.0,18,16,14,11,10,9.0,21,14,17,11,12,18,10,7,13,10,2.0,2.0,7,1.0,0.0,10,1.0,1.0,4.0,9,12,6,16,18,2.0,14.0,11,9.0,5,2.0,11,13,3,9.0,1,3,3.0,6,10,23,3,5,10,6,7,4.0,15,6,8.0,8.0,5.0,11,11,15,14,16,12,10,11,5,2.0,1.0,10,4,0.0,4,3.0,11,8.0,4.0,8,11,4.0,4,6,10,2.0,11,2.0,1.0,0.0,1.0,4.0,8,9,25,6,7.0,1.0,4.0,0.0,7.0,2.0,0.0,2.0,1.0,4.0,0.0,2.0,8,3,4,13,9,10.0,12,10,3.0,8,5.0,8,29,15,27,13.0,7,14,11,4.0,3.0,0.0,5.0,19,7,8,3,6,5.0,6.0,12,10,3.0,2.0,7,6,3.0,3.0,10.0,3.0,1.0,1.0,0.0,9.0,6.0,6.0,14,9,4.0,7,8,4,4.0,1.0,6,6,7.0,8.0,10.0,5.0,3.0,3.0,3.0,11,4.0,7,7.0,0.0,4.0,4.0,4.0,4.0,6.0,3,5,2,8,19,14,14,12,1,2,1.0,7,8,3,3,4,7,9,10,18,18,9.0,3,11,8,13,0.0,15,10.0,5.0,3.0,4.0,6,14,5.0,24,12,4.0,9,9,8,9.0,2.0,11,7,5.0,12,2,12,6.0,7.0,3,17,3,5,14,19,19,5.0,18,14,17,6,11,17,16,16,20,6.0,5.0,2.0,1.0,3.0,9.0,2.0,2.0,1.0
archaea_pyrococcus_chunk_82,archaea_pyrococcus.fasta,82,archaea,17.0,8,15,13,11,10,4.0,8,17,11,8,16,11,10,9,16,8,1.0,5.0,8,10.0,4.0,6,3.0,1.0,3.0,6,2,5,2,15,4.0,11.0,6,9.0,9,2.0,20,11,7,5.0,3,10,9.0,10,13,8,8,9,13,2,10,2.0,18,13,5.0,11.0,5.0,14,12,12,22,16,10,9,7,5,3.0,2.0,1,8,13.0,4,8.0,10,10.0,7.0,15,15,5.0,15,12,11,8.0,10,3.0,1.0,1.0,7.0,3.0,13,7,13,4,3.0,2.0,3.0,1.0,2.0,2.0,3.0,1.0,0.0,3.0,3.0,7.0,10,4,2,13,14,10.0,12,9,10.0,7,7.0,5,15,14,14,8.0,9,16,13,2.0,6.0,0.0,3.0,6,8,9,13,9,4.0,12.0,7,7,1.0,8.0,12,11,5.0,2.0,8.0,1.0,2.0,2.0,1.0,9.0,9.0,6.0,14,13,1.0,10,10,7,7.0,1.0,5,5,4.0,3.0,3.0,2.0,2.0,2.0,4.0,7,4.0,8,7.0,4.0,1.0,7.0,7.0,5.0,0.0,5,11,6,7,12,6,12,13,4,10,2.0,3,5,8,5,5,8,8,7,22,12,4.0,5,10,15,11,2.0,12,4.0,2.0,2.0,5.0,11,16,14.0,19,14,4.0,12,14,12,7.0,2.0,11,16,6.0,6,4,5,5.0,2.0,5,18,6,8,11,8,16,6.0,23,15,12,9,5,19,15,9,20,9.0,1.0,2.0,0.0,3.0,4.0,1.0,5.0,4.0
archaea_pyrococcus_chunk_83,archaea_pyrococcus.fasta,83,archaea,29.0,19,15,20,10,3,7.0,25,14,7,7,15,16,13,3,16,9,2.0,6.0,5,2.0,2.0,6,4.0,2.0,5.0,17,7,4,12,17,4.0,13.0,12,9.0,3,5.0,9,14,5,7.0,9,13,2.0,5,19,18,6,13,12,4,14,4.0,7,10,6.0,10.0,5.0,9,13,13,15,10,11,8,8,1,7.0,1.0,2,7,4.0,4,8.0,10,4.0,7.0,11,11,5.0,9,11,9,11.0,17,5.0,1.0,0.0,5.0,12.0,16,8,9,4,6.0,0.0,0.0,0.0,3.0,3.0,3.0,1.0,0.0,6.0,2.0,6.0,9,7,11,19,10,18.0,14,9,0.0,7,6.0,7,13,3,21,24.0,8,8,7,1.0,1.0,2.0,5.0,14,5,16,6,9,5.0,2.0,8,8,0.0,4.0,7,4,4.0,2.0,3.0,0.0,1.0,3.0,2.0,8.0,4.0,6.0,12,15,1.0,10,7,7,4.0,1.0,8,7,6.0,0.0,0.0,6.0,2.0,0.0,4.0,9,6.0,10,2.0,5.0,1.0,3.0,4.0,2.0,2.0,14,8,8,9,20,7,12,13,10,5,2.0,8,11,10,8,10,14,7,19,15,9,4.0,4,9,21,19,4.0,19,2.0,1.0,2.0,4.0,9,16,4.0,11,10,3.0,12,5,2,6.0,0.0,10,9,6.0,5,3,5,5.0,4.0,10,16,7,9,14,10,26,3.0,16,7,9,4,11,16,22,7,16,6.0,1.0,1.0,1.0,2.0,1.0,5.0,3.0,3.0
archaea_pyrococcus_chunk_84,archaea_pyrococcus.fasta,84,archaea,33.0,7,34,12,11,8,5.0,6,23,7,22,17,14,10,6,19,11,0.0,6.0,9,3.0,2.0,8,6.0,3.0,5.0,7,8,3,10,31,5.0,19.0,20,3.0,10,4.0,9,11,7,18.0,5,11,1.0,6,18,9,9,9,18,5,8,5.0,8,10,3.0,12.0,6.0,12,15,13,20,10,5,9,12,2,0.0,0.0,2,5,4.0,9,3.0,10,3.0,1.0,14,7,0.0,7,5,2,1.0,3,4.0,1.0,2.0,2.0,6.0,7,4,10,8,6.0,2.0,1.0,1.0,2.0,5.0,2.0,0.0,4.0,4.0,4.0,5.0,9,7,5,6,6,6.0,9,2,3.0,6,2.0,12,6,7,14,26.0,7,15,17,7.0,1.0,4.0,11.0,27,4,7,11,15,6.0,14.0,13,11,0.0,5.0,3,9,2.0,4.0,5.0,4.0,2.0,1.0,3.0,6.0,4.0,6.0,4,13,2.0,17,17,5,5.0,4.0,4,19,6.0,11.0,6.0,5.0,3.0,9.0,6.0,7,12.0,4,3.0,3.0,2.0,0.0,12.0,9.0,2.0,10,8,12,5,17,11,11,8,6,5,5.0,9,20,11,3,5,6,7,11,14,7,4.0,3,11,5,4,1.0,11,6.0,2.0,5.0,6.0,8,9,0.0,14,13,12.0,7,9,10,4.0,1.0,5,14,3.0,13,8,5,1.0,6.0,6,22,7,13,10,11,4,5.0,14,17,12,11,8,18,5,16,16,1.0,0.0,4.0,1.0,3.0,7.0,2.0,2.0,2.0
archaea_pyrococcus_chunk_85,archaea_pyrococcus.fasta,85,archaea,7.0,10,4,6,8,9,7.0,14,8,7,4,9,6,6,8,15,5,3.0,2.0,8,8.0,1.0,10,5.0,5.0,3.0,8,12,2,16,11,3.0,5.0,6,4.0,7,1.0,11,5,3,7.0,4,8,8.0,4,11,5,3,10,10,10,6,4.0,11,9,5.0,3.0,7.0,11,14,14,16,9,10,9,11,1,6.0,3.0,4,3,5.0,3,7.0,7,14.0,3.0,9,14,4.0,8,10,6,6.0,15,3.0,0.0,0.0,7.0,5.0,17,4,27,3,3.0,5.0,1.0,0.0,1.0,0.0,4.0,5.0,1.0,2.0,4.0,4.0,8,8,8,15,10,14.0,33,6,4.0,9,4.0,11,32,20,35,3.0,6,11,13,3.0,3.0,2.0,9.0,7,7,4,6,8,4.0,2.0,11,5,1.0,1.0,4,6,9.0,4.0,7.0,2.0,0.0,2.0,3.0,4.0,3.0,6.0,17,6,1.0,6,8,4,7.0,3.0,8,9,11.0,5.0,3.0,2.0,2.0,1.0,6.0,6,5.0,3,6.0,7.0,1.0,11.0,8.0,2.0,2.0,5,7,4,10,8,12,4,5,6,2,2.0,11,7,4,8,10,7,7,11,19,15,6.0,7,11,16,12,4.0,21,7.0,2.0,3.0,4.0,22,28,11.0,38,13,7.0,10,6,2,11.0,3.0,10,7,4.0,11,3,6,8.0,4.0,5,10,6,6,16,13,26,8.0,44,13,16,11,10,11,38,12,28,1.0,1.0,6.0,1.0,7.0,3.0,4.0,1.0,1.0
archaea_pyrococcus_chunk_86,archaea_pyrococcus.fasta,86,archaea,11.0,9,8,6,4,10,11.0,7,13,15,13,5,4,6,6,7,6,4.0,3.0,6,7.0,5.0,10,7.0,3.0,11.0,3,10,3,7,11,8.0,13.0,7,7.0,6,12.0,15,14,13,11.0,7,7,6.0,4,3,8,2,6,7,8,9,8.0,10,9,6.0,8.0,9.0,8,9,5,4,9,12,8,6,6,8.0,5.0,6,7,3.0,8,6.0,5,13.0,6.0,7,10,11.0,6,9,8,12.0,18,11.0,4.0,4.0,6.0,5.0,18,13,15,7,12.0,6.0,5.0,5.0,11.0,8.0,3.0,4.0,4.0,7.0,9.0,7.0,2,6,1,12,10,31.0,24,2,8.0,6,7.0,10,13,6,17,8.0,7,23,5,7.0,5.0,7.0,3.0,14,13,16,6,9,3.0,8.0,5,7,3.0,11.0,6,4,9.0,5.0,7.0,7.0,8.0,6.0,5.0,7.0,14.0,2.0,14,16,6.0,11,6,9,8.0,7.0,6,9,7.0,4.0,4.0,6.0,5.0,4.0,4.0,7,9.0,6,5.0,8.0,7.0,3.0,10.0,6.0,2.0,5,4,5,7,6,4,7,6,2,6,3.0,7,5,9,8,3,5,13,12,7,12,7.0,4,10,16,17,9.0,16,4.0,6.0,6.0,8.0,6,32,5.0,10,9,4.0,13,6,9,6.0,2.0,5,8,7.0,5,4,6,5.0,4.0,7,6,6,9,12,10,10,0.0,16,11,5,4,4,10,10,8,19,7.0,5.0,4.0,2.0,7.0,9.0,4.0,3.0,7.0
archaea_pyrococcus_chunk_87,archaea_pyrococcus.fasta,87,archaea,6.0,7,8,8,8,9,5.0,10,11,9,5,12,14,15,12,13,10,1.0,4.0,7,9.0,2.0,9,0.0,2.0,5.0,5,11,5,7,9,1.0,6.0,4,8.0,8,3.0,18,8,3,1.0,5,5,8.0,8,10,11,12,12,11,8,17,5.0,23,7,3.0,10.0,9.0,18,14,13,9,11,8,10,17,4,7.0,1.0,2,2,10.0,2,6.0,15,16.0,9.0,23,14,7.0,8,28,10,5.0,8,3.0,2.0,1.0,4.0,7.0,17,1,13,5,1.0,0.0,2.0,1.0,6.0,1.0,1.0,3.0,3.0,4.0,2.0,4.0,16,3,8,11,13,21.0,28,5,9.0,7,6.0,9,15,13,20,4.0,10,7,15,2.0,1.0,0.0,6.0,2,6,3,7,4,6.0,3.0,5,9,1.0,3.0,12,9,3.0,3.0,3.0,2.0,0.0,2.0,3.0,10.0,8.0,7.0,12,12,3.0,5,10,9,4.0,0.0,3,7,2.0,4.0,2.0,4.0,5.0,1.0,3.0,3,2.0,5,12.0,5.0,1.0,8.0,5.0,4.0,6.0,8,7,6,7,8,7,12,14,8,5,3.0,10,5,12,7,6,13,16,5,13,13,5.0,5,16,29,14,4.0,18,2.0,5.0,3.0,3.0,16,30,14.0,25,9,4.0,6,4,8,4.0,3.0,10,14,10.0,8,3,2,8.0,8.0,11,11,6,8,20,6,22,3.0,26,6,9,14,8,10,21,5,15,2.0,2.0,1.0,0.0,5.0,4.0,5.0,4.0,1.0
archaea_pyrococcus_chunk_88,archaea_pyrococcus.fasta,88,archaea,12.0,5,8,13,9,8,7.0,19,14,11,9,6,12,4,11,18,9,3.0,5.0,9,7.0,1.0,14,0.0,3.0,5.0,6,12,7,10,13,1.0,8.0,5,11.0,7,5.0,10,4,8,3.0,8,7,6.0,7,9,18,6,9,5,7,5,3.0,11,10,7.0,8.0,7.0,18,14,9,21,9,19,12,10,5,4.0,0.0,8,6,10.0,5,9.0,9,10.0,10.0,12,9,6.0,13,13,8,10.0,13,0.0,4.0,4.0,1.0,7.0,12,8,26,1,1.0,1.0,2.0,1.0,3.0,4.0,1.0,5.0,4.0,1.0,2.0,2.0,10,9,4,11,13,25.0,13,6,7.0,13,3.0,18,16,8,18,9.0,7,9,6,1.0,2.0,0.0,0.0,4,6,7,4,8,6.0,4.0,7,14,2.0,6.0,7,6,7.0,1.0,9.0,1.0,2.0,5.0,1.0,6.0,12.0,10.0,4,8,0.0,8,9,2,8.0,1.0,9,6,5.0,4.0,1.0,6.0,6.0,2.0,9.0,3,3.0,11,5.0,5.0,0.0,10.0,5.0,4.0,3.0,5,10,4,9,8,12,11,16,11,11,1.0,8,2,6,2,10,9,6,8,25,18,6.0,6,12,20,14,4.0,17,2.0,3.0,2.0,2.0,15,16,4.0,20,9,2.0,4,10,13,6.0,2.0,10,11,6.0,4,10,6,4.0,4.0,8,16,13,4,21,17,20,5.0,21,4,14,6,9,13,23,12,28,3.0,0.0,0.0,3.0,4.0,1.0,3.0,3.0,3.0
archaea_pyrococcus_chunk_89,archaea_pyrococcus.fasta,89,archaea,45.0,14,29,21,12,7,4.0,14,26,8,13,17,16,3,9,22,8,4.0,5.0,8,2.0,2.0,6,4.0,5.0,2.0,6,7,8,11,25,2.0,15.0,12,9.0,5,2.0,12,18,10,15.0,7,9,5.0,10,17,19,6,14,13,2,2,3.0,8,12,6.0,9.0,10.0,13,9,9,16,8,5,9,5,3,2.0,3.0,4,6,3.0,4,5.0,7,0.0,7.0,6,8,2.0,5,1,4,1.0,4,2.0,0.0,3.0,2.0,5.0,3,6,9,7,5.0,3.0,1.0,0.0,2.0,4.0,3.0,2.0,3.0,2.0,1.0,3.0,9,5,5,7,4,7.0,9,5,2.0,9,7.0,13,9,11,16,32.0,12,18,12,3.0,2.0,1.0,4.0,11,11,21,8,8,1.0,10.0,12,7,3.0,4.0,4,5,4.0,2.0,7.0,5.0,0.0,2.0,1.0,6.0,5.0,5.0,10,26,6.0,19,4,4,7.0,4.0,5,15,4.0,11.0,7.0,5.0,2.0,6.0,13.0,6,6.0,11,4.0,1.0,2.0,2.0,7.0,10.0,3.0,13,6,9,12,24,6,8,12,7,2,4.0,10,11,6,12,11,21,11,11,7,4,3.0,4,7,5,3,1.0,6,4.0,2.0,2.0,2.0,9,6,3.0,19,16,2.0,12,12,5,5.0,2.0,7,18,3.0,9,9,11,1.0,7.0,7,16,8,15,19,8,5,4.0,18,18,7,11,6,19,11,14,19,3.0,1.0,0.0,0.0,1.0,1.0,4.0,4.0,2.0
archaea_pyrococcus_chunk_90,archaea_pyrococcus.fasta,90,archaea,10.0,3,22,18,6,7,2.0,13,19,14,9,17,11,10,9,16,9,6.0,8.0,12,8.0,0.0,8,3.0,3.0,7.0,8,4,8,12,29,5.0,19.0,13,10.0,3,1.0,14,16,4,4.0,9,6,6.0,11,18,11,13,14,6,6,11,0.0,4,12,7.0,9.0,7.0,10,8,16,19,11,6,9,7,5,6.0,3.0,7,8,6.0,9,8.0,14,4.0,6.0,13,9,9.0,11,9,12,5.0,6,5.0,1.0,0.0,3.0,8.0,6,7,11,6,5.0,5.0,0.0,0.0,3.0,4.0,0.0,1.0,0.0,2.0,3.0,4.0,10,10,6,10,8,7.0,10,5,4.0,7,4.0,4,13,6,17,15.0,12,18,16,10.0,2.0,2.0,2.0,23,5,10,10,10,4.0,13.0,10,4,1.0,5.0,6,5,3.0,3.0,5.0,6.0,0.0,1.0,3.0,12.0,7.0,3.0,5,9,4.0,13,12,2,4.0,2.0,5,8,3.0,2.0,4.0,3.0,3.0,4.0,8.0,8,1.0,6,4.0,7.0,1.0,6.0,8.0,5.0,5.0,15,8,9,9,17,7,10,5,14,4,8.0,10,16,3,5,6,9,3,7,14,11,5.0,7,10,13,16,2.0,13,4.0,1.0,1.0,0.0,8,11,2.0,12,17,5.0,11,7,3,9.0,7.0,5,10,6.0,10,5,6,5.0,6.0,11,11,11,9,11,15,19,2.0,13,15,7,10,12,12,20,13,23,3.0,2.0,2.0,1.0,4.0,3.0,2.0,6.0,4.0
archaea_pyrococcus_chunk_91,archaea_pyrococcus.fasta,91,archaea,14.0,8,18,13,9,5,3.0,13,11,11,7,9,10,5,11,23,7,2.0,3.0,6,3.0,1.0,10,1.0,1.0,3.0,2,4,9,10,18,3.0,10.0,6,6.0,6,2.0,18,11,4,3.0,7,6,4.0,4,16,13,4,11,14,9,6,2.0,6,7,7.0,6.0,6.0,16,15,17,26,8,8,7,18,1,3.0,0.0,2,11,6.0,2,3.0,11,7.0,3.0,13,8,3.0,10,7,8,3.0,4,2.0,2.0,1.0,1.0,12.0,13,2,10,1,3.0,3.0,1.0,0.0,3.0,0.0,5.0,0.0,1.0,3.0,2.0,5.0,9,9,8,13,11,14.0,21,7,8.0,5,5.0,7,19,10,24,15.0,7,9,7,3.0,0.0,0.0,5.0,5,6,9,6,12,2.0,2.0,11,11,0.0,4.0,6,6,1.0,1.0,8.0,3.0,0.0,2.0,3.0,10.0,13.0,6.0,14,9,1.0,5,10,8,6.0,2.0,9,5,4.0,2.0,2.0,6.0,0.0,3.0,6.0,5,4.0,11,0.0,2.0,0.0,6.0,2.0,7.0,5.0,7,12,9,18,16,7,4,12,5,7,4.0,5,10,9,7,12,9,9,10,27,15,1.0,5,15,11,10,4.0,15,3.0,2.0,2.0,3.0,15,19,8.0,26,10,2.0,8,8,5,3.0,4.0,13,9,12.0,8,5,7,4.0,6.0,19,12,6,15,17,16,18,5.0,35,12,9,16,20,20,28,21,44,1.0,2.0,2.0,2.0,0.0,3.0,2.0,1.0,0.0
archaea_pyrococcus_chunk_92,archaea_pyrococcus.fasta,92,archaea,34.0,6,34,15,6,2,4.0,13,30,16,28,15,14,5,10,10,12,5.0,6.0,5,5.0,3.0,6,4.0,1.0,4.0,9,11,3,11,24,13.0,15.0,15,12.0,5,4.0,17,27,13,9.0,12,7,6.0,6,15,9,4,13,10,2,9,6.0,2,15,6.0,10.0,3.0,10,9,13,14,13,6,14,10,5,5.0,3.0,6,11,6.0,14,7.0,5,3.0,5.0,11,12,4.0,11,8,11,3.0,7,4.0,2.0,1.0,3.0,6.0,5,4,9,7,1.0,4.0,1.0,1.0,4.0,4.0,0.0,1.0,2.0,2.0,1.0,9.0,12,10,5,2,8,6.0,7,6,4.0,5,2.0,7,11,8,8,24.0,8,31,8,6.0,8.0,1.0,8.0,13,9,14,6,9,8.0,12.0,12,10,3.0,15.0,4,6,5.0,4.0,7.0,2.0,2.0,2.0,1.0,5.0,7.0,7.0,7,21,4.0,18,8,11,10.0,1.0,1,6,5.0,5.0,4.0,5.0,3.0,9.0,9.0,6,4.0,5,7.0,2.0,1.0,2.0,7.0,5.0,2.0,14,9,7,9,18,5,10,6,11,5,2.0,7,13,7,5,6,8,3,7,13,9,7.0,6,7,13,9,1.0,4,4.0,3.0,3.0,5.0,9,3,3.0,7,19,5.0,8,14,7,6.0,1.0,4,14,5.0,5,8,6,2.0,1.0,6,12,6,9,14,12,10,3.0,11,18,5,12,8,10,6,15,12,6.0,1.0,1.0,2.0,1.0,5.0,5.0,3.0,2.0
archaea_pyrococcus_chunk_93,archaea_pyrococcus.fasta,93,archaea,10.0,10,22,8,13,12,5.0,11,28,11,18,14,18,7,5,10,14,6.0,3.0,10,10.0,2.0,7,5.0,5.0,7.0,11,6,4,6,19,7.0,20.0,17,8.0,5,5.0,20,20,6,15.0,5,9,5.0,7,11,17,9,13,11,9,8,1.0,7,8,5.0,9.0,7.0,18,13,9,5,14,13,17,11,6,2.0,3.0,5,10,6.0,8,2.0,8,3.0,8.0,12,18,5.0,9,7,7,1.0,6,2.0,0.0,2.0,3.0,11.0,4,5,13,3,5.0,1.0,1.0,0.0,3.0,5.0,1.0,2.0,2.0,3.0,5.0,5.0,10,8,4,9,9,10.0,8,4,2.0,11,5.0,9,6,9,15,12.0,8,19,12,2.0,7.0,4.0,8.0,22,13,6,10,11,5.0,6.0,11,12,2.0,6.0,7,5,4.0,2.0,7.0,3.0,1.0,3.0,1.0,7.0,11.0,7.0,9,21,5.0,17,8,11,4.0,1.0,7,14,12.0,2.0,5.0,4.0,3.0,5.0,5.0,8,4.0,6,6.0,4.0,2.0,6.0,7.0,5.0,6.0,12,3,6,7,14,10,14,9,12,5,5.0,3,3,8,14,6,13,10,10,12,11,3.0,8,7,17,4,1.0,13,3.0,4.0,0.0,4.0,2,10,6.0,11,8,5.0,8,7,7,8.0,2.0,4,12,4.0,14,5,5,8.0,6.0,7,12,5,10,19,5,13,4.0,8,9,9,10,8,7,8,12,17,7.0,0.0,4.0,1.0,2.0,4.0,3.0,5.0,2.0
archaea_pyrococcus_chunk_94,archaea_pyrococcus.fasta,94,archaea,12.0,14,12,12,7,10,3.0,12,9,4,12,7,8,11,6,17,8,0.0,4.0,7,4.0,4.0,12,3.0,0.0,4.0,3,9,8,15,11,4.0,11.0,10,4.0,5,0.0,8,12,2,10.0,9,8,3.0,8,12,9,7,10,13,7,10,3.0,11,9,3.0,7.0,6.0,9,18,15,18,10,10,6,12,3,3.0,0.0,4,5,4.0,7,6.0,8,5.0,7.0,15,9,7.0,10,15,10,4.0,7,1.0,4.0,0.0,4.0,5.0,13,8,20,3,3.0,1.0,2.0,0.0,4.0,1.0,2.0,1.0,2.0,4.0,1.0,5.0,6,8,4,10,11,16.0,21,4,3.0,14,5.0,15,19,14,21,8.0,5,9,9,2.0,5.0,1.0,8.0,14,4,8,9,7,6.0,6.0,8,4,1.0,3.0,6,7,3.0,0.0,11.0,2.0,1.0,1.0,0.0,4.0,6.0,3.0,8,5,2.0,17,10,4,9.0,2.0,3,11,7.0,7.0,4.0,5.0,1.0,7.0,9.0,10,6.0,14,4.0,1.0,2.0,4.0,6.0,3.0,10.0,4,12,7,15,20,3,5,9,7,5,4.0,11,8,5,6,9,16,9,6,20,18,2.0,5,7,20,12,4.0,16,3.0,1.0,5.0,4.0,16,21,7.0,26,12,8.0,4,6,4,5.0,2.0,6,10,7.0,11,7,16,5.0,4.0,12,12,9,8,14,10,25,7.0,34,11,10,11,16,15,27,12,29,3.0,2.0,2.0,2.0,2.0,1.0,3.0,1.0,1.0
archaea_pyrococcus_chunk_95,archaea_pyrococcus.fasta,95,archaea,12.0,10,11,13,13,3,1.0,11,18,9,9,5,18,12,18,15,12,5.0,6.0,10,5.0,0.0,5,3.0,1.0,4.0,6,7,5,10,14,6.0,6.0,11,10.0,5,3.0,16,22,7,12.0,6,5,3.0,6,9,17,10,14,11,4,9,5.0,11,18,13.0,10.0,0.0,15,9,11,15,13,5,15,13,6,2.0,2.0,3,5,10.0,11,5.0,10,6.0,6.0,6,11,3.0,10,4,5,4.0,10,1.0,2.0,2.0,1.0,8.0,12,4,13,2,2.0,1.0,2.0,0.0,5.0,3.0,1.0,1.0,2.0,5.0,2.0,6.0,11,7,8,9,11,11.0,11,4,4.0,11,2.0,9,17,9,13,11.0,5,8,13,5.0,4.0,2.0,3.0,6,6,15,6,14,4.0,4.0,17,11,3.0,6.0,6,8,9.0,2.0,7.0,1.0,1.0,0.0,3.0,9.0,8.0,7.0,10,15,3.0,13,14,6,9.0,1.0,7,11,7.0,17.0,8.0,5.0,3.0,7.0,13.0,7,5.0,4,2.0,3.0,2.0,6.0,5.0,9.0,3.0,8,6,6,15,10,8,7,24,9,2,5.0,11,8,9,12,7,10,7,13,12,12,1.0,9,8,10,8,1.0,15,1.0,4.0,4.0,7.0,12,13,5.0,15,6,4.0,12,13,8,10.0,1.0,6,9,8.0,13,12,3,5.0,3.0,7,14,8,9,18,13,11,2.0,18,8,7,12,13,17,12,14,20,1.0,2.0,1.0,2.0,2.0,7.0,2.0,1.0,3.0
archaea_pyrococcus_chunk_96,archaea_pyrococcus.fasta,96,archaea,42.0,15,20,20,9,7,1.0,13,23,10,7,19,18,12,10,18,5,2.0,7.0,14,11.0,4.0,6,4.0,1.0,3.0,10,5,2,13,21,4.0,30.0,16,7.0,5,0.0,8,16,6,9.0,7,9,5.0,7,19,25,8,16,15,10,9,4.0,13,9,4.0,6.0,5.0,17,7,9,22,9,5,12,5,2,8.0,6.0,6,11,1.0,7,3.0,9,6.0,3.0,17,13,8.0,4,6,6,4.0,6,2.0,2.0,0.0,3.0,11.0,6,5,8,7,1.0,1.0,3.0,0.0,3.0,1.0,0.0,1.0,1.0,3.0,1.0,4.0,13,6,3,10,6,7.0,9,2,1.0,9,2.0,13,9,10,14,21.0,5,13,10,7.0,2.0,2.0,4.0,24,4,15,10,15,4.0,7.0,7,4,4.0,1.0,6,5,4.0,2.0,2.0,2.0,0.0,1.0,1.0,3.0,2.0,4.0,11,14,6.0,15,9,2,2.0,2.0,4,9,1.0,3.0,7.0,6.0,3.0,4.0,7.0,7,4.0,7,5.0,4.0,0.0,1.0,3.0,6.0,3.0,14,6,3,12,25,5,14,23,10,6,3.0,7,13,5,9,7,22,14,4,13,9,8.0,10,9,9,6,1.0,16,3.0,3.0,1.0,2.0,8,11,3.0,14,7,3.0,7,7,3,3.0,3.0,5,18,3.0,7,5,5,1.0,3.0,5,22,7,11,21,15,12,3.0,13,10,6,12,4,17,21,10,29,2.0,4.0,2.0,3.0,1.0,2.0,5.0,3.0,0.0
archaea_pyrococcus_chunk_97,archaea_pyrococcus.fasta,97,archaea,34.0,9,15,31,11,5,2.0,18,18,6,15,11,22,18,9,22,8,1.0,4.0,9,4.0,3.0,7,2.0,0.0,0.0,13,9,4,15,18,5.0,16.0,17,10.0,3,1.0,5,12,4,7.0,5,3,6.0,8,15,21,6,11,14,10,11,7.0,16,10,7.0,4.0,5.0,17,9,7,32,13,9,10,14,4,7.0,0.0,6,10,5.0,1,4.0,5,8.0,5.0,11,9,7.0,6,4,6,5.0,10,3.0,4.0,1.0,2.0,8.0,8,4,9,2,3.0,4.0,2.0,0.0,3.0,1.0,0.0,1.0,2.0,3.0,2.0,2.0,14,7,5,11,10,9.0,7,9,2.0,7,3.0,4,7,7,27,16.0,8,11,12,1.0,4.0,0.0,8.0,16,5,7,5,11,5.0,7.0,19,12,2.0,3.0,4,3,4.0,2.0,1.0,1.0,0.0,0.0,2.0,4.0,3.0,4.0,7,11,2.0,6,9,3,3.0,1.0,1,7,1.0,1.0,4.0,3.0,6.0,6.0,5.0,6,3.0,4,6.0,6.0,2.0,5.0,9.0,4.0,2.0,7,3,2,15,26,10,14,14,6,4,1.0,9,12,3,5,12,14,13,4,14,17,7.0,7,12,13,6,5.0,11,4.0,2.0,3.0,4.0,12,9,9.0,14,16,5.0,8,12,6,2.0,1.0,9,8,3.0,4,9,5,6.0,3.0,5,23,6,13,16,17,9,1.0,16,13,5,9,9,30,24,20,40,6.0,1.0,1.0,2.0,1.0,3.0,1.0,4.0,0.0
archaea_pyrococcus_chunk_98,archaea_pyrococcus.fasta,98,archaea,12.0,14,21,14,15,10,5.0,15,15,13,15,11,14,7,8,12,8,7.0,7.0,13,5.0,0.0,7,4.0,4.0,8.0,9,9,4,8,11,5.0,20.0,9,7.0,12,3.0,15,14,6,16.0,6,4,7.0,3,13,18,5,8,4,5,12,3.0,11,9,7.0,5.0,14.0,8,7,10,10,13,10,11,11,8,1.0,6.0,4,7,6.0,9,6.0,8,12.0,10.0,5,18,4.0,9,9,9,9.0,12,1.0,1.0,0.0,2.0,11.0,9,4,20,6,7.0,1.0,1.0,0.0,5.0,2.0,3.0,1.0,0.0,3.0,8.0,5.0,10,10,2,15,10,15.0,12,2,4.0,6,4.0,8,20,12,14,20.0,7,13,5,5.0,1.0,4.0,3.0,16,12,12,8,9,3.0,6.0,11,11,3.0,4.0,5,10,4.0,1.0,10.0,3.0,0.0,0.0,3.0,8.0,9.0,2.0,11,17,5.0,12,13,5,7.0,2.0,1,19,1.0,10.0,6.0,4.0,1.0,6.0,9.0,6,5.0,3,6.0,5.0,6.0,7.0,4.0,12.0,4.0,11,7,9,5,16,14,9,11,7,3,3.0,8,7,6,6,2,4,9,11,7,8,4.0,8,8,16,15,2.0,15,7.0,3.0,2.0,8.0,9,15,6.0,15,11,2.0,9,6,11,5.0,1.0,9,12,5.0,9,8,7,11.0,6.0,5,16,2,6,9,7,16,6.0,15,13,13,11,7,6,10,13,3,3.0,2.0,1.0,0.0,5.0,5.0,4.0,3.0,1.0
archaea_pyrococcus_chunk_99,archaea_pyrococcus.fasta,99,archaea,2.0,6,7,8,9,10,5.0,15,4,3,7,10,5,9,6,18,8,4.0,3.0,6,13.0,6.0,16,2.0,1.0,6.0,8,7,7,16,6,2.0,5.0,3,7.0,6,0.0,12,6,4,7.0,1,6,4.0,9,8,8,4,2,5,6,7,3.0,20,8,4.0,4.0,13.0,17,10,12,9,7,14,6,13,2,18.0,1.0,10,2,7.0,2,5.0,7,9.0,11.0,14,5,11.0,7,17,9,6.0,9,5.0,0.0,0.0,5.0,4.0,22,7,23,3,2.0,5.0,1.0,0.0,3.0,0.0,3.0,1.0,0.0,2.0,3.0,7.0,14,8,6,7,16,10.0,32,5,7.0,7,10.0,14,27,16,38,2.0,7,3,7,5.0,3.0,1.0,6.0,4,7,7,2,3,5.0,6.0,6,8,4.0,3.0,6,4,4.0,0.0,11.0,0.0,1.0,0.0,1.0,6.0,11.0,6.0,16,3,6.0,6,7,4,3.0,1.0,11,8,4.0,2.0,5.0,2.0,3.0,2.0,4.0,2,9.0,4,7.0,3.0,2.0,9.0,1.0,9.0,4.0,6,12,4,11,12,12,8,10,5,10,4.0,7,6,8,2,10,4,13,6,10,19,12.0,3,12,14,11,1.0,20,5.0,3.0,3.0,5.0,17,26,9.0,41,7,5.0,7,5,8,9.0,1.0,13,8,8.0,9,5,8,9.0,5.0,14,18,11,9,17,17,26,3.0,31,10,15,10,9,18,28,12,19,6.0,2.0,2.0,2.0,5.0,8.0,3.0,5.0,3.0
archaea_pyrococcus_chunk_100,archaea_pyrococcus.fasta,100,archaea,22.0,8,27,13,7,5,1.0,14,42,15,25,12,11,7,11,20,9,6.0,3.0,5,8.0,1.0,5,7.0,1.0,2.0,9,7,6,11,40,7.0,34.0,27,11.0,11,3.0,17,15,10,18.0,8,7,1.0,6,11,10,8,10,8,6,9,2.0,5,18,9.0,8.0,1.0,17,12,11,9,15,8,15,9,4,6.0,4.0,5,14,8.0,5,6.0,7,0.0,2.0,7,11,2.0,18,3,8,6.0,7,3.0,1.0,1.0,4.0,4.0,3,5,9,7,3.0,3.0,0.0,0.0,2.0,0.0,0.0,2.0,3.0,1.0,4.0,2.0,10,7,3,5,7,10.0,7,8,1.0,13,4.0,7,9,9,9,23.0,7,31,20,4.0,2.0,3.0,9.0,38,14,12,4,10,10.0,18.0,13,16,3.0,7.0,2,5,3.0,5.0,5.0,2.0,0.0,3.0,1.0,3.0,11.0,12.0,6,18,1.0,19,8,5,3.0,2.0,9,18,4.0,7.0,6.0,6.0,3.0,1.0,10.0,7,4.0,2,2.0,2.0,2.0,2.0,4.0,3.0,3.0,11,6,7,6,10,4,20,7,8,7,4.0,5,14,5,9,3,8,5,5,9,11,8.0,5,6,13,8,1.0,4,5.0,1.0,0.0,2.0,9,6,3.0,8,16,6.0,12,13,10,4.0,1.0,4,13,5.0,8,3,2,2.0,2.0,7,14,6,14,12,16,5,1.0,12,17,6,5,5,11,7,6,4,6.0,2.0,4.0,2.0,2.0,3.0,3.0,3.0,2.0
