unique_id,file_name,sample_id,class,AAAA,AAAC,AAAG,AAAT,AACA,AACC,AACG,AACT,AAGA,AAGC,AAGG,AAGT,AATA,AATC,AATG,AATT,ACAA,ACAC,ACAG,ACAT,ACCA,ACCG,ACCT,ACGA,ACGT,ACTA,ACTC,ACTG,ACTT,AGAA,AGAC,AGAG,AGAT,AGCA,AGCC,AGCT,AGGA,AGGC,AGGG,AGGT,AGTA,AGTC,AGTG,AGTT,ATAA,ATAC,ATAG,ATAT,ATCA,ATCC,ATCG,ATCT,ATGA,ATGC,ATGG,ATGT,ATTA,ATTC,ATTG,ATTT,CAAA,CAAC,CAAG,CAAT,CACA,CACC,CACG,CACT,CAGA,CAGC,CAGG,CAGT,CATA,CATC,CATG,CATT,CCAA,CCAC,CCAG,CCAT,CCCA,CCCT,CCGC,CCGT,CCTA,CCTC,CCTG,CCTT,CGAA,CGAC,CGAG,CGAT,CGCA,CGTC,CGTT,CTAA,CTAC,CTAT,CTCA,CTCC,CTCG,CTCT,CTGA,CTGC,CTGG,CTGT,CTTA,CTTC,CTTT,GAAA,GAAC,GAAG,GAAT,GACA,GACC,GACG,GACT,GAGA,GAGC,GAGG,GAGT,GATA,GATC,GATG,GATT,GCAA,GCAG,GCAT,GCCA,GCCC,GCCT,GCGT,GCTA,GCTC,GCTG,GCTT,GGAA,GGAC,GGAG,GGAT,GGCA,GGCG,GGCT,GGGA,GGGG,GGGT,GGTA,GGTG,GGTT,GTAA,GTAG,GTAT,GTCA,GTCC,GTCT,GTGA,GTGC,GTGG,GTGT,GTTA,GTTC,GTTG,GTTT,TAAA,TAAC,TAAG,TAAT,TACA,TACC,TACG,TACT,TAGA,TAGC,TAGG,TAGT,TATA,TATC,TATG,TATT,TCAA,TCAC,TCAG,TCAT,TCCA,TCCC,TCCG,TCCT,TCGA,TCGT,TCTA,TCTC,TCTG,TCTT,TGAA,TGAC,TGAG,TGAT,TGCA,TGCC,TGCT,TGGA,TGGC,TGGG,TGGT,TGTA,TGTC,TGTG,TGTT,TTAA,TTAC,TTAG,TTAT,TTCA,TTCC,TTCG,TTCT,TTGA,TTGC,TTGG,TTGT,TTTA,TTTC,TTTG,TTTT,ACCC,ACGC,ACGG,AGCG,CCCC,CCGA,CGGA,CGGC,CGGG,CGTA,CTTG,GCAC,GCCG,GCGG,GGCC,GGGC,GGTC,TGCG,CCGG,CGCC,CGCT,CGGT,CGTG,GTAC,TCGC,TCGG,GCGA,CCCG,GTCG,CGCG,GCGC,CTAG
archaea_methanocaldococcus_chunk_1,archaea_methanocaldococcus.fasta,1,archaea,54,12,32,32,7,2,1.0,19,46,9.0,14.0,13,24,12,19,18,11,1.0,4.0,2,6,1.0,1.0,4.0,1.0,7,6.0,4.0,9,28,4.0,32.0,41,9,9.0,8,20.0,2.0,6.0,3.0,8,2.0,4.0,22,30,2,15,18,2,12,2.0,12,30,9,15,9,23,6,12,24,12,7,10.0,10,3.0,4.0,1.0,2.0,8.0,2.0,2.0,6.0,5,2,4.0,9,14,8.0,6.0,7,5.0,3.0,1.0,1.0,3.0,3.0,4.0,3.0,1.0,1.0,2.0,4.0,1.0,2.0,2.0,13,2.0,9.0,4.0,5.0,1.0,6.0,7,4.0,6,1.0,8,4.0,6,23,6.0,28.0,14,5,1.0,1.0,2.0,35.0,10.0,8.0,13.0,15,2.0,28.0,24,9,6.0,7,11.0,2.0,3.0,1.0,7,1.0,2.0,3.0,20,1.0,21.0,10,2.0,1.0,3.0,11.0,2.0,4.0,3.0,1.0,8,7,1.0,8.0,1.0,1.0,5.0,1.0,1.0,1.0,3.0,17,2,17,7,41,4,12,17,3,1.0,2.0,3,16.0,5,7,4.0,22,12,12,14,5,1.0,2.0,4,13,6.0,1.0,6,4.0,1.0,7.0,6.0,8,3,21,3.0,11.0,14,10,7.0,2,21,4.0,9.0,5,5,3.0,1.0,11,24,5,16,25,5,8,2.0,1,11,5,17,7,22,4,11,15,0.0,0.0,0.0,0.0,0.0,0.0,0.0,0.0,0.0,0.0,0.0,0.0,0.0,0.0,0.0,0.0,0.0,0.0,0.0,0.0,0.0,0.0,0.0,0.0,0.0,0.0,0.0,0.0,0.0,0.0,0.0,0.0
archaea_methanocaldococcus_chunk_2,archaea_methanocaldococcus.fasta,2,archaea,30,12,21,25,8,4,4.0,12,27,6.0,18.0,12,20,11,15,23,11,2.0,3.0,5,8,1.0,2.0,4.0,1.0,5,4.0,4.0,13,20,10.0,29.0,22,10,4.0,9,18.0,2.0,11.0,12.0,6,0.0,6.0,18,24,2,16,16,11,3,1.0,13,12,6,15,15,23,7,16,26,15,7,9.0,12,3.0,1.0,0.0,4.0,9.0,9.0,3.0,4.0,10,2,6.0,5,14,2.0,9.0,4,5.0,0.0,0.0,1.0,4.0,1.0,0.0,2.0,3.0,1.0,0.0,1.0,2.0,0.0,3.0,16,2.0,9.0,2.0,5.0,0.0,3.0,6,1.0,4,4.0,6,1.0,11,19,1.0,17.0,11,7,6.0,3.0,8.0,26.0,6.0,16.0,11.0,14,0.0,14.0,16,9,8.0,9,5.0,1.0,3.0,1.0,5,4.0,9.0,4.0,9,8.0,21.0,12,6.0,0.0,3.0,6.0,5.0,6.0,9.0,3.0,14,2,9.0,13.0,2.0,3.0,2.0,4.0,3.0,8.0,2.0,14,4,16,14,24,8,16,22,3,3.0,1.0,2,19.0,5,6,3.0,14,15,13,28,9,3.0,5.0,5,11,1.0,0.0,2,0.0,1.0,13.0,1.0,2,7,16,5.0,9.0,9,9,4.0,10,25,3.0,4.0,10,8,5.0,8.0,13,28,5,8,32,7,3,0.0,5,17,14,15,13,30,3,19,34,3.0,2.0,1.0,3.0,1.0,1.0,1.0,2.0,1.0,1.0,8.0,1.0,1.0,3.0,2.0,4.0,2.0,1.0,0.0,0.0,0.0,0.0,0.0,0.0,0.0,0.0,0.0,0.0,0.0,0.0,0.0,0.0
archaea_methanocaldococcus_chunk_3,archaea_methanocaldococcus.fasta,3,archaea,12,8,9,13,11,8,2.0,23,6,10.0,3.0,3,25,10,14,24,13,3.0,6.0,5,3,1.0,9.0,1.0,3.0,7,4.0,6.0,24,5,4.0,2.0,3,15,6.0,29,6.0,4.0,2.0,2.0,3,0.0,1.0,5,24,5,5,23,7,6,1.0,17,2,9,5,9,10,9,8,32,2,17,2.0,21,1.0,3.0,0.0,8.0,0.0,26.0,7.0,2.0,10,11,4.0,6,9,2.0,7.0,8,2.0,5.0,2.0,1.0,3.0,8.0,7.0,15.0,2.0,0.0,0.0,0.0,1.0,2.0,3.0,21,9.0,6.0,5.0,10.0,0.0,24.0,8,11.0,10,10.0,14,42.0,39,5,3.0,2.0,7,5,2.0,0.0,2.0,2.0,7.0,3.0,2.0,7,0.0,0.0,5,12,15.0,8,4.0,2.0,6.0,3.0,11,7.0,18.0,11.0,3,3.0,6.0,2,7.0,0.0,6.0,1.0,2.0,1.0,2.0,3.0,4,3,5.0,8.0,3.0,4.0,6.0,2.0,2.0,1.0,7.0,6,5,2,12,23,16,9,32,10,3.0,2.0,8,6.0,8,1,2.0,15,10,7,24,8,5.0,7.0,9,17,2.0,2.0,13,0.0,1.0,15.0,20.0,8,54,7,2.0,6.0,7,14,7.0,10,7,5.0,3.0,6,10,10.0,7.0,13,32,8,8,19,14,14,3.0,50,10,11,5,14,37,25,21,48,3.0,0.0,0.0,1.0,4.0,1.0,0.0,1.0,0.0,2.0,9.0,2.0,2.0,0.0,0.0,3.0,1.0,2.0,1.0,1.0,2.0,1.0,1.0,1.0,2.0,1.0,0.0,0.0,0.0,0.0,0.0,0.0
archaea_methanocaldococcus_chunk_4,archaea_methanocaldococcus.fasta,4,archaea,58,14,25,44,13,6,4.0,11,25,10.0,15.0,14,23,9,22,35,13,1.0,3.0,7,2,3.0,4.0,2.0,2.0,7,2.0,4.0,8,29,2.0,13.0,23,7,7.0,5,13.0,4.0,3.0,7.0,7,0.0,5.0,23,32,9,12,22,11,2,0.0,10,15,7,15,13,25,9,18,37,24,7,10.0,10,0.0,1.0,0.0,2.0,9.0,1.0,1.0,5.0,4,3,2.0,10,10,0.0,4.0,3,2.0,2.0,1.0,1.0,3.0,4.0,1.0,6.0,1.0,0.0,4.0,2.0,0.0,0.0,4.0,7,6.0,10.0,5.0,4.0,0.0,5.0,3,0.0,1,4.0,6,6.0,9,28,7.0,18.0,14,4,0.0,0.0,0.0,17.0,5.0,7.0,7.0,17,2.0,13.0,18,9,5.0,5,5.0,2.0,3.0,2.0,5,2.0,0.0,2.0,17,2.0,10.0,8,5.0,0.0,1.0,5.0,1.0,3.0,1.0,4.0,13,2,10.0,6.0,2.0,2.0,2.0,6.0,1.0,5.0,2.0,17,2,21,11,31,6,10,22,7,2.0,1.0,8,16.0,7,4,9.0,31,9,13,26,19,1.0,4.0,4,8,2.0,0.0,5,0.0,0.0,8.0,6.0,3,5,20,0.0,9.0,17,8,4.0,1,16,2.0,5.0,9,9,5.0,5.0,11,28,3,14,41,10,7,2.0,5,22,7,11,11,38,7,12,34,0.0,1.0,0.0,4.0,3.0,2.0,3.0,0.0,0.0,1.0,0.0,1.0,1.0,1.0,0.0,0.0,1.0,2.0,0.0,0.0,2.0,0.0,0.0,0.0,0.0,2.0,3.0,0.0,0.0,0.0,0.0,0.0
archaea_methanocaldococcus_chunk_5,archaea_methanocaldococcus.fasta,5,archaea,87,12,35,49,9,4,2.0,11,41,9.0,14.0,8,34,6,15,29,14,1.0,5.0,3,3,0.0,3.0,2.0,1.0,8,3.0,3.0,9,35,4.0,37.0,25,5,3.0,13,11.0,6.0,8.0,7.0,6,2.0,4.0,12,32,8,10,26,9,6,1.0,5,16,11,7,5,28,6,22,23,17,1,9.0,6,4.0,2.0,1.0,2.0,7.0,2.0,2.0,2.0,4,4,3.0,9,7,6.0,1.0,6,0.0,5.0,1.0,1.0,5.0,4.0,2.0,1.0,0.0,0.0,2.0,0.0,1.0,1.0,3.0,11,3.0,11.0,4.0,5.0,0.0,6.0,10,0.0,3,5.0,7,4.0,13,39,0.0,20.0,12,4,0.0,1.0,3.0,31.0,9.0,13.0,10.0,18,0.0,14.0,17,5,7.0,5,6.0,0.0,2.0,2.0,8,4.0,10.0,7.0,11,2.0,6.0,10,6.0,1.0,5.0,6.0,7.0,3.0,6.0,1.0,9,5,4.0,5.0,0.0,1.0,3.0,4.0,2.0,3.0,2.0,12,1,15,7,40,12,8,17,6,1.0,2.0,7,22.0,2,3,4.0,20,11,7,24,7,2.0,0.0,6,11,4.0,2.0,2,0.0,0.0,4.0,4.0,3,11,25,2.0,18.0,14,5,4.0,9,12,0.0,6.0,5,4,1.0,6.0,11,29,3,18,20,2,7,0.0,8,29,6,10,10,23,6,14,22,1.0,2.0,1.0,1.0,1.0,0.0,0.0,0.0,1.0,0.0,4.0,0.0,0.0,1.0,0.0,6.0,0.0,1.0,0.0,1.0,2.0,1.0,0.0,2.0,1.0,0.0,0.0,0.0,0.0,0.0,0.0,0.0
archaea_methanocaldococcus_chunk_6,archaea_methanocaldococcus.fasta,6,archaea,23,12,18,23,6,8,4.0,16,13,8.0,8.0,9,25,16,4,28,8,5.0,1.0,9,2,2.0,7.0,3.0,1.0,4,6.0,4.0,12,7,2.0,15.0,13,8,3.0,9,11.0,1.0,2.0,9.0,4,1.0,1.0,14,30,5,9,30,11,7,3.0,18,8,2,3,6,22,16,7,48,10,2,5.0,18,8.0,4.0,0.0,0.0,2.0,4.0,3.0,0.0,10,11,4.0,17,9,1.0,0.0,7,4.0,7.0,1.0,1.0,7.0,10.0,4.0,8.0,3.0,0.0,2.0,2.0,0.0,0.0,1.0,15,5.0,14.0,7.0,8.0,1.0,24.0,6,4.0,5,5.0,9,14.0,25,7,5.0,5.0,7,1,0.0,0.0,6.0,13.0,3.0,7.0,7.0,15,0.0,6.0,15,5,3.0,6,1.0,2.0,3.0,2.0,8,3.0,4.0,7.0,5,3.0,9.0,8,5.0,0.0,5.0,6.0,4.0,0.0,4.0,4.0,8,10,3.0,3.0,2.0,1.0,3.0,2.0,1.0,4.0,1.0,8,4,4,17,36,15,10,25,8,4.0,2.0,4,9.0,7,5,4.0,25,12,5,33,13,4.0,5.0,20,10,5.0,1.0,12,1.0,2.0,15.0,21.0,8,25,8,2.0,4.0,13,3,3.0,7,6,4.0,6.0,8,4,4.0,2.0,10,31,8,13,28,22,12,2.0,24,11,7,12,8,41,26,23,74,5.0,0.0,2.0,2.0,0.0,2.0,2.0,1.0,2.0,4.0,4.0,2.0,0.0,0.0,0.0,4.0,2.0,1.0,0.0,0.0,1.0,1.0,1.0,0.0,0.0,4.0,1.0,1.0,1.0,0.0,0.0,0.0
archaea_methanocaldococcus_chunk_7,archaea_methanocaldococcus.fasta,7,archaea,38,9,9,40,13,11,0.0,15,7,1.0,2.0,17,31,15,5,42,9,1.0,2.0,13,6,2.0,6.0,2.0,0.0,4,9.0,8.0,9,6,0.0,3.0,4,10,3.0,6,1.0,1.0,0.0,1.0,13,4.0,3.0,6,32,9,6,34,13,10,3.0,19,4,7,5,3,33,19,6,35,17,6,2.0,18,4.0,4.0,1.0,6.0,3.0,7.0,0.0,2.0,19,15,4.0,16,11,5.0,1.0,11,5.0,4.0,1.0,3.0,4.0,9.0,1.0,15.0,2.0,1.0,0.0,5.0,1.0,1.0,4.0,12,1.0,7.0,8.0,12.0,2.0,18.0,4,3.0,4,9.0,9,19.0,35,3,6.0,3.0,7,2,0.0,0.0,0.0,1.0,5.0,0.0,2.0,8,3.0,2.0,8,7,5.0,4,7.0,0.0,4.0,2.0,3,5.0,1.0,11.0,3,1.0,0.0,3,1.0,0.0,2.0,1.0,0.0,1.0,2.0,0.0,4,7,5.0,6.0,2.0,1.0,7.0,3.0,2.0,0.0,5.0,5,7,6,15,38,18,13,28,6,4.0,2.0,9,3.0,7,1,5.0,23,12,8,27,16,7.0,4.0,26,10,5.0,1.0,15,6.0,3.0,9.0,17.0,10,34,8,0.0,5.0,9,6,6.0,12,5,2.0,2.0,3,3,4.0,5.0,19,46,10,5,23,30,8,7.0,26,11,13,3,14,37,26,23,62,5.0,0.0,1.0,1.0,4.0,0.0,0.0,0.0,0.0,1.0,6.0,2.0,0.0,0.0,0.0,0.0,1.0,1.0,0.0,2.0,0.0,2.0,2.0,1.0,2.0,1.0,0.0,1.0,0.0,0.0,0.0,0.0
archaea_methanocaldococcus_chunk_8,archaea_methanocaldococcus.fasta,8,archaea,51,6,18,66,9,2,2.0,7,10,9.0,4.0,13,23,33,33,47,9,1.0,4.0,6,1,25.0,4.0,2.0,0.0,3,2.0,4.0,12,13,26.0,3.0,9,8,1.0,5,3.0,1.0,3.0,3.0,6,0.0,7.0,11,20,9,9,14,28,3,1.0,8,9,2,30,6,49,6,8,25,9,2,2.0,6,1.0,2.0,1.0,1.0,28.0,3.0,1.0,3.0,10,2,1.0,7,3,1.0,1.0,2,4.0,5.0,0.0,24.0,2.0,3.0,1.0,6.0,2.0,1.0,1.0,2.0,0.0,0.0,25.0,11,3.0,0.0,4.0,3.0,0.0,4.0,1,4.0,2,3.0,12,7.0,13,35,2.0,6.0,36,3,24.0,0.0,3.0,2.0,2.0,3.0,2.0,7,0.0,7.0,11,2,4.0,6,1.0,1.0,0.0,3.0,1,1.0,2.0,9.0,54,0.0,3.0,5,1.0,1.0,1.0,1.0,2.0,2.0,3.0,1.0,7,6,4.0,6.0,0.0,0.0,2.0,4.0,1.0,4.0,1.0,9,2,4,37,46,10,10,28,7,4.0,1.0,10,11.0,2,2,6.0,12,5,6,23,5,2.0,26.0,6,1,6.0,0.0,3,2.0,0.0,8.0,5.0,3,9,10,3.0,2.0,9,4,1.0,5,32,2.0,0.0,6,5,2.0,2.0,9,57,9,8,26,7,4,25.0,11,10,6,4,8,30,32,12,26,2.0,2.0,0.0,2.0,4.0,1.0,26.0,0.0,0.0,2.0,4.0,1.0,0.0,2.0,0.0,0.0,0.0,3.0,0.0,0.0,2.0,0.0,0.0,0.0,0.0,24.0,1.0,0.0,0.0,0.0,0.0,0.0
archaea_methanocaldococcus_chunk_9,archaea_methanocaldococcus.fasta,9,archaea,43,8,14,28,13,7,3.0,16,10,4.0,8.0,8,32,11,9,24,8,2.0,3.0,10,7,0.0,8.0,3.0,1.0,8,7.0,8.0,9,14,2.0,7.0,10,4,2.0,9,9.0,4.0,7.0,4.0,3,3.0,3.0,9,30,4,10,38,11,11,0.0,20,11,5,6,10,28,12,16,30,8,15,3.0,13,4.0,3.0,0.0,4.0,3.0,4.0,3.0,4.0,7,13,7.0,13,14,4.0,3.0,11,3.0,4.0,0.0,0.0,5.0,5.0,3.0,16.0,0.0,1.0,1.0,2.0,0.0,2.0,1.0,14,6.0,14.0,6.0,6.0,0.0,14.0,2,9.0,8,4.0,18,13.0,25,12,2.0,6.0,10,3,2.0,0.0,3.0,7.0,4.0,5.0,4.0,12,0.0,8.0,14,6,4.0,7,4.0,4.0,6.0,3.0,6,3.0,3.0,13.0,6,2.0,6.0,12,6.0,1.0,5.0,7.0,2.0,6.0,1.0,2.0,8,5,4.0,7.0,7.0,1.0,5.0,5.0,0.0,3.0,6.0,9,5,4,8,30,15,7,25,3,5.0,1.0,9,13.0,6,8,2.0,30,18,8,35,11,4.0,4.0,12,18,1.0,1.0,11,0.0,0.0,15.0,11.0,9,25,10,3.0,6.0,10,8,9.0,11,10,6.0,9.0,4,11,4.0,9.0,8,28,8,15,32,7,13,0.0,21,11,16,12,12,28,11,24,24,2.0,0.0,0.0,3.0,1.0,0.0,0.0,2.0,0.0,1.0,7.0,1.0,0.0,2.0,3.0,3.0,4.0,2.0,1.0,0.0,0.0,1.0,0.0,0.0,0.0,0.0,1.0,0.0,0.0,0.0,0.0,0.0
archaea_methanocaldococcus_chunk_10,archaea_methanocaldococcus.fasta,10,archaea,49,16,35,25,21,7,5.0,11,37,8.0,18.0,19,28,6,7,23,12,5.0,3.0,15,4,2.0,5.0,2.0,5.0,9,4.0,5.0,6,39,5.0,23.0,19,8,2.0,8,15.0,4.0,11.0,12.0,12,1.0,3.0,22,23,8,11,21,8,7,3.0,5,17,4,11,13,19,5,22,17,13,6,7.0,17,1.0,1.0,2.0,2.0,4.0,1.0,6.0,5.0,5,8,2.0,11,12,1.0,3.0,2,3.0,2.0,1.0,0.0,2.0,1.0,1.0,7.0,5.0,1.0,0.0,2.0,2.0,0.0,6.0,8,4.0,9.0,4.0,2.0,0.0,5.0,7,6.0,4,2.0,7,2.0,7,31,9.0,22.0,13,6,1.0,1.0,5.0,26.0,6.0,12.0,10.0,11,0.0,25.0,15,6,10.0,5,3.0,1.0,1.0,1.0,4,4.0,11.0,0.0,14,2.0,21.0,8,6.0,0.0,2.0,12.0,7.0,7.0,9.0,2.0,14,12,5.0,5.0,1.0,1.0,2.0,4.0,1.0,3.0,2.0,17,5,18,16,32,13,18,9,7,2.0,3.0,6,19.0,6,6,4.0,19,9,11,14,13,0.0,0.0,4,8,4.0,1.0,3,4.0,0.0,6.0,2.0,2,5,17,5.0,10.0,22,5,2.0,7,15,3.0,9.0,4,2,3.0,5.0,14,29,5,19,18,4,6,2.0,3,27,5,13,7,28,2,10,22,0.0,3.0,1.0,3.0,0.0,0.0,3.0,0.0,0.0,0.0,2.0,0.0,0.0,2.0,0.0,1.0,0.0,2.0,2.0,1.0,2.0,2.0,0.0,1.0,1.0,0.0,2.0,0.0,0.0,1.0,1.0,0.0
archaea_methanocaldococcus_chunk_11,archaea_methanocaldococcus.fasta,11,archaea,34,12,12,29,16,3,5.0,9,15,6.0,7.0,11,36,16,9,31,9,6.0,2.0,14,8,0.0,2.0,2.0,4.0,9,6.0,4.0,6,11,2.0,10.0,12,4,6.0,6,3.0,2.0,8.0,5.0,5,2.0,4.0,17,31,13,12,34,9,6,3.0,13,13,6,8,10,20,15,20,44,13,3,8.0,21,2.0,7.0,2.0,6.0,1.0,2.0,2.0,2.0,10,3,8.0,12,13,6.0,2.0,5,2.0,2.0,1.0,1.0,7.0,5.0,1.0,5.0,7.0,0.0,2.0,4.0,0.0,1.0,6.0,10,0.0,18.0,4.0,5.0,3.0,11.0,8,5.0,3,2.0,6,2.0,18,15,5.0,10.0,11,4,3.0,0.0,1.0,6.0,5.0,3.0,8.0,16,0.0,6.0,21,9,2.0,4,4.0,0.0,5.0,0.0,3,4.0,5.0,2.0,13,2.0,3.0,8,3.0,0.0,1.0,10.0,3.0,3.0,5.0,2.0,5,6,7.0,7.0,0.0,3.0,1.0,2.0,1.0,4.0,4.0,9,7,10,19,25,13,9,31,9,1.0,0.0,9,13.0,4,6,7.0,28,12,14,35,14,4.0,1.0,10,12,1.0,0.0,9,8.0,3.0,9.0,8.0,8,15,10,4.0,7.0,20,9,3.0,5,13,2.0,5.0,3,10,1.0,5.0,17,31,5,11,30,16,8,7.0,15,18,7,8,17,42,21,18,49,4.0,1.0,0.0,1.0,1.0,1.0,0.0,0.0,0.0,1.0,2.0,1.0,2.0,1.0,0.0,0.0,0.0,2.0,0.0,2.0,2.0,1.0,0.0,1.0,2.0,0.0,2.0,1.0,0.0,0.0,0.0,0.0
archaea_methanocaldococcus_chunk_12,archaea_methanocaldococcus.fasta,12,archaea,57,10,18,40,16,4,4.0,8,13,6.0,2.0,8,28,17,6,49,15,2.0,2.0,9,5,0.0,5.0,2.0,2.0,3,6.0,0.0,11,5,1.0,2.0,11,6,3.0,13,6.0,2.0,1.0,0.0,5,1.0,3.0,16,32,6,7,35,9,10,1.0,26,6,5,6,7,18,19,14,50,17,11,3.0,22,1.0,3.0,0.0,3.0,1.0,4.0,2.0,7.0,17,12,3.0,14,15,5.0,4.0,8,4.0,5.0,1.0,0.0,2.0,7.0,1.0,13.0,1.0,0.0,1.0,0.0,1.0,1.0,3.0,12,2.0,15.0,9.0,8.0,0.0,18.0,5,2.0,4,5.0,11,15.0,23,4,2.0,4.0,7,4,1.0,0.0,4.0,4.0,4.0,1.0,3.0,5,0.0,6.0,12,7,3.0,10,4.0,0.0,6.0,1.0,7,5.0,2.0,8.0,3,2.0,4.0,5,7.0,0.0,3.0,3.0,0.0,1.0,2.0,1.0,1,2,5.0,7.0,0.0,1.0,3.0,1.0,1.0,6.0,1.0,9,7,3,14,47,9,4,31,6,3.0,0.0,5,1.0,8,4,7.0,30,17,9,26,16,0.0,5.0,19,19,9.0,0.0,7,0.0,2.0,17.0,17.0,13,25,8,6.0,5.0,7,6,7.0,6,5,6.0,5.0,4,6,1.0,5.0,13,45,6,8,25,22,16,1.0,25,14,12,4,12,46,23,17,59,1.0,0.0,0.0,0.0,0.0,0.0,0.0,0.0,0.0,1.0,8.0,0.0,0.0,0.0,0.0,2.0,1.0,1.0,0.0,0.0,0.0,0.0,0.0,0.0,0.0,0.0,0.0,1.0,0.0,0.0,0.0,0.0
archaea_methanocaldococcus_chunk_13,archaea_methanocaldococcus.fasta,13,archaea,50,10,41,41,15,5,2.0,12,41,11.0,13.0,14,34,6,13,28,11,3.0,6.0,10,7,1.0,2.0,3.0,0.0,3,2.0,5.0,12,31,8.0,29.0,24,8,4.0,11,14.0,7.0,4.0,8.0,5,2.0,7.0,16,37,13,10,24,2,5,1.0,11,14,3,9,12,26,5,13,30,14,5,8.0,6,6.0,2.0,0.0,1.0,8.0,4.0,4.0,2.0,5,7,3.0,10,11,4.0,5.0,3,4.0,5.0,2.0,0.0,4.0,3.0,4.0,3.0,0.0,0.0,4.0,1.0,2.0,0.0,0.0,11,2.0,11.0,4.0,3.0,0.0,3.0,4,2.0,4,9.0,8,5.0,14,26,6.0,15.0,21,2,5.0,1.0,2.0,25.0,7.0,13.0,9.0,21,0.0,11.0,10,4,5.0,8,4.0,0.0,3.0,0.0,6,1.0,7.0,7.0,19,1.0,11.0,6,5.0,1.0,3.0,5.0,1.0,1.0,4.0,5.0,6,7,5.0,4.0,0.0,5.0,3.0,5.0,2.0,6.0,3.0,17,5,8,10,52,13,15,13,7,3.0,0.0,7,18.0,2,3,5.0,23,6,11,26,7,1.0,2.0,4,8,4.0,1.0,4,0.0,0.0,11.0,4.0,3,6,18,1.0,10.0,11,3,1.0,5,17,2.0,3.0,7,7,5.0,4.0,18,38,2,13,27,8,4,2.0,7,17,3,10,10,30,6,18,28,5.0,0.0,0.0,1.0,0.0,0.0,1.0,0.0,0.0,0.0,1.0,1.0,0.0,1.0,1.0,1.0,1.0,1.0,0.0,1.0,2.0,0.0,0.0,0.0,3.0,0.0,2.0,0.0,0.0,0.0,0.0,0.0
archaea_methanocaldococcus_chunk_14,archaea_methanocaldococcus.fasta,14,archaea,15,11,11,30,18,16,2.0,15,5,9.0,3.0,8,28,16,11,20,10,7.0,2.0,14,11,1.0,11.0,1.0,0.0,8,7.0,3.0,13,6,3.0,3.0,8,11,3.0,8,5.0,3.0,1.0,1.0,3,0.0,1.0,10,34,8,11,29,11,10,2.0,35,5,7,5,8,17,12,11,25,12,18,5.0,14,7.0,5.0,0.0,6.0,5.0,5.0,2.0,1.0,24,16,5.0,14,14,5.0,3.0,20,7.0,6.0,1.0,1.0,7.0,13.0,2.0,16.0,1.0,1.0,1.0,1.0,0.0,0.0,1.0,14,7.0,16.0,13.0,17.0,1.0,25.0,4,5.0,4,8.0,16,16.0,22,4,4.0,3.0,9,4,1.0,0.0,2.0,5.0,1.0,3.0,2.0,9,0.0,2.0,7,10,2.0,8,3.0,2.0,5.0,0.0,6,7.0,4.0,3.0,7,2.0,3.0,5,5.0,0.0,1.0,2.0,0.0,2.0,2.0,5.0,4,5,1.0,6.0,3.0,2.0,7.0,1.0,3.0,2.0,7.0,6,6,8,14,36,18,6,23,4,5.0,1.0,8,5.0,7,2,3.0,21,26,7,24,15,3.0,6.0,17,21,7.0,2.0,16,0.0,2.0,16.0,29.0,12,30,6,1.0,4.0,4,7,7.0,8,10,4.0,3.0,10,5,9.0,7.0,19,30,3,5,27,14,17,0.0,20,5,8,16,17,25,17,19,36,4.0,2.0,0.0,0.0,5.0,2.0,0.0,0.0,0.0,2.0,8.0,3.0,1.0,0.0,1.0,0.0,3.0,1.0,0.0,0.0,3.0,1.0,0.0,0.0,0.0,1.0,1.0,0.0,0.0,0.0,0.0,0.0
archaea_methanocaldococcus_chunk_15,archaea_methanocaldococcus.fasta,15,archaea,38,15,18,26,20,12,5.0,13,8,7.0,14.0,15,28,13,12,12,11,5.0,7.0,10,11,2.0,7.0,2.0,2.0,2,5.0,3.0,14,8,4.0,6.0,6,14,6.0,17,15.0,7.0,4.0,2.0,8,1.0,5.0,15,28,9,6,24,11,9,2.0,20,8,7,9,12,14,9,14,15,21,13,2.0,13,7.0,2.0,0.0,3.0,2.0,10.0,3.0,10.0,11,13,8.0,13,14,0.0,7.0,12,4.0,7.0,4.0,1.0,5.0,11.0,3.0,13.0,1.0,0.0,0.0,1.0,1.0,2.0,3.0,15,3.0,10.0,8.0,12.0,0.0,9.0,6,9.0,9,5.0,10,11.0,23,6,6.0,15.0,6,3,1.0,0.0,1.0,8.0,12.0,6.0,2.0,9,0.0,5.0,12,11,5.0,13,2.0,3.0,7.0,1.0,11,4.0,11.0,9.0,15,0.0,15.0,7,7.0,1.0,4.0,3.0,5.0,2.0,3.0,3.0,4,7,6.0,9.0,2.0,1.0,3.0,4.0,1.0,3.0,3.0,10,5,11,16,32,16,9,20,3,6.0,1.0,7,6.0,8,5,2.0,19,16,11,15,13,4.0,6.0,10,16,7.0,0.0,11,0.0,2.0,10.0,9.0,12,15,9,1.0,7.0,12,10,8.0,9,18,5.0,2.0,7,10,1.0,3.0,20,27,5,9,18,12,12,1.0,14,11,11,11,13,25,14,15,27,1.0,1.0,1.0,0.0,3.0,0.0,1.0,1.0,0.0,1.0,7.0,3.0,4.0,1.0,2.0,1.0,2.0,1.0,1.0,0.0,5.0,1.0,0.0,0.0,1.0,0.0,0.0,0.0,0.0,0.0,0.0,0.0
archaea_methanocaldococcus_chunk_16,archaea_methanocaldococcus.fasta,16,archaea,57,9,39,49,11,1,3.0,13,44,5.0,8.0,17,23,11,10,40,15,1.0,3.0,3,1,0.0,0.0,1.0,0.0,7,3.0,5.0,8,33,2.0,24.0,28,10,3.0,7,16.0,3.0,6.0,8.0,6,0.0,5.0,26,26,5,13,25,11,6,2.0,8,15,5,9,8,29,7,20,34,24,7,4.0,3,1.0,0.0,0.0,2.0,7.0,5.0,3.0,5.0,5,3,3.0,5,5,1.0,4.0,3,2.0,0.0,1.0,2.0,0.0,0.0,3.0,4.0,2.0,0.0,0.0,1.0,2.0,1.0,4.0,11,1.0,6.0,1.0,0.0,0.0,2.0,8,6.0,4,4.0,9,1.0,13,31,7.0,23.0,14,4,0.0,0.0,2.0,18.0,4.0,13.0,9.0,19,0.0,17.0,17,9,8.0,3,4.0,1.0,2.0,1.0,3,0.0,8.0,6.0,24,1.0,9.0,12,4.0,0.0,4.0,8.0,6.0,1.0,4.0,4.0,8,1,8.0,4.0,0.0,1.0,3.0,3.0,2.0,5.0,1.0,19,6,13,15,42,5,8,18,6,0.0,1.0,6,19.0,7,9,6.0,22,13,7,28,9,0.0,5.0,7,6,1.0,1.0,5,1.0,2.0,8.0,0.0,6,6,16,3.0,11.0,12,5,6.0,5,20,3.0,5.0,7,3,2.0,2.0,15,35,7,20,35,9,6,2.0,7,16,5,17,9,40,10,13,17,0.0,1.0,2.0,1.0,1.0,0.0,2.0,0.0,1.0,0.0,1.0,1.0,3.0,1.0,1.0,3.0,1.0,2.0,1.0,0.0,1.0,1.0,0.0,0.0,1.0,0.0,1.0,0.0,0.0,0.0,0.0,0.0
archaea_methanocaldococcus_chunk_17,archaea_methanocaldococcus.fasta,17,archaea,35,15,5,34,26,13,11.0,19,14,6.0,2.0,5,28,17,21,20,23,9.0,6.0,13,8,2.0,5.0,7.0,2.0,8,10.0,5.0,15,9,5.0,6.0,13,9,5.0,4,20.0,0.0,2.0,8.0,5,0.0,8.0,10,25,13,7,23,6,5,5.0,11,8,9,28,11,19,8,10,27,18,21,7.0,23,4.0,2.0,0.0,8.0,7.0,5.0,7.0,3.0,11,2,2.0,8,17,1.0,4.0,5,7.0,3.0,0.0,0.0,2.0,2.0,3.0,7.0,4.0,3.0,2.0,6.0,2.0,0.0,3.0,8,6.0,4.0,7.0,10.0,1.0,2.0,7,0.0,5,2.0,15,4.0,6,17,12.0,10.0,14,8,3.0,1.0,3.0,9.0,4.0,14.0,8.0,10,0.0,19.0,17,17,6.0,2,3.0,1.0,2.0,2.0,2,2.0,2.0,5.0,31,1.0,19.0,13,4.0,0.0,5.0,11.0,7.0,5.0,12.0,6.0,11,5,8.0,14.0,2.0,0.0,0.0,3.0,0.0,10.0,5.0,10,1,16,10,19,21,5,15,13,4.0,6.0,8,3.0,5,8,7.0,19,8,14,19,12,4.0,6.0,3,9,2.0,2.0,4,4.0,4.0,6.0,6.0,4,2,9,6.0,8.0,14,10,1.0,2,30,4.0,16.0,11,5,2.0,4.0,13,22,12,8,19,9,2,4.0,5,19,6,18,6,17,7,19,8,7.0,4.0,5.0,2.0,0.0,4.0,3.0,1.0,2.0,5.0,4.0,0.0,2.0,2.0,0.0,4.0,0.0,2.0,2.0,2.0,0.0,5.0,0.0,0.0,0.0,2.0,0.0,0.0,0.0,0.0,0.0,0.0
archaea_methanocaldococcus_chunk_18,archaea_methanocaldococcus.fasta,18,archaea,25,16,8,32,14,7,1.0,14,7,9.0,3.0,14,26,19,11,22,12,3.0,4.0,7,3,2.0,8.0,1.0,0.0,7,9.0,9.0,6,6,1.0,2.0,8,16,3.0,9,7.0,2.0,2.0,2.0,5,4.0,4.0,15,29,10,12,21,12,13,3.0,30,5,8,5,7,17,14,10,28,24,8,6.0,16,5.0,2.0,0.0,6.0,3.0,10.0,1.0,4.0,13,22,3.0,10,16,3.0,2.0,14,12.0,9.0,2.0,2.0,12.0,15.0,1.0,12.0,1.0,1.0,0.0,1.0,2.0,1.0,3.0,18,6.0,19.0,13.0,19.0,2.0,23.0,6,3.0,4,7.0,11,7.0,22,9,2.0,3.0,3,2,3.0,0.0,1.0,3.0,2.0,3.0,3.0,12,0.0,6.0,3,16,3.0,11,2.0,7.0,3.0,0.0,9,8.0,2.0,4.0,5,2.0,1.0,6,4.0,0.0,9.0,2.0,1.0,2.0,3.0,0.0,3,5,4.0,8.0,5.0,3.0,4.0,1.0,3.0,2.0,2.0,10,3,10,9,23,10,16,27,5,6.0,0.0,10,4.0,8,6,7.0,21,17,5,34,10,6.0,9.0,16,18,11.0,0.0,20,2.0,3.0,15.0,25.0,8,23,5,2.0,8.0,6,9,7.0,5,5,6.0,6.0,4,8,4.0,4.0,11,24,5,9,29,11,13,3.0,14,9,7,10,11,29,17,12,58,5.0,0.0,0.0,1.0,12.0,0.0,0.0,2.0,0.0,1.0,5.0,1.0,0.0,1.0,1.0,4.0,3.0,0.0,0.0,1.0,0.0,1.0,0.0,0.0,1.0,2.0,0.0,2.0,0.0,0.0,0.0,0.0
archaea_methanocaldococcus_chunk_19,archaea_methanocaldococcus.fasta,19,archaea,42,11,28,26,11,1,2.0,8,35,7.0,19.0,15,17,9,10,24,7,2.0,5.0,9,3,1.0,1.0,2.0,1.0,3,4.0,6.0,9,30,4.0,36.0,18,8,1.0,6,19.0,3.0,11.0,19.0,8,3.0,11.0,20,20,8,10,15,5,4,3.0,8,12,6,7,9,23,7,21,28,5,5,8.0,4,2.0,1.0,1.0,2.0,15.0,0.0,4.0,3.0,6,3,2.0,11,5,0.0,5.0,2,0.0,2.0,0.0,1.0,2.0,0.0,2.0,4.0,2.0,1.0,2.0,1.0,2.0,0.0,5.0,9,1.0,5.0,4.0,2.0,0.0,3.0,10,2.0,2,4.0,9,0.0,12,34,4.0,27.0,10,6,1.0,4.0,5.0,23.0,6.0,18.0,19.0,17,0.0,14.0,19,7,5.0,7,2.0,0.0,1.0,1.0,6,1.0,4.0,7.0,14,4.0,15.0,16,8.0,1.0,4.0,16.0,3.0,5.0,6.0,6.0,22,5,8.0,10.0,1.0,0.0,3.0,8.0,1.0,10.0,4.0,13,10,24,15,26,2,13,20,4,3.0,2.0,7,16.0,2,11,5.0,13,8,8,25,3,2.0,7.0,4,7,1.0,0.0,4,2.0,3.0,4.0,4.0,6,5,29,7.0,13.0,15,3,2.0,7,13,4.0,12.0,8,8,1.0,6.0,15,27,7,16,24,6,6,6.0,5,34,5,18,13,28,6,21,22,1.0,2.0,4.0,0.0,0.0,0.0,1.0,1.0,3.0,1.0,4.0,2.0,0.0,1.0,0.0,5.0,1.0,2.0,0.0,0.0,1.0,3.0,0.0,0.0,2.0,3.0,2.0,0.0,1.0,1.0,0.0,0.0
archaea_methanocaldococcus_chunk_20,archaea_methanocaldococcus.fasta,20,archaea,35,4,32,34,12,2,0.0,10,26,10.0,17.0,12,24,4,11,26,9,2.0,9.0,11,14,1.0,3.0,0.0,2.0,7,0.0,5.0,9,21,13.0,26.0,27,7,7.0,10,26.0,5.0,6.0,8.0,11,0.0,3.0,21,21,6,20,19,6,8,0.0,1,21,10,12,18,17,10,26,19,11,4,5.0,13,2.0,5.0,0.0,3.0,13.0,3.0,6.0,5.0,11,4,10.0,10,11,3.0,9.0,12,3.0,5.0,1.0,1.0,3.0,0.0,4.0,4.0,0.0,0.0,1.0,0.0,0.0,1.0,1.0,10,4.0,10.0,4.0,0.0,0.0,1.0,4,3.0,4,2.0,9,4.0,11,25,7.0,17.0,10,8,8.0,2.0,5.0,27.0,6.0,17.0,7.0,16,0.0,27.0,17,8,5.0,4,7.0,3.0,2.0,0.0,7,3.0,3.0,8.0,22,4.0,17.0,10,6.0,1.0,2.0,4.0,2.0,1.0,8.0,2.0,7,11,6.0,9.0,3.0,1.0,4.0,7.0,1.0,4.0,3.0,11,6,18,7,34,9,11,8,9,4.0,2.0,3,21.0,7,5,11.0,15,7,13,19,5,3.0,4.0,7,11,4.0,1.0,1,0.0,0.0,7.0,2.0,1,5,16,6.0,13.0,23,6,5.0,8,18,3.0,2.0,8,8,5.0,10.0,13,20,7,18,16,6,8,0.0,9,26,6,11,13,24,3,10,20,1.0,0.0,2.0,2.0,0.0,0.0,5.0,0.0,0.0,1.0,2.0,2.0,2.0,3.0,2.0,3.0,2.0,1.0,2.0,0.0,1.0,2.0,0.0,1.0,0.0,0.0,1.0,0.0,0.0,0.0,0.0,0.0
archaea_methanocaldococcus_chunk_21,archaea_methanocaldococcus.fasta,21,archaea,38,11,17,30,9,6,1.0,23,9,9.0,7.0,9,23,18,14,25,12,3.0,2.0,5,4,0.0,2.0,1.0,1.0,6,9.0,3.0,13,6,6.0,12.0,12,7,7.0,14,4.0,7.0,2.0,3.0,4,5.0,1.0,11,22,2,11,20,9,14,0.0,23,11,9,5,11,18,15,14,26,16,14,3.0,17,7.0,3.0,0.0,4.0,4.0,8.0,1.0,4.0,9,14,1.0,15,15,6.0,3.0,11,6.0,3.0,0.0,0.0,4.0,4.0,0.0,13.0,1.0,0.0,1.0,1.0,0.0,1.0,3.0,17,3.0,13.0,10.0,7.0,1.0,20.0,5,4.0,6,4.0,12,16.0,36,13,1.0,3.0,8,4,2.0,1.0,1.0,14.0,3.0,5.0,5.0,7,0.0,7.0,9,5,7.0,8,10.0,1.0,3.0,0.0,8,5.0,7.0,11.0,9,1.0,6.0,5,5.0,0.0,7.0,3.0,0.0,3.0,2.0,4.0,5,5,1.0,6.0,3.0,3.0,8.0,1.0,0.0,1.0,4.0,9,5,10,10,28,13,11,25,2,2.0,1.0,3,9.0,10,3,3.0,16,15,14,24,18,2.0,5.0,15,15,2.0,1.0,13,0.0,4.0,15.0,20.0,9,33,9,1.0,8.0,5,11,6.0,10,13,3.0,6.0,5,6,6.0,1.0,15,33,2,13,30,18,7,3.0,26,6,15,15,9,39,18,15,38,7.0,0.0,1.0,2.0,1.0,0.0,1.0,1.0,1.0,1.0,6.0,3.0,1.0,1.0,2.0,3.0,2.0,1.0,3.0,0.0,0.0,2.0,0.0,1.0,0.0,0.0,2.0,1.0,0.0,0.0,0.0,0.0
archaea_methanocaldococcus_chunk_22,archaea_methanocaldococcus.fasta,22,archaea,14,17,12,32,14,12,3.0,19,8,9.0,4.0,12,34,21,11,26,14,6.0,3.0,5,6,1.0,14.0,1.0,0.0,8,7.0,10.0,6,9,5.0,3.0,8,9,8.0,12,4.0,3.0,5.0,9.0,8,3.0,6.0,13,29,6,18,25,17,17,2.0,10,6,3,10,4,22,17,12,23,22,9,6.0,30,5.0,7.0,1.0,4.0,5.0,7.0,2.0,9.0,12,12,3.0,15,26,6.0,9.0,12,9.0,7.0,2.0,0.0,11.0,14.0,4.0,3.0,0.0,0.0,2.0,1.0,1.0,0.0,1.0,21,1.0,14.0,7.0,15.0,0.0,13.0,7,10.0,4,4.0,3,7.0,16,8,5.0,3.0,8,6,0.0,1.0,2.0,5.0,4.0,7.0,2.0,12,0.0,4.0,7,9,7.0,9,8.0,3.0,1.0,1.0,12,3.0,2.0,10.0,6,3.0,3.0,5,7.0,0.0,5.0,3.0,0.0,4.0,4.0,8.0,7,6,5.0,8.0,3.0,3.0,3.0,3.0,2.0,4.0,6.0,9,6,7,12,31,17,12,22,3,5.0,0.0,6,7.0,11,8,7.0,20,13,5,26,18,3.0,4.0,16,30,10.0,2.0,10,0.0,1.0,6.0,11.0,9,13,9,1.0,10.0,9,10,1.0,8,10,6.0,3.0,8,7,4.0,1.0,13,26,6,10,17,14,16,1.0,13,13,4,9,11,25,14,12,38,3.0,3.0,1.0,2.0,3.0,1.0,0.0,1.0,1.0,1.0,6.0,2.0,0.0,0.0,0.0,2.0,2.0,0.0,0.0,3.0,2.0,0.0,0.0,1.0,1.0,1.0,1.0,0.0,0.0,0.0,0.0,0.0
archaea_methanocaldococcus_chunk_23,archaea_methanocaldococcus.fasta,23,archaea,42,11,18,43,8,9,2.0,17,19,8.0,9.0,9,36,12,22,20,13,1.0,6.0,7,9,2.0,4.0,3.0,2.0,6,5.0,5.0,13,19,3.0,17.0,15,6,4.0,6,11.0,0.0,9.0,4.0,5,5.0,4.0,15,42,9,9,24,13,5,0.0,12,18,6,9,14,20,6,20,18,15,8,6.0,16,4.0,3.0,0.0,4.0,5.0,4.0,1.0,8.0,6,8,5.0,8,11,3.0,5.0,3,4.0,3.0,1.0,1.0,4.0,2.0,2.0,10.0,1.0,1.0,2.0,0.0,0.0,0.0,3.0,6,5.0,6.0,5.0,5.0,0.0,13.0,3,3.0,3,4.0,9,6.0,31,18,3.0,13.0,11,2,0.0,3.0,3.0,21.0,0.0,10.0,1.0,18,0.0,9.0,13,7,5.0,3,4.0,4.0,2.0,0.0,4,4.0,2.0,5.0,10,2.0,6.0,12,3.0,0.0,4.0,9.0,11.0,6.0,7.0,3.0,9,7,5.0,5.0,6.0,0.0,2.0,7.0,0.0,4.0,3.0,18,3,15,10,39,14,8,20,13,4.0,1.0,4,9.0,4,4,11.0,24,10,11,23,14,7.0,2.0,14,5,2.0,1.0,9,0.0,0.0,3.0,12.0,4,20,15,2.0,7.0,13,6,5.0,5,9,2.0,8.0,11,5,2.0,7.0,19,26,8,14,34,13,7,0.0,12,9,9,14,12,35,17,7,50,1.0,0.0,1.0,0.0,3.0,0.0,1.0,1.0,2.0,0.0,2.0,0.0,0.0,1.0,0.0,4.0,2.0,2.0,1.0,1.0,0.0,0.0,0.0,0.0,0.0,1.0,1.0,0.0,1.0,0.0,0.0,0.0
archaea_methanocaldococcus_chunk_24,archaea_methanocaldococcus.fasta,24,archaea,55,12,16,39,13,4,2.0,13,17,4.0,8.0,4,36,13,16,33,11,2.0,2.0,12,3,0.0,3.0,1.0,3.0,10,6.0,2.0,10,12,5.0,6.0,14,5,1.0,5,6.0,1.0,3.0,6.0,5,2.0,0.0,15,31,14,13,35,9,6,1.0,15,11,7,13,13,27,11,21,39,16,6,2.0,19,3.0,1.0,0.0,4.0,4.0,2.0,2.0,5.0,10,7,4.0,14,9,3.0,3.0,3,5.0,2.0,0.0,0.0,3.0,3.0,1.0,6.0,1.0,0.0,0.0,2.0,0.0,1.0,3.0,10,2.0,18.0,2.0,8.0,2.0,8.0,1,3.0,4,4.0,4,13.0,15,16,5.0,6.0,16,5,2.0,1.0,1.0,8.0,3.0,2.0,2.0,14,1.0,9.0,11,8,2.0,8,3.0,0.0,1.0,2.0,5,3.0,4.0,7.0,17,3.0,4.0,5,4.0,1.0,1.0,6.0,6.0,6.0,7.0,2.0,9,5,6.0,10.0,6.0,1.0,2.0,2.0,1.0,2.0,1.0,13,2,18,11,35,9,9,24,6,1.0,4.0,10,8.0,3,4,11.0,33,11,15,40,15,3.0,6.0,12,7,6.0,0.0,7,1.0,0.0,12.0,7.0,5,16,13,1.0,5.0,14,9,1.0,10,16,4.0,11.0,7,9,5.0,3.0,17,31,5,7,36,19,5,0.0,15,19,9,19,16,35,13,17,41,2.0,2.0,1.0,1.0,2.0,1.0,1.0,0.0,0.0,0.0,7.0,0.0,0.0,0.0,1.0,2.0,1.0,0.0,0.0,1.0,3.0,0.0,1.0,0.0,2.0,0.0,0.0,1.0,0.0,0.0,0.0,0.0
archaea_methanocaldococcus_chunk_25,archaea_methanocaldococcus.fasta,25,archaea,24,5,19,31,6,6,6.0,7,21,6.0,6.0,13,29,16,5,26,7,3.0,3.0,4,5,2.0,6.0,3.0,1.0,4,2.0,4.0,9,17,3.0,14.0,18,5,6.0,11,5.0,4.0,5.0,4.0,8,4.0,2.0,18,24,5,11,31,15,9,2.0,20,8,3,7,9,18,8,11,37,9,8,7.0,16,3.0,5.0,1.0,4.0,12.0,7.0,2.0,5.0,9,7,6.0,10,13,3.0,3.0,9,4.0,4.0,1.0,1.0,3.0,9.0,5.0,8.0,4.0,0.0,0.0,2.0,1.0,1.0,1.0,13,3.0,10.0,5.0,4.0,1.0,14.0,1,7.0,5,4.0,7,24.0,22,13,1.0,14.0,8,3,0.0,0.0,2.0,10.0,4.0,3.0,8.0,10,1.0,6.0,13,6,6.0,4,6.0,1.0,9.0,0.0,5,6.0,1.0,12.0,9,1.0,6.0,3,6.0,2.0,1.0,3.0,6.0,7.0,5.0,2.0,8,5,6.0,10.0,3.0,3.0,2.0,4.0,3.0,1.0,1.0,9,5,5,14,33,11,6,21,5,4.0,2.0,6,9.0,5,8,6.0,23,22,10,25,14,5.0,14.0,15,13,6.0,1.0,6,2.0,1.0,14.0,7.0,7,29,6,1.0,5.0,7,6,7.0,8,9,4.0,4.0,5,7,1.0,5.0,6,29,9,11,29,25,10,3.0,20,6,9,9,5,44,21,8,91,2.0,3.0,2.0,0.0,3.0,1.0,2.0,1.0,2.0,1.0,5.0,2.0,1.0,2.0,1.0,1.0,3.0,1.0,2.0,3.0,4.0,2.0,0.0,0.0,3.0,1.0,0.0,1.0,1.0,0.0,1.0,0.0
archaea_methanocaldococcus_chunk_26,archaea_methanocaldococcus.fasta,26,archaea,72,5,37,27,7,3,0.0,9,27,14.0,24.0,8,19,8,15,18,7,4.0,5.0,7,5,1.0,1.0,4.0,0.0,6,3.0,6.0,8,25,3.0,24.0,27,6,4.0,18,26.0,5.0,16.0,8.0,4,2.0,4.0,19,19,6,20,15,6,5,1.0,7,23,12,10,11,20,6,12,26,10,5,9.0,5,2.0,0.0,1.0,7.0,8.0,3.0,7.0,1.0,3,4,3.0,10,7,0.0,6.0,3,4.0,1.0,1.0,0.0,5.0,0.0,1.0,4.0,3.0,0.0,2.0,2.0,0.0,0.0,5.0,10,7.0,13.0,5.0,0.0,0.0,1.0,8,1.0,9,2.0,10,5.0,12,25,5.0,20.0,16,4,1.0,0.0,2.0,25.0,7.0,20.0,14.0,17,0.0,25.0,14,3,5.0,6,3.0,2.0,4.0,5.0,14,1.0,9.0,10.0,25,2.0,16.0,14,7.0,1.0,6.0,11.0,4.0,6.0,5.0,5.0,10,5,3.0,10.0,2.0,2.0,3.0,1.0,1.0,5.0,4.0,16,5,20,7,34,4,7,12,10,3.0,3.0,5,19.0,9,4,6.0,21,7,13,22,12,3.0,3.0,4,4,3.0,1.0,4,1.0,0.0,5.0,2.0,4,7,13,2.0,24.0,14,4,5.0,9,20,2.0,8.0,6,9,3.0,2.0,14,23,8,15,24,9,5,1.0,7,21,5,12,11,24,6,15,14,0.0,0.0,0.0,5.0,1.0,1.0,0.0,1.0,0.0,0.0,2.0,3.0,1.0,1.0,1.0,7.0,2.0,1.0,1.0,0.0,1.0,2.0,0.0,0.0,0.0,1.0,1.0,0.0,0.0,0.0,0.0,0.0
archaea_methanocaldococcus_chunk_27,archaea_methanocaldococcus.fasta,27,archaea,53,14,27,34,12,7,2.0,10,29,9.0,14.0,15,30,7,13,22,11,4.0,8.0,12,5,2.0,2.0,5.0,2.0,4,5.0,5.0,8,15,7.0,13.0,29,5,4.0,7,10.0,4.0,5.0,6.0,7,0.0,11.0,15,32,12,18,24,3,6,4.0,7,17,6,14,9,29,9,22,27,14,3,5.0,14,4.0,1.0,1.0,3.0,8.0,1.0,1.0,7.0,11,5,6.0,12,10,3.0,3.0,5,3.0,2.0,1.0,0.0,2.0,1.0,2.0,5.0,5.0,0.0,0.0,6.0,3.0,0.0,3.0,5,4.0,8.0,5.0,3.0,1.0,4.0,3,3.0,5,3.0,12,2.0,14,22,5.0,20.0,15,5,1.0,3.0,5.0,13.0,5.0,6.0,4.0,19,0.0,14.0,26,7,5.0,12,5.0,1.0,1.0,1.0,6,2.0,4.0,10.0,21,2.0,8.0,12,9.0,1.0,5.0,12.0,5.0,3.0,2.0,3.0,10,5,3.0,8.0,0.0,0.0,1.0,10.0,6.0,6.0,6.0,13,5,9,6,39,9,15,9,14,3.0,3.0,4,14.0,4,4,7.0,26,8,13,27,8,2.0,1.0,5,8,1.0,0.0,5,3.0,4.0,5.0,5.0,3,5,21,5.0,7.0,12,7,3.0,9,21,7.0,13.0,5,7,1.0,11.0,5,30,7,8,34,8,5,4.0,6,16,4,21,6,25,7,15,28,3.0,1.0,1.0,3.0,1.0,1.0,0.0,1.0,0.0,1.0,1.0,0.0,0.0,1.0,0.0,3.0,0.0,0.0,0.0,0.0,1.0,1.0,3.0,1.0,2.0,0.0,2.0,0.0,0.0,0.0,0.0,0.0
archaea_methanocaldococcus_chunk_28,archaea_methanocaldococcus.fasta,28,archaea,27,12,12,21,19,4,1.0,24,10,5.0,3.0,13,19,11,10,39,13,1.0,5.0,14,11,1.0,4.0,1.0,2.0,13,4.0,7.0,14,10,4.0,3.0,4,8,1.0,7,7.0,0.0,1.0,4.0,7,6.0,4.0,13,23,6,7,18,24,11,4.0,25,6,3,5,6,15,9,13,42,5,19,3.0,13,1.0,5.0,0.0,5.0,1.0,8.0,1.0,8.0,15,34,3.0,12,9,7.0,4.0,13,3.0,0.0,0.0,2.0,4.0,6.0,1.0,6.0,0.0,2.0,0.0,3.0,0.0,5.0,4.0,30,7.0,7.0,5.0,10.0,0.0,21.0,1,5.0,5,10.0,6,21.0,29,6,4.0,3.0,12,4,2.0,1.0,3.0,3.0,1.0,3.0,5.0,6,0.0,1.0,7,5,2.0,9,0.0,0.0,1.0,2.0,4,2.0,4.0,7.0,6,3.0,4.0,3,1.0,0.0,3.0,1.0,0.0,3.0,2.0,1.0,5,3,2.0,11.0,10.0,3.0,11.0,1.0,3.0,0.0,3.0,13,7,8,14,34,13,13,33,9,5.0,1.0,6,7.0,4,5,4.0,14,19,6,20,13,3.0,7.0,28,19,3.0,3.0,12,1.0,8.0,24.0,24.0,9,32,9,1.0,5.0,4,7,0.0,7,8,3.0,4.0,3,3,10.0,2.0,20,37,7,10,23,12,13,4.0,32,11,6,8,16,43,24,18,48,0.0,0.0,0.0,2.0,0.0,1.0,0.0,0.0,0.0,5.0,2.0,0.0,0.0,1.0,0.0,1.0,4.0,3.0,1.0,0.0,0.0,2.0,0.0,1.0,0.0,0.0,2.0,0.0,1.0,0.0,0.0,1.0
archaea_methanocaldococcus_chunk_29,archaea_methanocaldococcus.fasta,29,archaea,63,13,43,32,16,3,4.0,9,38,6.0,20.0,11,25,7,21,33,14,7.0,6.0,10,4,0.0,4.0,2.0,1.0,4,3.0,7.0,5,29,6.0,22.0,25,5,2.0,6,22.0,5.0,3.0,7.0,4,4.0,4.0,21,27,4,7,21,15,3,1.0,2,21,10,12,20,36,5,20,22,20,5,9.0,7,4.0,3.0,1.0,2.0,8.0,3.0,1.0,9.0,1,10,7.0,13,9,0.0,8.0,5,5.0,1.0,0.0,0.0,3.0,0.0,3.0,4.0,3.0,0.0,1.0,2.0,0.0,0.0,1.0,3,1.0,4.0,2.0,4.0,0.0,0.0,8,6.0,3,7.0,7,0.0,6,28,5.0,16.0,23,8,3.0,1.0,5.0,20.0,3.0,10.0,8.0,21,0.0,20.0,13,8,5.0,6,3.0,0.0,2.0,1.0,1,1.0,12.0,3.0,18,5.0,11.0,9,8.0,0.0,1.0,7.0,3.0,1.0,9.0,3.0,6,9,8.0,6.0,2.0,3.0,2.0,8.0,1.0,1.0,1.0,22,4,15,7,40,9,7,24,9,1.0,2.0,3,16.0,2,6,5.0,12,4,15,24,10,2.0,2.0,10,9,4.0,0.0,3,3.0,1.0,0.0,2.0,2,3,22,6.0,7.0,18,7,2.0,10,12,3.0,7.0,8,9,4.0,4.0,20,41,9,14,24,5,6,1.0,3,16,3,14,9,23,6,6,20,2.0,0.0,5.0,1.0,0.0,0.0,2.0,0.0,0.0,2.0,2.0,1.0,0.0,0.0,1.0,2.0,2.0,1.0,0.0,0.0,0.0,4.0,0.0,1.0,0.0,1.0,1.0,0.0,3.0,0.0,0.0,0.0
archaea_methanocaldococcus_chunk_30,archaea_methanocaldococcus.fasta,30,archaea,31,10,27,16,11,7,2.0,18,37,6.0,11.0,9,18,11,14,15,8,2.0,3.0,7,7,0.0,4.0,1.0,3.0,6,8.0,6.0,9,30,4.0,29.0,28,13,6.0,15,14.0,5.0,6.0,3.0,6,2.0,5.0,7,24,7,13,33,12,7,0.0,10,18,16,14,7,21,9,19,20,15,9,11.0,13,4.0,5.0,3.0,2.0,8.0,5.0,2.0,4.0,10,8,8.0,7,12,7.0,8.0,11,13.0,3.0,1.0,2.0,3.0,8.0,0.0,5.0,1.0,0.0,0.0,3.0,1.0,1.0,4.0,5,1.0,13.0,1.0,14.0,0.0,9.0,6,2.0,6,4.0,17,6.0,13,21,5.0,17.0,16,2,1.0,1.0,3.0,27.0,11.0,10.0,6.0,26,0.0,19.0,16,18,5.0,6,3.0,4.0,2.0,0.0,6,3.0,9.0,9.0,14,2.0,15.0,12,6.0,0.0,4.0,9.0,5.0,2.0,3.0,0.0,4,2,5.0,7.0,4.0,1.0,0.0,1.0,2.0,3.0,2.0,8,3,5,10,17,14,8,13,3,2.0,0.0,6,19.0,13,5,1.0,23,10,14,31,10,3.0,3.0,9,15,10.0,0.0,7,1.0,1.0,4.0,5.0,3,15,14,1.0,9.0,18,11,5.0,6,19,3.0,6.0,3,4,3.0,3.0,11,21,3,20,25,8,10,1.0,8,17,4,8,8,23,9,11,25,4.0,2.0,0.0,1.0,8.0,1.0,1.0,1.0,0.0,1.0,2.0,2.0,2.0,2.0,0.0,1.0,0.0,2.0,0.0,0.0,2.0,0.0,0.0,0.0,0.0,0.0,1.0,2.0,1.0,0.0,0.0,0.0
archaea_methanocaldococcus_chunk_31,archaea_methanocaldococcus.fasta,31,archaea,26,7,20,30,10,7,2.0,13,18,9.0,11.0,14,22,13,12,24,4,1.0,3.0,13,6,1.0,3.0,1.0,1.0,4,5.0,7.0,7,15,4.0,10.0,15,10,5.0,9,11.0,3.0,2.0,6.0,8,4.0,6.0,17,24,4,12,29,13,7,2.0,19,11,1,13,11,13,20,18,29,14,6,3.0,21,2.0,2.0,2.0,2.0,5.0,4.0,0.0,5.0,10,15,2.0,16,16,4.0,2.0,13,4.0,3.0,2.0,1.0,2.0,5.0,0.0,10.0,0.0,0.0,0.0,1.0,1.0,1.0,1.0,16,6.0,15.0,5.0,8.0,0.0,8.0,3,2.0,8,4.0,7,8.0,29,15,3.0,13.0,8,2,1.0,0.0,3.0,7.0,3.0,7.0,9.0,17,0.0,7.0,10,8,4.0,3,5.0,1.0,2.0,0.0,12,0.0,5.0,6.0,13,2.0,10.0,6,3.0,0.0,5.0,6.0,3.0,2.0,7.0,1.0,9,11,3.0,7.0,2.0,7.0,4.0,1.0,4.0,3.0,2.0,12,8,12,12,28,16,16,12,7,3.0,0.0,5,13.0,8,4,7.0,20,13,15,30,16,2.0,5.0,14,20,4.0,1.0,9,0.0,2.0,19.0,11.0,5,25,11,0.0,6.0,12,2,4.0,7,12,3.0,6.0,10,5,7.0,2.0,18,21,5,17,27,17,12,1.0,29,14,7,7,15,38,23,9,47,3.0,1.0,1.0,0.0,3.0,0.0,2.0,2.0,0.0,1.0,4.0,1.0,1.0,1.0,0.0,0.0,1.0,1.0,1.0,0.0,2.0,0.0,1.0,0.0,0.0,1.0,0.0,1.0,0.0,0.0,0.0,0.0
archaea_methanocaldococcus_chunk_32,archaea_methanocaldococcus.fasta,32,archaea,50,12,10,34,18,5,2.0,12,7,4.0,7.0,5,23,11,9,35,8,7.0,4.0,16,5,0.0,8.0,0.0,1.0,11,7.0,4.0,13,9,1.0,4.0,6,7,1.0,3,8.0,2.0,1.0,1.0,7,4.0,2.0,7,25,14,8,35,21,6,5.0,14,9,7,2,6,39,20,17,48,17,10,2.0,10,6.0,5.0,0.0,5.0,1.0,3.0,3.0,6.0,25,13,2.0,25,8,6.0,2.0,14,2.0,5.0,0.0,1.0,6.0,6.0,5.0,5.0,0.0,0.0,0.0,2.0,1.0,1.0,1.0,15,7.0,17.0,6.0,11.0,1.0,9.0,5,4.0,9,5.0,8,11.0,15,13,4.0,4.0,6,1,1.0,0.0,3.0,5.0,2.0,0.0,3.0,6,0.0,3.0,18,5,3.0,6,4.0,1.0,0.0,0.0,8,3.0,2.0,3.0,6,0.0,4.0,9,4.0,0.0,3.0,2.0,0.0,2.0,2.0,2.0,3,5,3.0,13.0,7.0,3.0,2.0,2.0,2.0,0.0,7.0,10,5,5,6,26,10,7,28,10,6.0,0.0,15,7.0,3,2,6.0,28,22,10,46,18,2.0,4.0,29,19,3.0,0.0,9,2.0,5.0,14.0,11.0,12,16,12,4.0,2.0,10,3,4.0,10,8,3.0,4.0,5,8,5.0,6.0,15,26,10,7,41,19,11,3.0,28,12,4,9,16,27,25,17,46,4.0,1.0,0.0,1.0,4.0,0.0,1.0,1.0,0.0,4.0,2.0,1.0,0.0,1.0,0.0,1.0,2.0,0.0,0.0,0.0,0.0,1.0,1.0,0.0,0.0,2.0,0.0,1.0,0.0,0.0,0.0,0.0
archaea_methanocaldococcus_chunk_33,archaea_methanocaldococcus.fasta,33,archaea,27,11,9,24,21,12,2.0,16,4,11.0,4.0,6,18,20,7,22,20,3.0,3.0,19,16,0.0,6.0,1.0,1.0,8,10.0,4.0,13,4,1.0,0.0,3,6,5.0,12,2.0,5.0,3.0,1.0,3,1.0,1.0,7,25,19,5,19,23,13,3.0,23,4,7,3,11,16,14,12,24,14,20,4.0,24,8.0,4.0,0.0,5.0,3.0,7.0,1.0,5.0,14,24,7.0,18,16,4.0,4.0,19,10.0,8.0,1.0,3.0,9.0,5.0,4.0,14.0,1.0,2.0,0.0,2.0,4.0,1.0,4.0,15,7.0,19.0,6.0,10.0,4.0,16.0,3,7.0,4,9.0,16,18.0,30,11,3.0,4.0,3,3,3.0,0.0,1.0,0.0,1.0,1.0,0.0,8,0.0,4.0,4,9,3.0,7,4.0,5.0,4.0,1.0,11,9.0,4.0,12.0,4,1.0,1.0,5,2.0,2.0,6.0,4.0,3.0,2.0,3.0,1.0,3,7,1.0,6.0,3.0,0.0,3.0,2.0,1.0,1.0,4.0,4,6,6,12,19,18,8,16,13,10.0,4.0,13,1.0,5,5,1.0,28,18,7,22,17,7.0,6.0,18,13,9.0,3.0,14,2.0,1.0,15.0,12.0,11,28,12,3.0,1.0,6,10,4.0,15,5,4.0,2.0,3,8,4.0,6.0,14,14,13,4,31,16,16,2.0,24,13,15,6,7,26,20,20,40,7.0,4.0,0.0,1.0,2.0,0.0,0.0,0.0,3.0,1.0,3.0,3.0,1.0,0.0,1.0,2.0,0.0,1.0,3.0,4.0,3.0,1.0,0.0,1.0,5.0,1.0,2.0,3.0,0.0,0.0,1.0,2.0
archaea_methanocaldococcus_chunk_34,archaea_methanocaldococcus.fasta,34,archaea,41,18,9,26,14,13,2.0,24,9,8.0,2.0,8,28,20,10,21,10,3.0,4.0,10,10,0.0,6.0,1.0,0.0,8,6.0,13.0,9,14,1.0,1.0,5,6,5.0,8,2.0,2.0,0.0,2.0,8,2.0,3.0,5,26,4,11,28,12,7,2.0,23,9,8,10,13,18,12,20,24,12,12,3.0,22,4.0,1.0,0.0,4.0,3.0,5.0,1.0,5.0,18,8,5.0,13,21,3.0,5.0,15,6.0,6.0,1.0,0.0,4.0,13.0,5.0,10.0,1.0,0.0,0.0,1.0,0.0,0.0,1.0,15,7.0,15.0,3.0,16.0,1.0,25.0,7,9.0,9,8.0,8,14.0,24,12,5.0,5.0,11,1,1.0,0.0,2.0,4.0,1.0,1.0,1.0,5,0.0,7.0,9,8,2.0,7,9.0,5.0,6.0,0.0,7,5.0,7.0,8.0,7,1.0,4.0,6,4.0,0.0,2.0,4.0,1.0,5.0,3.0,6.0,5,9,3.0,14.0,2.0,6.0,5.0,1.0,1.0,5.0,7.0,7,1,9,11,29,18,10,20,8,2.0,1.0,5,5.0,5,2,4.0,18,16,18,31,10,2.0,3.0,12,19,6.0,0.0,14,1.0,2.0,18.0,21.0,8,25,11,2.0,2.0,9,8,14.0,17,10,5.0,9.0,7,14,11.0,5.0,17,27,5,2,26,10,11,0.0,19,7,21,7,19,27,13,19,41,1.0,0.0,2.0,0.0,2.0,0.0,2.0,0.0,0.0,1.0,6.0,1.0,1.0,0.0,1.0,0.0,0.0,0.0,0.0,1.0,0.0,0.0,0.0,0.0,0.0,0.0,0.0,0.0,0.0,0.0,0.0,0.0
archaea_methanocaldococcus_chunk_35,archaea_methanocaldococcus.fasta,35,archaea,61,14,18,30,14,5,5.0,21,14,6.0,6.0,16,35,10,14,20,11,1.0,1.0,11,4,1.0,4.0,4.0,1.0,10,5.0,8.0,13,10,1.0,9.0,12,16,4.0,11,13.0,3.0,5.0,0.0,5,4.0,2.0,20,30,7,15,23,13,9,3.0,14,17,4,11,6,15,8,20,29,15,16,0.0,11,0.0,4.0,0.0,6.0,0.0,11.0,3.0,4.0,10,11,5.0,16,8,1.0,3.0,13,1.0,5.0,0.0,0.0,9.0,3.0,1.0,7.0,4.0,1.0,0.0,3.0,0.0,1.0,0.0,11,5.0,13.0,3.0,5.0,0.0,11.0,6,5.0,3,6.0,15,10.0,17,16,7.0,14.0,13,3,0.0,1.0,2.0,9.0,2.0,5.0,6.0,11,1.0,9.0,11,11,8.0,9,2.0,3.0,3.0,1.0,4,4.0,4.0,5.0,15,1.0,10.0,5,3.0,0.0,3.0,5.0,6.0,2.0,2.0,0.0,9,4,5.0,5.0,4.0,4.0,1.0,2.0,2.0,1.0,1.0,20,5,10,14,32,8,10,25,7,1.0,2.0,7,9.0,12,7,5.0,19,17,10,25,12,3.0,6.0,9,18,2.0,0.0,8,3.0,0.0,6.0,7.0,7,23,21,3.0,3.0,12,14,2.0,2,11,4.0,2.0,6,6,5.0,4.0,20,30,5,13,30,9,10,3.0,17,14,8,8,22,28,16,16,33,1.0,0.0,3.0,0.0,2.0,1.0,2.0,0.0,0.0,1.0,6.0,5.0,0.0,0.0,1.0,0.0,0.0,1.0,0.0,1.0,1.0,3.0,0.0,0.0,2.0,2.0,0.0,0.0,1.0,0.0,0.0,0.0
archaea_methanocaldococcus_chunk_36,archaea_methanocaldococcus.fasta,36,archaea,67,18,40,39,13,4,3.0,13,48,12.0,14.0,17,29,11,13,26,15,6.0,2.0,6,4,0.0,1.0,2.0,1.0,5,2.0,6.0,10,30,6.0,25.0,28,12,6.0,8,21.0,3.0,4.0,4.0,8,2.0,6.0,15,26,5,16,17,8,5,0.0,4,25,8,10,9,32,10,20,23,21,6,9.0,7,6.0,1.0,0.0,1.0,5.0,3.0,1.0,4.0,10,3,2.0,14,12,2.0,2.0,6,7.0,2.0,2.0,1.0,3.0,1.0,6.0,2.0,2.0,0.0,1.0,2.0,0.0,0.0,3.0,7,1.0,7.0,3.0,3.0,0.0,1.0,7,2.0,7,5.0,8,3.0,9,34,4.0,27.0,18,7,1.0,1.0,3.0,19.0,4.0,13.0,6.0,14,0.0,21.0,21,8,7.0,7,4.0,1.0,1.0,1.0,4,2.0,8.0,7.0,21,2.0,8.0,11,3.0,0.0,5.0,4.0,1.0,2.0,2.0,0.0,9,4,5.0,9.0,2.0,1.0,2.0,4.0,2.0,1.0,2.0,13,4,16,8,42,5,15,15,3,4.0,0.0,6,17.0,8,4,4.0,11,3,15,24,8,0.0,2.0,10,7,3.0,0.0,8,1.0,0.0,3.0,2.0,1,3,30,4.0,8.0,16,7,3.0,5,17,2.0,5.0,5,8,4.0,3.0,14,40,7,12,20,7,9,1.0,2,22,4,11,13,26,2,12,9,5.0,0.0,1.0,1.0,2.0,1.0,0.0,1.0,0.0,0.0,2.0,0.0,4.0,0.0,1.0,3.0,0.0,1.0,0.0,0.0,3.0,0.0,0.0,0.0,1.0,0.0,1.0,0.0,1.0,0.0,0.0,0.0
archaea_methanocaldococcus_chunk_37,archaea_methanocaldococcus.fasta,37,archaea,14,14,5,20,16,4,0.0,24,3,1.0,1.0,8,24,20,5,22,7,7.0,5.0,15,6,1.0,2.0,0.0,1.0,7,12.0,9.0,20,2,1.0,3.0,9,3,3.0,8,3.0,0.0,3.0,4.0,7,1.0,5.0,15,22,7,8,28,20,12,2.0,25,7,6,5,8,22,9,9,32,12,14,0.0,18,9.0,4.0,1.0,5.0,3.0,6.0,4.0,7.0,12,21,4.0,14,7,5.0,4.0,11,6.0,7.0,0.0,2.0,6.0,8.0,3.0,12.0,1.0,0.0,0.0,1.0,1.0,4.0,3.0,17,6.0,17.0,15.0,10.0,0.0,26.0,3,9.0,6,8.0,9,22.0,30,6,1.0,0.0,6,2,1.0,0.0,4.0,1.0,4.0,2.0,6.0,9,0.0,8.0,5,8,3.0,4,6.0,2.0,2.0,1.0,6,12.0,2.0,3.0,2,3.0,3.0,4,2.0,0.0,4.0,5.0,1.0,0.0,5.0,3.0,4,11,4.0,8.0,2.0,3.0,6.0,3.0,0.0,3.0,3.0,10,7,5,14,21,15,8,27,7,1.0,1.0,15,8.0,4,3,7.0,20,19,9,31,22,7.0,8.0,21,9,11.0,2.0,18,1.0,4.0,21.0,19.0,12,34,8,3.0,7.0,8,9,6.0,10,3,5.0,3.0,8,10,6.0,1.0,14,21,11,10,26,20,15,4.0,29,13,11,5,12,27,30,19,54,1.0,1.0,0.0,1.0,3.0,1.0,1.0,1.0,0.0,1.0,8.0,0.0,0.0,1.0,1.0,1.0,1.0,1.0,1.0,0.0,1.0,1.0,0.0,0.0,1.0,1.0,0.0,1.0,1.0,0.0,0.0,0.0
archaea_methanocaldococcus_chunk_38,archaea_methanocaldococcus.fasta,38,archaea,9,12,14,27,14,11,0.0,10,11,10.0,6.0,11,42,15,24,15,21,8.0,7.0,6,10,0.0,3.0,0.0,0.0,8,3.0,9.0,5,9,3.0,12.0,10,13,6.0,18,14.0,0.0,6.0,6.0,6,4.0,4.0,10,33,8,19,26,14,18,1.0,8,10,15,11,11,15,3,13,27,16,11,5.0,35,8.0,7.0,1.0,7.0,5.0,12.0,3.0,7.0,15,7,6.0,13,14,6.0,12.0,17,13.0,7.0,2.0,1.0,6.0,7.0,2.0,6.0,2.0,0.0,4.0,2.0,0.0,0.0,2.0,18,2.0,16.0,5.0,8.0,0.0,8.0,4,6.0,2,7.0,3,8.0,11,10,2.0,7.0,11,5,3.0,0.0,3.0,8.0,11.0,11.0,2.0,7,0.0,5.0,12,17,6.0,10,6.0,2.0,2.0,1.0,15,6.0,3.0,6.0,5,4.0,12.0,7,7.0,0.0,3.0,5.0,3.0,1.0,0.0,6.0,4,5,4.0,11.0,4.0,5.0,2.0,5.0,0.0,0.0,7.0,10,3,3,16,27,10,12,23,15,1.0,0.0,5,10.0,8,6,4.0,22,19,12,18,15,7.0,2.0,8,20,9.0,5.0,9,1.0,2.0,7.0,5.0,5,10,14,4.0,4.0,5,15,3.0,8,9,5.0,3.0,5,13,5.0,1.0,16,16,11,5,18,10,12,3.0,9,8,6,9,10,22,20,12,43,9.0,0.0,1.0,5.0,5.0,3.0,0.0,2.0,0.0,1.0,5.0,2.0,1.0,1.0,0.0,3.0,2.0,1.0,0.0,2.0,1.0,0.0,1.0,0.0,1.0,0.0,4.0,0.0,0.0,0.0,0.0,0.0
archaea_methanocaldococcus_chunk_39,archaea_methanocaldococcus.fasta,39,archaea,17,9,5,24,16,9,1.0,14,4,4.0,1.0,4,27,19,8,28,19,10.0,7.0,16,4,0.0,16.0,0.0,0.0,6,4.0,3.0,16,2,4.0,2.0,9,6,1.0,5,2.0,1.0,5.0,3.0,5,2.0,0.0,8,18,13,11,32,22,13,1.0,30,5,8,7,7,17,14,14,38,17,15,5.0,29,17.0,7.0,0.0,3.0,5.0,3.0,3.0,6.0,13,24,1.0,15,13,4.0,0.0,11,9.0,5.0,2.0,3.0,5.0,15.0,2.0,15.0,0.0,0.0,0.0,0.0,1.0,1.0,3.0,12,6.0,12.0,17.0,8.0,0.0,19.0,3,4.0,3,2.0,11,20.0,32,2,4.0,0.0,5,6,1.0,1.0,6.0,1.0,1.0,3.0,2.0,7,1.0,3.0,11,7,4.0,8,1.0,3.0,3.0,2.0,3,7.0,0.0,5.0,3,6.0,3.0,4,7.0,1.0,2.0,4.0,0.0,2.0,2.0,4.0,7,7,2.0,9.0,1.0,1.0,3.0,2.0,0.0,1.0,4.0,6,4,7,7,19,12,3,24,13,6.0,0.0,6,7.0,5,4,3.0,27,22,15,29,27,8.0,6.0,18,14,10.0,3.0,12,0.0,3.0,16.0,18.0,7,34,6,4.0,2.0,9,10,5.0,6,9,4.0,5.0,6,7,2.0,3.0,6,21,6,6,41,19,17,5.0,23,11,10,13,5,40,26,11,49,3.0,0.0,2.0,1.0,5.0,0.0,1.0,0.0,1.0,4.0,7.0,5.0,0.0,1.0,0.0,5.0,0.0,1.0,0.0,1.0,2.0,2.0,0.0,0.0,2.0,1.0,0.0,2.0,0.0,0.0,0.0,0.0
archaea_methanocaldococcus_chunk_40,archaea_methanocaldococcus.fasta,40,archaea,87,5,37,38,10,4,2.0,7,35,9.0,13.0,11,33,7,16,37,12,2.0,2.0,5,1,0.0,3.0,3.0,0.0,6,2.0,3.0,7,23,2.0,20.0,24,4,2.0,14,13.0,3.0,9.0,5.0,10,3.0,8.0,16,31,1,18,34,10,3,0.0,9,22,2,14,11,32,5,21,31,8,8,4.0,12,1.0,0.0,0.0,4.0,5.0,1.0,1.0,4.0,3,3,4.0,8,3,1.0,5.0,2,1.0,5.0,0.0,0.0,4.0,2.0,1.0,5.0,0.0,1.0,0.0,2.0,0.0,1.0,0.0,10,3.0,12.0,4.0,3.0,1.0,7.0,5,5.0,2,2.0,12,1.0,11,23,2.0,21.0,21,5,0.0,1.0,2.0,15.0,6.0,6.0,12.0,26,0.0,11.0,16,6,2.0,3,3.0,2.0,3.0,0.0,8,3.0,5.0,9.0,22,3.0,11.0,10,4.0,0.0,5.0,14.0,6.0,2.0,3.0,4.0,5,5,6.0,9.0,1.0,2.0,3.0,5.0,0.0,6.0,6.0,14,3,7,8,49,8,6,22,5,1.0,1.0,5,14.0,6,10,10.0,22,12,18,28,11,1.0,2.0,8,6,3.0,0.0,1,0.0,1.0,7.0,8.0,5,8,22,2.0,8.0,17,4,4.0,6,19,3.0,8.0,6,7,1.0,5.0,11,39,8,16,25,7,3,0.0,9,17,7,14,5,30,10,10,26,1.0,1.0,0.0,2.0,1.0,0.0,0.0,1.0,1.0,0.0,5.0,1.0,0.0,2.0,1.0,3.0,1.0,0.0,0.0,1.0,0.0,0.0,0.0,0.0,0.0,0.0,0.0,0.0,0.0,0.0,0.0,0.0
archaea_methanocaldococcus_chunk_41,archaea_methanocaldococcus.fasta,41,archaea,21,13,9,20,14,6,1.0,16,8,6.0,4.0,17,24,9,6,25,11,8.0,9.0,8,8,0.0,11.0,1.0,0.0,12,8.0,10.0,11,6,4.0,8.0,12,3,5.0,11,11.0,2.0,3.0,2.0,7,3.0,3.0,18,23,7,10,30,12,2,6.0,21,8,5,5,6,28,9,13,27,10,9,6.0,15,10.0,4.0,2.0,10.0,9.0,8.0,2.0,2.0,9,12,3.0,13,10,9.0,5.0,12,3.0,6.0,0.0,0.0,5.0,12.0,2.0,19.0,0.0,1.0,0.0,2.0,0.0,2.0,5.0,15,5.0,18.0,14.0,13.0,0.0,11.0,6,6.0,5,8.0,11,19.0,34,8,3.0,5.0,7,4,3.0,1.0,4.0,5.0,2.0,4.0,3.0,12,0.0,7.0,9,5,1.0,4,7.0,1.0,5.0,3.0,8,4.0,6.0,9.0,6,5.0,5.0,7,2.0,0.0,2.0,5.0,3.0,1.0,0.0,0.0,7,4,3.0,6.0,3.0,3.0,3.0,2.0,0.0,0.0,2.0,18,5,7,13,23,12,15,22,8,9.0,0.0,11,8.0,5,8,9.0,25,20,8,30,14,8.0,6.0,13,18,5.0,0.0,16,1.0,5.0,13.0,14.0,7,25,12,2.0,1.0,7,6,8.0,12,7,2.0,2.0,4,6,4.0,1.0,13,30,15,17,29,12,21,1.0,24,6,16,5,8,34,25,15,38,3.0,2.0,1.0,2.0,4.0,0.0,0.0,0.0,1.0,1.0,0.0,1.0,0.0,0.0,0.0,0.0,1.0,1.0,0.0,0.0,2.0,1.0,0.0,1.0,1.0,1.0,1.0,0.0,1.0,1.0,0.0,0.0
archaea_methanocaldococcus_chunk_42,archaea_methanocaldococcus.fasta,42,archaea,45,18,18,39,16,5,2.0,21,16,11.0,9.0,13,29,11,14,24,8,7.0,7.0,9,9,0.0,6.0,3.0,1.0,12,6.0,3.0,9,26,4.0,24.0,22,12,3.0,13,16.0,1.0,7.0,6.0,7,4.0,4.0,18,33,5,17,23,12,5,1.0,8,20,10,8,4,27,8,20,26,17,5,4.0,10,3.0,6.0,2.0,4.0,13.0,3.0,0.0,4.0,7,8,8.0,17,12,4.0,7.0,9,2.0,1.0,0.0,0.0,3.0,4.0,2.0,2.0,1.0,1.0,0.0,1.0,1.0,0.0,2.0,11,4.0,17.0,6.0,5.0,0.0,4.0,9,2.0,4,3.0,3,3.0,12,23,5.0,19.0,16,7,2.0,1.0,3.0,28.0,5.0,10.0,10.0,19,0.0,11.0,17,6,3.0,10,6.0,2.0,1.0,1.0,11,1.0,6.0,5.0,18,2.0,16.0,8,0.0,0.0,4.0,9.0,0.0,1.0,1.0,5.0,6,7,5.0,6.0,2.0,2.0,2.0,3.0,2.0,2.0,5.0,13,5,11,8,35,16,8,13,5,4.0,2.0,2,19.0,10,11,6.0,23,7,9,23,10,3.0,3.0,12,14,0.0,0.0,3,0.0,1.0,7.0,4.0,7,4,18,6.0,13.0,16,7,5.0,5,18,3.0,3.0,5,9,2.0,3.0,11,21,4,23,17,8,5,0.0,8,21,3,15,13,22,5,19,29,2.0,2.0,1.0,1.0,0.0,0.0,1.0,1.0,0.0,1.0,2.0,1.0,0.0,0.0,1.0,0.0,0.0,0.0,1.0,0.0,1.0,0.0,0.0,0.0,0.0,0.0,0.0,1.0,0.0,0.0,0.0,1.0
archaea_methanocaldococcus_chunk_43,archaea_methanocaldococcus.fasta,43,archaea,30,15,5,32,22,5,3.0,14,5,1.0,2.0,8,31,15,9,34,14,3.0,4.0,19,5,0.0,2.0,1.0,1.0,12,5.0,7.0,7,5,1.0,5.0,6,6,1.0,3,11.0,1.0,2.0,4.0,7,2.0,4.0,11,33,9,8,38,18,15,5.0,17,13,1,7,14,20,14,12,51,13,8,1.0,18,8.0,4.0,0.0,1.0,3.0,4.0,8.0,4.0,22,19,6.0,18,14,5.0,3.0,13,6.0,4.0,1.0,1.0,0.0,3.0,1.0,7.0,2.0,3.0,1.0,0.0,0.0,1.0,4.0,15,1.0,10.0,5.0,4.0,0.0,8.0,5,4.0,5,5.0,7,9.0,15,9,4.0,6.0,12,6,1.0,1.0,5.0,3.0,5.0,4.0,4.0,8,0.0,4.0,11,6,4.0,6,1.0,0.0,2.0,1.0,2,0.0,1.0,3.0,14,3.0,3.0,7,6.0,0.0,0.0,2.0,1.0,4.0,4.0,1.0,7,9,2.0,7.0,5.0,2.0,5.0,4.0,1.0,1.0,8.0,16,4,2,13,30,17,4,26,4,2.0,1.0,11,6.0,3,4,8.0,27,22,16,34,6,3.0,8.0,27,23,6.0,1.0,3,4.0,5.0,13.0,9.0,10,15,10,6.0,7.0,10,6,2.0,1,12,3.0,2.0,8,7,7.0,9.0,13,20,5,10,44,16,12,4.0,17,11,4,12,9,36,22,21,64,5.0,1.0,2.0,3.0,3.0,0.0,2.0,2.0,2.0,3.0,1.0,2.0,0.0,2.0,0.0,0.0,4.0,1.0,0.0,0.0,2.0,0.0,0.0,3.0,0.0,2.0,1.0,1.0,2.0,0.0,0.0,1.0
archaea_methanocaldococcus_chunk_44,archaea_methanocaldococcus.fasta,44,archaea,22,9,7,34,12,7,0.0,17,6,3.0,3.0,6,25,20,12,36,6,1.0,2.0,8,6,0.0,7.0,0.0,0.0,4,6.0,5.0,10,5,1.0,6.0,8,6,4.0,5,6.0,1.0,1.0,2.0,4,2.0,0.0,13,23,3,12,30,16,15,2.0,20,7,5,4,12,16,22,19,48,11,14,1.0,19,3.0,4.0,0.0,4.0,4.0,1.0,2.0,1.0,9,19,4.0,16,17,6.0,0.0,10,3.0,8.0,0.0,0.0,6.0,6.0,3.0,16.0,0.0,0.0,0.0,2.0,0.0,3.0,0.0,20,0.0,13.0,7.0,5.0,1.0,8.0,2,4.0,2,7.0,9,15.0,36,10,3.0,1.0,6,1,1.0,0.0,1.0,2.0,6.0,1.0,7.0,10,0.0,3.0,12,4,1.0,6,1.0,4.0,3.0,0.0,5,4.0,2.0,4.0,6,0.0,4.0,7,0.0,0.0,2.0,3.0,1.0,1.0,2.0,1.0,3,7,3.0,6.0,7.0,0.0,7.0,0.0,0.0,0.0,2.0,9,4,10,18,29,10,9,34,1,1.0,0.0,2,8.0,6,4,5.0,24,14,9,41,18,4.0,5.0,24,23,7.0,0.0,13,1.0,4.0,19.0,5.0,5,33,9,2.0,6.0,8,5,4.0,8,8,1.0,3.0,3,10,9.0,0.0,25,32,1,7,39,21,23,2.0,27,16,8,9,23,45,32,25,100,0.0,0.0,0.0,1.0,8.0,0.0,0.0,0.0,0.0,0.0,2.0,0.0,0.0,0.0,0.0,0.0,0.0,0.0,0.0,0.0,0.0,0.0,1.0,0.0,0.0,0.0,1.0,0.0,0.0,0.0,0.0,1.0
archaea_methanocaldococcus_chunk_45,archaea_methanocaldococcus.fasta,45,archaea,50,18,20,39,17,4,1.0,25,18,7.0,14.0,14,28,12,17,13,17,1.0,10.0,6,7,0.0,3.0,2.0,2.0,9,7.0,10.0,8,15,3.0,15.0,17,9,2.0,6,13.0,3.0,5.0,8.0,8,7.0,3.0,14,28,12,5,22,9,4,1.0,12,12,10,11,11,24,10,15,20,14,16,8.0,9,5.0,2.0,1.0,0.0,15.0,2.0,5.0,8.0,13,4,1.0,14,8,3.0,4.0,6,3.0,5.0,1.0,0.0,5.0,2.0,2.0,5.0,1.0,2.0,0.0,0.0,0.0,1.0,2.0,10,3.0,13.0,10.0,3.0,1.0,8.0,4,4.0,11,2.0,6,6.0,20,21,2.0,17.0,7,2,4.0,4.0,2.0,14.0,5.0,7.0,5.0,15,0.0,13.0,12,10,8.0,4,4.0,2.0,2.0,0.0,5,4.0,4.0,6.0,19,3.0,13.0,12,5.0,0.0,2.0,7.0,7.0,4.0,1.0,5.0,17,9,0.0,4.0,7.0,2.0,2.0,4.0,0.0,3.0,4.0,13,8,13,14,42,11,8,15,10,2.0,4.0,7,3.0,3,3,5.0,10,10,13,30,12,3.0,8.0,16,7,5.0,1.0,4,1.0,1.0,7.0,9.0,5,16,12,4.0,3.0,11,9,6.0,8,25,2.0,6.0,10,4,3.0,3.0,15,29,8,9,24,13,8,1.0,15,10,9,18,8,27,13,14,33,2.0,2.0,4.0,0.0,2.0,0.0,3.0,0.0,2.0,0.0,3.0,1.0,0.0,0.0,0.0,2.0,0.0,0.0,1.0,0.0,3.0,1.0,0.0,0.0,0.0,1.0,0.0,1.0,0.0,0.0,0.0,0.0
archaea_methanocaldococcus_chunk_46,archaea_methanocaldococcus.fasta,46,archaea,38,12,19,29,16,3,3.0,13,20,4.0,7.0,14,21,9,19,31,17,3.0,18.0,12,8,0.0,2.0,3.0,2.0,9,2.0,8.0,10,16,5.0,7.0,20,6,5.0,1,10.0,3.0,3.0,5.0,11,1.0,10.0,16,23,15,5,25,15,9,2.0,3,18,15,12,15,28,14,14,31,19,9,10.0,20,4.0,2.0,0.0,7.0,11.0,6.0,8.0,13.0,10,8,2.0,16,13,4.0,8.0,5,4.0,4.0,0.0,2.0,0.0,1.0,5.0,6.0,3.0,1.0,0.0,4.0,1.0,1.0,1.0,5,8.0,3.0,0.0,2.0,0.0,3.0,8,2.0,8,4.0,8,4.0,8,18,6.0,10.0,14,10,3.0,2.0,2.0,7.0,0.0,2.0,9.0,20,0.0,16.0,24,12,4.0,7,6.0,2.0,0.0,1.0,2,2.0,3.0,2.0,10,5.0,6.0,12,2.0,1.0,2.0,3.0,3.0,6.0,2.0,10.0,6,10,4.0,15.0,7.0,1.0,2.0,6.0,2.0,5.0,9.0,8,7,8,13,23,8,6,17,20,6.0,6.0,7,10.0,2,4,2.0,17,12,23,16,16,4.0,8.0,12,11,3.0,1.0,6,3.0,0.0,5.0,0.0,6,5,19,6.0,5.0,24,16,2.0,6,18,1.0,6.0,7,13,8.0,2.0,13,16,16,9,25,18,9,1.0,8,22,6,7,8,22,11,18,23,4.0,2.0,4.0,0.0,4.0,1.0,2.0,1.0,1.0,3.0,3.0,2.0,1.0,0.0,1.0,1.0,1.0,1.0,0.0,1.0,0.0,1.0,0.0,0.0,0.0,1.0,1.0,1.0,1.0,0.0,0.0,0.0
archaea_methanocaldococcus_chunk_47,archaea_methanocaldococcus.fasta,47,archaea,31,12,21,19,10,7,9.0,11,21,4.0,11.0,5,21,5,15,19,10,3.0,7.0,8,9,3.0,3.0,3.0,2.0,4,6.0,6.0,8,14,6.0,11.0,15,9,0.0,8,22.0,4.0,9.0,8.0,12,3.0,1.0,17,10,6,11,26,10,2,1.0,4,15,9,13,14,28,9,18,27,10,9,5.0,14,5.0,3.0,1.0,6.0,4.0,7.0,6.0,13.0,3,4,6.0,14,6,5.0,4.0,9,4.0,0.0,2.0,1.0,2.0,4.0,2.0,4.0,2.0,0.0,0.0,4.0,3.0,2.0,4.0,4,4.0,13.0,10.0,4.0,1.0,6.0,6,5.0,5,11.0,8,6.0,12,23,11.0,6.0,11,5,4.0,2.0,1.0,9.0,5.0,16.0,5.0,11,0.0,12.0,18,7,12.0,5,4.0,0.0,4.0,4.0,8,5.0,14.0,9.0,18,2.0,18.0,8,9.0,0.0,5.0,6.0,5.0,1.0,3.0,3.0,13,7,13.0,7.0,3.0,3.0,0.0,1.0,4.0,0.0,2.0,17,5,21,14,19,5,9,16,8,3.0,3.0,6,13.0,5,10,10.0,18,8,18,31,15,6.0,7.0,5,7,2.0,1.0,5,1.0,2.0,7.0,6.0,5,7,17,4.0,5.0,14,4,7.0,17,16,3.0,4.0,10,9,2.0,3.0,23,28,10,14,29,10,6,0.0,15,18,12,15,10,28,11,14,33,2.0,5.0,5.0,4.0,0.0,1.0,2.0,0.0,2.0,3.0,2.0,1.0,0.0,0.0,1.0,8.0,1.0,2.0,0.0,0.0,6.0,1.0,0.0,0.0,1.0,0.0,1.0,0.0,2.0,0.0,1.0,0.0
archaea_methanocaldococcus_chunk_48,archaea_methanocaldococcus.fasta,48,archaea,75,13,29,37,13,3,3.0,10,28,5.0,13.0,9,26,7,14,39,15,5.0,4.0,5,5,0.0,3.0,1.0,2.0,7,2.0,5.0,6,24,6.0,24.0,17,9,5.0,9,17.0,6.0,7.0,7.0,9,1.0,7.0,13,24,8,10,24,10,4,1.0,5,23,5,13,12,26,9,19,38,21,5,6.0,14,4.0,4.0,1.0,4.0,6.0,5.0,3.0,6.0,8,4,4.0,13,9,5.0,5.0,6,5.0,0.0,0.0,1.0,0.0,3.0,0.0,3.0,2.0,1.0,0.0,0.0,0.0,1.0,3.0,5,2.0,11.0,3.0,2.0,0.0,3.0,5,3.0,5,3.0,6,3.0,9,22,7.0,11.0,19,4,4.0,0.0,1.0,17.0,7.0,14.0,11.0,14,0.0,22.0,14,10,7.0,12,6.0,0.0,1.0,0.0,8,0.0,5.0,7.0,19,0.0,13.0,14,11.0,0.0,3.0,7.0,1.0,4.0,6.0,1.0,11,4,5.0,8.0,2.0,2.0,3.0,1.0,2.0,6.0,1.0,13,4,14,12,36,4,9,16,8,1.0,0.0,5,20.0,7,7,4.0,18,9,13,26,12,2.0,4.0,6,9,2.0,1.0,2,0.0,1.0,3.0,3.0,6,3,14,2.0,12.0,19,10,2.0,8,22,5.0,6.0,8,2,4.0,2.0,16,32,4,22,23,9,6,0.0,4,18,10,17,8,36,3,19,24,4.0,0.0,1.0,1.0,0.0,1.0,0.0,1.0,0.0,0.0,1.0,1.0,0.0,0.0,0.0,2.0,1.0,0.0,0.0,0.0,0.0,0.0,0.0,0.0,0.0,0.0,1.0,1.0,0.0,0.0,0.0,0.0
archaea_methanocaldococcus_chunk_49,archaea_methanocaldococcus.fasta,49,archaea,36,7,24,28,12,9,2.0,11,20,12.0,13.0,8,20,11,9,19,16,4.0,4.0,13,4,2.0,4.0,1.0,2.0,7,4.0,6.0,6,13,5.0,18.0,17,7,4.0,13,16.0,1.0,9.0,7.0,5,1.0,3.0,18,23,7,13,29,15,4,2.0,17,13,6,11,15,14,16,11,29,15,14,7.0,14,8.0,2.0,0.0,4.0,8.0,4.0,3.0,2.0,4,13,7.0,17,12,4.0,5.0,6,7.0,3.0,3.0,1.0,3.0,5.0,1.0,9.0,1.0,0.0,0.0,2.0,1.0,1.0,3.0,12,3.0,19.0,11.0,7.0,1.0,10.0,6,4.0,3,2.0,7,6.0,19,12,5.0,13.0,8,9,3.0,1.0,2.0,12.0,3.0,8.0,12.0,13,0.0,18.0,8,8,4.0,8,4.0,4.0,3.0,0.0,11,7.0,4.0,4.0,13,6.0,7.0,10,3.0,0.0,4.0,6.0,4.0,4.0,5.0,4.0,6,3,8.0,8.0,1.0,0.0,1.0,2.0,2.0,1.0,3.0,15,5,13,12,32,8,9,9,8,0.0,1.0,6,13.0,6,9,5.0,35,14,11,26,14,5.0,4.0,14,12,2.0,0.0,8,2.0,2.0,13.0,13.0,4,16,11,4.0,10.0,11,10,6.0,7,12,6.0,2.0,4,8,1.0,1.0,18,20,5,12,30,10,11,2.0,18,15,11,9,8,31,14,16,36,4.0,1.0,0.0,1.0,3.0,0.0,2.0,0.0,0.0,1.0,3.0,1.0,2.0,1.0,1.0,1.0,1.0,0.0,0.0,2.0,2.0,1.0,0.0,0.0,1.0,2.0,0.0,0.0,2.0,0.0,0.0,0.0
archaea_methanocaldococcus_chunk_50,archaea_methanocaldococcus.fasta,50,archaea,60,6,26,49,9,4,2.0,8,29,11.0,8.0,4,37,2,16,31,10,0.0,6.0,6,5,1.0,2.0,3.0,1.0,4,5.0,4.0,6,20,4.0,24.0,28,11,6.0,10,13.0,4.0,6.0,9.0,7,2.0,4.0,16,29,6,14,36,6,6,0.0,7,14,8,18,6,29,7,23,29,13,5,3.0,13,0.0,2.0,0.0,7.0,8.0,3.0,4.0,7.0,4,5,2.0,8,5,7.0,6.0,5,6.0,3.0,3.0,0.0,3.0,2.0,1.0,4.0,4.0,0.0,1.0,1.0,1.0,0.0,1.0,10,1.0,8.0,3.0,4.0,3.0,7.0,5,3.0,3,2.0,2,4.0,13,27,7.0,13.0,10,6,2.0,1.0,2.0,22.0,9.0,12.0,8.0,22,0.0,8.0,18,13,4.0,4,2.0,4.0,3.0,1.0,7,7.0,5.0,7.0,22,3.0,12.0,9,7.0,6.0,5.0,8.0,4.0,2.0,8.0,5.0,10,5,12.0,7.0,1.0,1.0,1.0,4.0,0.0,6.0,2.0,11,4,5,11,42,5,10,14,7,1.0,1.0,2,17.0,4,8,10.0,22,12,20,31,6,0.0,6.0,4,10,6.0,1.0,2,1.0,0.0,5.0,3.0,3,5,11,4.0,14.0,10,4,2.0,9,24,6.0,7.0,10,8,1.0,3.0,4,27,4,13,33,6,8,3.0,1,16,4,20,6,35,3,15,29,1.0,0.0,0.0,0.0,3.0,1.0,1.0,3.0,2.0,1.0,3.0,2.0,1.0,4.0,0.0,5.0,0.0,0.0,1.0,2.0,2.0,2.0,0.0,0.0,2.0,3.0,1.0,2.0,0.0,0.0,0.0,0.0
archaea_methanocaldococcus_chunk_51,archaea_methanocaldococcus.fasta,51,archaea,36,17,20,19,21,10,2.0,14,11,7.0,13.0,12,28,10,12,20,14,5.0,5.0,9,6,2.0,6.0,1.0,2.0,7,3.0,7.0,10,14,1.0,16.0,10,4,3.0,7,14.0,1.0,6.0,4.0,9,2.0,1.0,25,35,8,9,22,7,11,1.0,19,5,7,5,16,18,7,21,29,13,10,0.0,11,3.0,5.0,1.0,3.0,5.0,3.0,1.0,7.0,12,11,7.0,13,9,4.0,2.0,14,8.0,6.0,2.0,2.0,4.0,7.0,5.0,14.0,0.0,1.0,0.0,1.0,2.0,1.0,4.0,13,6.0,6.0,5.0,9.0,0.0,6.0,8,2.0,7,4.0,12,11.0,22,17,4.0,10.0,9,1,0.0,1.0,2.0,14.0,3.0,6.0,12.0,7,0.0,10.0,16,2,5.0,6,4.0,3.0,1.0,1.0,4,3.0,3.0,5.0,13,0.0,14.0,8,1.0,0.0,1.0,6.0,1.0,3.0,4.0,2.0,5,6,4.0,14.0,3.0,1.0,5.0,4.0,1.0,1.0,3.0,18,6,15,13,27,16,12,31,8,3.0,1.0,8,11.0,1,5,6.0,27,17,4,26,9,2.0,3.0,15,11,7.0,3.0,17,0.0,1.0,10.0,7.0,6,18,13,2.0,5.0,14,7,5.0,6,14,0.0,4.0,5,11,4.0,5.0,18,32,6,10,32,14,17,1.0,11,17,9,10,15,32,19,13,41,4.0,1.0,1.0,0.0,1.0,1.0,1.0,0.0,0.0,0.0,2.0,1.0,0.0,0.0,0.0,1.0,2.0,1.0,0.0,0.0,1.0,1.0,1.0,0.0,0.0,1.0,0.0,0.0,0.0,0.0,0.0,0.0
archaea_methanocaldococcus_chunk_52,archaea_methanocaldococcus.fasta,52,archaea,16,9,9,29,17,14,0.0,25,7,3.0,1.0,8,34,19,8,22,13,2.0,3.0,12,8,0.0,11.0,0.0,0.0,5,17.0,7.0,14,7,2.0,1.0,8,4,5.0,12,5.0,3.0,0.0,2.0,9,5.0,2.0,5,29,8,14,20,14,8,3.0,26,5,4,7,6,16,18,12,21,13,21,0.0,21,2.0,2.0,0.0,5.0,4.0,10.0,3.0,4.0,16,17,2.0,16,16,5.0,5.0,14,9.0,10.0,0.0,0.0,9.0,16.0,5.0,15.0,0.0,0.0,0.0,1.0,0.0,3.0,0.0,22,7.0,8.0,12.0,22.0,1.0,44.0,8,10.0,7,4.0,15,21.0,30,5,6.0,3.0,7,6,0.0,0.0,2.0,2.0,0.0,2.0,1.0,11,0.0,7.0,4,6,6.0,5,4.0,5.0,7.0,1.0,3,12.0,3.0,6.0,6,3.0,1.0,6,4.0,0.0,8.0,1.0,0.0,1.0,1.0,1.0,3,5,4.0,9.0,5.0,1.0,6.0,0.0,0.0,2.0,5.0,3,5,1,6,29,20,7,26,5,6.0,0.0,11,5.0,9,4,8.0,10,15,5,25,20,2.0,7.0,20,19,11.0,0.0,17,1.0,4.0,20.0,34.0,14,36,8,3.0,3.0,7,9,7.0,2,10,12.0,2.0,4,8,3.0,2.0,7,26,7,8,18,18,16,2.0,28,8,5,12,6,25,20,13,30,3.0,0.0,0.0,1.0,3.0,0.0,0.0,1.0,0.0,0.0,5.0,0.0,0.0,1.0,4.0,0.0,2.0,1.0,0.0,0.0,2.0,0.0,2.0,0.0,2.0,0.0,0.0,0.0,1.0,0.0,0.0,0.0
archaea_methanocaldococcus_chunk_53,archaea_methanocaldococcus.fasta,53,archaea,40,11,28,27,17,5,1.0,7,31,9.0,17.0,12,21,9,15,36,21,3.0,5.0,10,1,0.0,6.0,3.0,1.0,5,1.0,5.0,2,23,5.0,29.0,20,8,5.0,13,19.0,5.0,12.0,6.0,8,2.0,6.0,18,25,6,9,19,8,3,0.0,7,18,12,6,6,23,12,26,33,16,5,11.0,14,6.0,1.0,1.0,2.0,7.0,4.0,3.0,4.0,3,4,1.0,14,7,1.0,6.0,4,2.0,1.0,0.0,0.0,3.0,3.0,3.0,5.0,1.0,0.0,1.0,3.0,0.0,0.0,1.0,9,2.0,6.0,3.0,2.0,1.0,5.0,8,3.0,6,0.0,10,4.0,11,20,4.0,19.0,16,9,2.0,1.0,2.0,21.0,7.0,16.0,14.0,19,0.0,13.0,20,7,4.0,3,7.0,1.0,4.0,0.0,5,3.0,6.0,11.0,15,4.0,16.0,11,3.0,0.0,2.0,14.0,10.0,8.0,6.0,3.0,12,8,5.0,6.0,1.0,0.0,2.0,7.0,1.0,1.0,4.0,9,5,15,16,30,10,11,24,7,0.0,2.0,2,18.0,7,7,4.0,16,5,13,24,11,5.0,3.0,5,8,1.0,0.0,3,1.0,0.0,4.0,4.0,3,9,20,5.0,12.0,18,4,6.0,9,12,0.0,11.0,7,5,0.0,4.0,14,33,3,22,26,12,7,1.0,6,22,4,17,13,42,5,13,25,1.0,0.0,1.0,1.0,0.0,0.0,1.0,0.0,0.0,0.0,2.0,1.0,0.0,1.0,1.0,1.0,1.0,1.0,0.0,0.0,1.0,1.0,0.0,0.0,1.0,0.0,1.0,0.0,0.0,0.0,0.0,0.0
archaea_methanocaldococcus_chunk_54,archaea_methanocaldococcus.fasta,54,archaea,38,15,9,45,18,1,6.0,21,12,0.0,9.0,15,28,10,29,23,19,3.0,8.0,12,5,1.0,4.0,5.0,0.0,15,5.0,10.0,12,21,4.0,6.0,11,8,1.0,2,12.0,1.0,7.0,5.0,11,1.0,10.0,16,22,16,17,22,7,6,1.0,13,13,6,28,14,20,12,19,23,27,11,4.0,16,4.0,0.0,1.0,2.0,6.0,4.0,3.0,7.0,6,7,3.0,8,9,1.0,3.0,1,2.0,4.0,1.0,0.0,6.0,4.0,2.0,5.0,1.0,2.0,3.0,5.0,2.0,0.0,1.0,12,9.0,13.0,7.0,5.0,2.0,2.0,1,5.0,6,6.0,8,4.0,8,21,9.0,14.0,13,5,4.0,1.0,5.0,9.0,4.0,10.0,6.0,19,2.0,15.0,13,13,3.0,3,1.0,2.0,0.0,0.0,4,1.0,2.0,1.0,24,8.0,12.0,19,1.0,0.0,1.0,13.0,4.0,7.0,11.0,3.0,10,11,4.0,13.0,3.0,1.0,2.0,3.0,2.0,11.0,2.0,8,6,7,16,21,11,9,16,15,7.0,2.0,14,15.0,4,3,10.0,24,8,14,30,17,1.0,6.0,8,6,2.0,0.0,9,5.0,1.0,9.0,6.0,4,3,11,1.0,8.0,13,10,2.0,5,36,0.0,12.0,13,8,4.0,5.0,10,12,11,11,28,15,5,3.0,5,17,4,16,5,26,6,15,10,2.0,1.0,4.0,1.0,1.0,1.0,2.0,0.0,3.0,0.0,1.0,2.0,1.0,1.0,1.0,2.0,1.0,0.0,0.0,0.0,0.0,0.0,0.0,2.0,0.0,0.0,0.0,0.0,0.0,0.0,0.0,0.0
archaea_methanocaldococcus_chunk_55,archaea_methanocaldococcus.fasta,55,archaea,42,16,23,41,13,6,5.0,9,13,12.0,13.0,11,36,13,14,21,9,3.0,5.0,13,5,1.0,4.0,1.0,2.0,7,3.0,4.0,6,14,2.0,12.0,16,4,4.0,13,12.0,4.0,7.0,10.0,4,1.0,2.0,22,34,14,11,25,7,6,1.0,15,10,8,7,8,16,7,23,30,17,4,4.0,12,5.0,3.0,0.0,3.0,10.0,2.0,2.0,5.0,12,7,3.0,11,6,4.0,5.0,7,2.0,5.0,1.0,0.0,5.0,3.0,2.0,10.0,0.0,0.0,3.0,2.0,1.0,1.0,2.0,12,1.0,9.0,7.0,8.0,0.0,10.0,9,1.0,3,2.0,6,8.0,19,20,3.0,11.0,7,6,0.0,0.0,1.0,13.0,3.0,13.0,8.0,16,0.0,7.0,19,6,5.0,3,1.0,2.0,6.0,2.0,5,7.0,6.0,9.0,8,2.0,12.0,11,6.0,0.0,5.0,4.0,2.0,3.0,4.0,6.0,8,8,4.0,7.0,4.0,0.0,3.0,4.0,0.0,4.0,3.0,18,9,17,7,43,10,11,24,6,3.0,1.0,7,9.0,7,5,5.0,20,9,9,25,16,2.0,4.0,10,14,3.0,2.0,5,0.0,1.0,5.0,12.0,3,16,19,3.0,10.0,13,5,4.0,7,16,2.0,6.0,6,8,4.0,3.0,19,34,2,11,22,14,10,1.0,8,22,7,16,21,29,9,18,31,2.0,2.0,1.0,3.0,0.0,3.0,1.0,0.0,0.0,2.0,8.0,2.0,1.0,0.0,1.0,6.0,1.0,0.0,0.0,1.0,2.0,0.0,0.0,0.0,1.0,0.0,1.0,0.0,0.0,0.0,0.0,0.0
archaea_methanocaldococcus_chunk_56,archaea_methanocaldococcus.fasta,56,archaea,45,9,38,40,5,4,3.0,14,32,8.0,15.0,11,21,11,12,29,11,6.0,1.0,3,5,0.0,5.0,0.0,5.0,4,8.0,8.0,7,21,7.0,28.0,17,9,3.0,13,17.0,1.0,13.0,11.0,5,3.0,3.0,13,23,5,17,16,7,5,3.0,11,15,3,9,7,27,16,10,31,18,10,3.0,6,4.0,2.0,2.0,5.0,11.0,4.0,1.0,2.0,4,7,2.0,16,7,4.0,7.0,9,4.0,4.0,1.0,1.0,2.0,7.0,1.0,4.0,2.0,1.0,0.0,1.0,3.0,2.0,3.0,7,1.0,9.0,5.0,10.0,1.0,9.0,4,4.0,6,6.0,11,8.0,13,27,3.0,13.0,16,7,4.0,2.0,2.0,14.0,5.0,16.0,8.0,14,0.0,13.0,19,8,5.0,9,3.0,2.0,1.0,1.0,4,4.0,2.0,12.0,20,3.0,7.0,16,6.0,1.0,4.0,13.0,4.0,3.0,7.0,1.0,7,3,5.0,9.0,4.0,2.0,5.0,3.0,2.0,3.0,2.0,10,4,10,6,42,4,12,11,5,1.0,3.0,6,16.0,8,10,3.0,22,8,7,20,11,3.0,5.0,8,15,5.0,1.0,4,4.0,0.0,7.0,6.0,9,13,16,4.0,8.0,12,4,3.0,3,14,2.0,8.0,4,6,2.0,5.0,7,36,7,15,23,11,8,6.0,10,18,1,10,5,33,6,11,27,1.0,1.0,4.0,0.0,5.0,0.0,2.0,1.0,2.0,1.0,4.0,0.0,1.0,0.0,0.0,7.0,4.0,0.0,0.0,1.0,2.0,1.0,1.0,2.0,4.0,2.0,0.0,0.0,0.0,0.0,0.0,0.0
archaea_methanocaldococcus_chunk_57,archaea_methanocaldococcus.fasta,57,archaea,55,14,26,41,12,9,3.0,10,24,7.0,11.0,11,33,10,11,34,7,5.0,7.0,6,8,1.0,7.0,3.0,2.0,5,3.0,3.0,9,19,7.0,18.0,22,8,4.0,8,10.0,4.0,7.0,6.0,7,2.0,7.0,16,38,5,10,26,14,4,0.0,10,9,6,6,10,31,5,19,35,14,4,6.0,14,3.0,3.0,0.0,4.0,8.0,5.0,2.0,7.0,6,4,1.0,12,12,1.0,7.0,5,7.0,9.0,0.0,1.0,7.0,7.0,0.0,8.0,1.0,2.0,1.0,0.0,1.0,1.0,2.0,15,5.0,10.0,4.0,2.0,0.0,10.0,5,4.0,3,3.0,5,7.0,17,19,4.0,12.0,9,5,5.0,1.0,3.0,19.0,2.0,10.0,5.0,17,0.0,11.0,13,12,2.0,5,4.0,3.0,1.0,0.0,9,1.0,4.0,1.0,13,3.0,8.0,10,4.0,1.0,1.0,11.0,1.0,2.0,2.0,1.0,10,6,3.0,6.0,1.0,1.0,3.0,5.0,1.0,4.0,2.0,14,3,11,14,48,12,9,24,5,3.0,2.0,3,15.0,6,4,9.0,23,14,8,31,7,2.0,6.0,7,6,9.0,1.0,5,0.0,1.0,9.0,5.0,8,11,11,2.0,9.0,9,8,2.0,6,12,3.0,6.0,5,5,3.0,4.0,14,34,3,21,34,3,14,0.0,10,12,6,13,11,42,12,12,30,4.0,1.0,0.0,0.0,7.0,0.0,1.0,0.0,1.0,1.0,0.0,2.0,0.0,1.0,2.0,1.0,0.0,1.0,1.0,0.0,0.0,0.0,0.0,0.0,0.0,0.0,1.0,0.0,1.0,0.0,0.0,0.0
archaea_methanocaldococcus_chunk_58,archaea_methanocaldococcus.fasta,58,archaea,40,7,7,55,4,9,0.0,7,9,2.0,4.0,9,29,25,14,28,3,0.0,4.0,5,5,3.0,17.0,1.0,0.0,5,5.0,1.0,4,6,15.0,10.0,14,2,1.0,4,19.0,0.0,2.0,3.0,7,1.0,5.0,17,20,6,7,28,24,6,2.0,10,7,5,21,10,25,13,12,42,12,3,1.0,9,2.0,1.0,0.0,3.0,19.0,1.0,0.0,5.0,3,9,3.0,4,5,4.0,1.0,2,1.0,4.0,1.0,4.0,2.0,19.0,3.0,8.0,1.0,0.0,0.0,2.0,0.0,1.0,4.0,7,5.0,8.0,4.0,7.0,2.0,22.0,4,1.0,3,7.0,7,3.0,16,20,0.0,4.0,14,1,15.0,0.0,0.0,10.0,1.0,15.0,7.0,6,0.0,18.0,18,3,2.0,1,4.0,2.0,2.0,1.0,3,3.0,4.0,5.0,18,0.0,15.0,20,2.0,1.0,1.0,1.0,4.0,5.0,5.0,1.0,9,7,4.0,12.0,0.0,0.0,6.0,3.0,2.0,4.0,1.0,22,3,7,18,37,10,12,18,5,3.0,2.0,5,7.0,3,5,9.0,23,8,8,42,14,2.0,18.0,11,2,0.0,3.0,9,1.0,2.0,11.0,8.0,7,25,13,1.0,8.0,6,2,5.0,7,31,2.0,6.0,8,11,4.0,2.0,20,43,4,12,33,17,2,3.0,13,14,6,19,19,38,16,23,49,3.0,1.0,0.0,0.0,1.0,1.0,2.0,0.0,0.0,0.0,16.0,0.0,0.0,0.0,0.0,2.0,1.0,0.0,0.0,2.0,3.0,0.0,2.0,0.0,3.0,2.0,0.0,0.0,1.0,0.0,0.0,1.0
archaea_methanocaldococcus_chunk_59,archaea_methanocaldococcus.fasta,59,archaea,30,15,12,23,16,17,1.0,26,5,6.0,7.0,9,25,11,17,22,10,5.0,3.0,13,10,0.0,12.0,1.0,2.0,12,15.0,2.0,12,4,1.0,1.0,5,5,3.0,10,1.0,1.0,3.0,9.0,1,5.0,3.0,12,33,5,9,26,21,7,2.0,15,9,4,10,10,16,10,12,29,19,22,1.0,21,5.0,3.0,0.0,6.0,1.0,10.0,0.0,3.0,13,17,5.0,6,15,4.0,3.0,8,6.0,9.0,0.0,1.0,8.0,13.0,3.0,16.0,0.0,0.0,0.0,2.0,1.0,0.0,4.0,18,9.0,18.0,18.0,10.0,3.0,24.0,6,11.0,4,3.0,13,17.0,23,5,5.0,3.0,7,2,0.0,0.0,2.0,0.0,2.0,2.0,1.0,7,1.0,2.0,11,4,0.0,7,1.0,2.0,2.0,0.0,6,7.0,9.0,6.0,4,1.0,1.0,6,1.0,0.0,2.0,1.0,1.0,4.0,6.0,3.0,5,3,3.0,6.0,3.0,5.0,6.0,4.0,1.0,1.0,7.0,16,6,2,13,26,18,11,24,8,6.0,2.0,7,5.0,1,5,8.0,28,16,9,28,33,4.0,8.0,13,13,9.0,0.0,17,0.0,4.0,19.0,20.0,10,21,12,2.0,3.0,8,5,2.0,15,10,2.0,3.0,4,4,7.0,5.0,16,25,9,7,31,16,17,0.0,26,6,6,4,12,27,26,12,50,4.0,0.0,0.0,1.0,2.0,0.0,0.0,0.0,0.0,1.0,2.0,1.0,1.0,0.0,1.0,1.0,3.0,0.0,0.0,0.0,1.0,0.0,2.0,0.0,2.0,0.0,1.0,0.0,1.0,0.0,0.0,0.0
archaea_methanocaldococcus_chunk_60,archaea_methanocaldococcus.fasta,60,archaea,48,15,17,38,15,11,1.0,17,17,10.0,6.0,12,39,15,10,23,12,2.0,3.0,9,7,2.0,6.0,1.0,0.0,4,3.0,12.0,7,17,2.0,13.0,24,8,4.0,12,10.0,1.0,6.0,1.0,13,4.0,0.0,7,44,10,15,30,13,8,2.0,16,3,11,5,8,29,5,12,30,14,9,9.0,15,1.0,1.0,0.0,2.0,8.0,4.0,2.0,5.0,14,10,2.0,6,14,1.0,4.0,8,5.0,6.0,1.0,2.0,3.0,12.0,0.0,8.0,1.0,1.0,1.0,0.0,1.0,2.0,0.0,18,5.0,6.0,6.0,9.0,1.0,22.0,7,6.0,5,10.0,9,4.0,22,12,3.0,7.0,9,3,0.0,0.0,1.0,18.0,4.0,7.0,5.0,20,0.0,8.0,10,8,8.0,3,7.0,0.0,4.0,0.0,12,2.0,10.0,4.0,5,0.0,14.0,8,1.0,0.0,2.0,5.0,0.0,2.0,1.0,0.0,4,9,4.0,14.0,1.0,2.0,7.0,1.0,1.0,1.0,1.0,9,2,5,9,44,17,12,25,7,5.0,0.0,6,13.0,7,3,2.0,26,14,7,36,13,1.0,4.0,12,8,9.0,1.0,7,1.0,1.0,10.0,21.0,6,19,8,1.0,6.0,6,9,7.0,12,12,2.0,1.0,2,12,4.0,4.0,14,28,3,6,33,10,6,1.0,11,10,10,6,15,23,17,21,44,2.0,0.0,0.0,1.0,4.0,0.0,0.0,0.0,0.0,1.0,3.0,0.0,0.0,0.0,0.0,0.0,0.0,0.0,0.0,0.0,2.0,0.0,0.0,0.0,2.0,0.0,1.0,0.0,0.0,0.0,0.0,0.0
archaea_methanocaldococcus_chunk_61,archaea_methanocaldococcus.fasta,61,archaea,67,16,30,53,12,9,2.0,18,27,11.0,14.0,9,34,13,13,27,6,5.0,4.0,14,8,1.0,4.0,1.0,1.0,6,7.0,6.0,7,25,4.0,8.0,17,10,5.0,8,16.0,1.0,4.0,8.0,3,2.0,5.0,9,32,7,13,25,11,8,2.0,13,13,6,13,11,20,6,13,33,28,6,5.0,13,6.0,2.0,0.0,2.0,8.0,1.0,3.0,2.0,11,9,6.0,11,20,1.0,5.0,5,6.0,5.0,1.0,0.0,5.0,7.0,2.0,5.0,0.0,0.0,0.0,2.0,2.0,0.0,1.0,8,5.0,8.0,6.0,4.0,1.0,10.0,7,5.0,3,3.0,10,7.0,13,25,4.0,18.0,7,6,1.0,0.0,2.0,8.0,3.0,8.0,5.0,14,0.0,15.0,9,12,3.0,5,4.0,5.0,4.0,1.0,4,1.0,7.0,5.0,12,2.0,7.0,7,5.0,0.0,2.0,3.0,1.0,3.0,9.0,6.0,8,8,5.0,10.0,3.0,1.0,3.0,8.0,1.0,2.0,4.0,9,3,10,7,46,15,8,14,5,5.0,0.0,4,11.0,9,4,3.0,18,12,9,25,14,4.0,2.0,13,13,2.0,0.0,6,1.0,0.0,6.0,6.0,3,15,17,3.0,9.0,12,3,6.0,7,9,5.0,4.0,11,10,4.0,4.0,11,35,2,9,21,13,8,1.0,4,13,5,11,11,28,10,15,36,4.0,0.0,0.0,2.0,2.0,0.0,0.0,1.0,0.0,1.0,2.0,0.0,0.0,2.0,2.0,2.0,1.0,1.0,0.0,1.0,0.0,2.0,0.0,0.0,2.0,1.0,0.0,0.0,0.0,0.0,0.0,0.0
archaea_methanocaldococcus_chunk_62,archaea_methanocaldococcus.fasta,62,archaea,24,19,14,23,15,8,4.0,18,7,12.0,3.0,10,26,18,6,26,11,3.0,3.0,8,6,0.0,9.0,0.0,1.0,6,9.0,3.0,10,6,2.0,6.0,11,10,5.0,19,6.0,1.0,1.0,2.0,1,2.0,4.0,13,25,4,11,25,18,6,1.0,19,2,7,6,7,21,18,16,30,20,11,5.0,22,5.0,4.0,0.0,3.0,7.0,9.0,3.0,3.0,12,12,5.0,12,22,2.0,4.0,14,5.0,6.0,0.0,0.0,4.0,10.0,5.0,17.0,0.0,0.0,0.0,1.0,2.0,0.0,0.0,16,6.0,15.0,7.0,22.0,0.0,17.0,4,5.0,4,4.0,10,16.0,26,3,1.0,4.0,6,2,1.0,0.0,1.0,2.0,3.0,2.0,6.0,11,0.0,3.0,16,7,10.0,7,6.0,3.0,6.0,1.0,10,12.0,4.0,8.0,4,1.0,4.0,8,6.0,0.0,6.0,6.0,1.0,1.0,3.0,3.0,5,2,3.0,5.0,3.0,3.0,4.0,2.0,0.0,6.0,4.0,6,7,4,12,33,14,9,25,3,3.0,0.0,6,9.0,12,2,1.0,16,14,8,30,18,6.0,5.0,12,25,7.0,0.0,15,1.0,1.0,17.0,15.0,5,26,4,1.0,3.0,10,7,10.0,7,4,7.0,8.0,9,5,7.0,3.0,11,38,2,10,23,13,16,5.0,23,10,12,12,11,36,16,16,58,1.0,2.0,1.0,1.0,4.0,0.0,1.0,2.0,0.0,1.0,9.0,1.0,0.0,0.0,0.0,2.0,1.0,0.0,0.0,0.0,2.0,0.0,2.0,0.0,2.0,2.0,0.0,0.0,0.0,0.0,0.0,0.0
archaea_methanocaldococcus_chunk_63,archaea_methanocaldococcus.fasta,63,archaea,58,24,24,30,21,16,4.0,17,17,7.0,6.0,16,30,14,21,20,12,7.0,5.0,16,10,2.0,7.0,1.0,2.0,13,4.0,6.0,11,24,0.0,4.0,15,6,4.0,6,11.0,1.0,1.0,1.0,5,2.0,4.0,15,38,6,7,33,11,6,1.0,14,16,3,8,13,23,13,13,28,20,16,3.0,15,8.0,2.0,1.0,9.0,11.0,6.0,1.0,1.0,12,7,4.0,16,21,9.0,3.0,7,4.0,6.0,1.0,1.0,3.0,11.0,2.0,8.0,1.0,1.0,0.0,0.0,1.0,1.0,3.0,11,4.0,15.0,9.0,14.0,1.0,9.0,3,5.0,1,1.0,6,11.0,18,22,5.0,5.0,16,3,1.0,0.0,2.0,10.0,2.0,3.0,5.0,14,0.0,8.0,13,4,2.0,7,7.0,0.0,6.0,0.0,4,5.0,0.0,4.0,9,2.0,3.0,13,2.0,0.0,1.0,2.0,1.0,0.0,1.0,0.0,2,7,4.0,2.0,0.0,2.0,4.0,1.0,2.0,3.0,7.0,9,3,8,10,36,13,14,24,8,3.0,0.0,6,5.0,2,4,4.0,28,11,8,28,17,3.0,9.0,9,19,7.0,0.0,4,0.0,2.0,10.0,13.0,2,16,14,3.0,13.0,7,5,5.0,5,14,2.0,1.0,2,6,4.0,9.0,10,31,7,4,25,18,8,2.0,14,17,5,7,8,29,15,12,42,3.0,2.0,0.0,1.0,3.0,0.0,0.0,1.0,0.0,1.0,4.0,1.0,0.0,0.0,1.0,0.0,0.0,0.0,0.0,3.0,1.0,0.0,0.0,0.0,2.0,1.0,1.0,0.0,1.0,0.0,0.0,0.0
archaea_methanocaldococcus_chunk_64,archaea_methanocaldococcus.fasta,64,archaea,59,9,17,53,12,7,3.0,11,20,6.0,3.0,11,31,19,14,28,9,3.0,7.0,13,5,0.0,4.0,5.0,2.0,3,7.0,5.0,8,15,2.0,5.0,12,6,2.0,8,5.0,1.0,2.0,7.0,6,4.0,4.0,9,35,11,9,39,18,10,5.0,14,7,3,14,13,23,15,10,39,15,10,8.0,8,4.0,2.0,0.0,3.0,6.0,4.0,3.0,2.0,14,14,4.0,10,7,2.0,2.0,8,2.0,8.0,0.0,0.0,5.0,5.0,1.0,14.0,5.0,0.0,0.0,4.0,1.0,1.0,3.0,11,4.0,8.0,5.0,6.0,0.0,15.0,9,6.0,2,5.0,12,12.0,12,19,5.0,5.0,10,2,0.0,3.0,2.0,2.0,2.0,3.0,3.0,15,0.0,6.0,15,7,4.0,7,1.0,3.0,3.0,0.0,4,2.0,2.0,6.0,4,4.0,4.0,11,4.0,0.0,0.0,4.0,0.0,5.0,5.0,7.0,3,11,3.0,12.0,3.0,3.0,3.0,2.0,4.0,1.0,7.0,12,2,5,8,45,9,10,21,14,1.0,2.0,7,7.0,4,6,7.0,34,14,13,34,18,4.0,2.0,14,11,6.0,0.0,10,3.0,4.0,11.0,12.0,14,12,15,1.0,1.0,9,7,3.0,6,14,4.0,7.0,4,13,4.0,3.0,12,28,9,12,36,12,8,2.0,17,8,4,12,7,38,10,12,45,1.0,1.0,0.0,0.0,3.0,0.0,0.0,0.0,0.0,2.0,4.0,0.0,0.0,0.0,1.0,0.0,1.0,1.0,0.0,1.0,0.0,0.0,0.0,0.0,1.0,0.0,1.0,0.0,1.0,0.0,0.0,0.0
archaea_methanocaldococcus_chunk_65,archaea_methanocaldococcus.fasta,65,archaea,41,16,17,25,15,13,5.0,22,10,13.0,4.0,6,22,16,7,21,10,3.0,4.0,11,10,0.0,7.0,0.0,4.0,4,17.0,2.0,14,6,1.0,1.0,8,6,8.0,14,4.0,3.0,3.0,3.0,3,3.0,2.0,6,32,6,11,23,16,9,2.0,32,7,5,5,6,19,15,14,21,14,15,5.0,17,6.0,2.0,0.0,10.0,1.0,7.0,3.0,5.0,16,19,4.0,17,16,4.0,3.0,14,9.0,7.0,1.0,1.0,2.0,16.0,0.0,20.0,0.0,0.0,0.0,1.0,0.0,2.0,3.0,13,2.0,16.0,18.0,16.0,0.0,19.0,2,4.0,5,5.0,12,18.0,33,8,7.0,5.0,5,1,1.0,0.0,1.0,2.0,1.0,1.0,2.0,13,0.0,6.0,8,5,4.0,6,6.0,4.0,7.0,0.0,8,4.0,5.0,11.0,6,1.0,1.0,7,5.0,0.0,4.0,2.0,0.0,1.0,0.0,1.0,4,5,2.0,0.0,4.0,1.0,5.0,4.0,2.0,2.0,3.0,7,3,3,9,36,17,6,19,6,1.0,1.0,4,3.0,7,5,1.0,21,24,6,23,20,9.0,5.0,25,12,12.0,1.0,17,1.0,2.0,17.0,16.0,9,30,13,1.0,4.0,11,6,9.0,8,9,3.0,3.0,3,4,3.0,6.0,9,28,4,3,35,21,17,1.0,16,16,12,6,8,31,19,13,40,0.0,2.0,0.0,0.0,9.0,0.0,0.0,1.0,0.0,0.0,12.0,2.0,2.0,0.0,1.0,3.0,2.0,0.0,1.0,1.0,2.0,0.0,2.0,0.0,0.0,0.0,0.0,0.0,0.0,0.0,0.0,0.0
archaea_methanocaldococcus_chunk_66,archaea_methanocaldococcus.fasta,66,archaea,47,19,17,38,17,13,2.0,13,15,4.0,8.0,10,32,19,11,23,12,5.0,6.0,11,5,0.0,9.0,1.0,2.0,8,5.0,6.0,8,13,2.0,2.0,12,9,2.0,11,3.0,1.0,4.0,3.0,3,3.0,4.0,14,34,4,7,23,16,10,2.0,19,5,4,9,8,26,10,13,31,18,11,3.0,19,3.0,2.0,0.0,5.0,5.0,9.0,2.0,5.0,10,12,3.0,18,12,2.0,3.0,8,5.0,9.0,1.0,1.0,6.0,15.0,4.0,12.0,0.0,0.0,0.0,2.0,0.0,2.0,1.0,16,9.0,11.0,3.0,14.0,0.0,24.0,8,5.0,5,5.0,17,11.0,18,13,2.0,6.0,4,5,1.0,1.0,0.0,3.0,3.0,0.0,4.0,11,0.0,6.0,14,9,5.0,7,0.0,2.0,9.0,0.0,6,4.0,8.0,6.0,7,4.0,4.0,4,6.0,0.0,6.0,3.0,2.0,1.0,1.0,1.0,5,4,3.0,2.0,5.0,1.0,2.0,3.0,2.0,2.0,3.0,7,4,3,17,43,13,11,24,9,2.0,2.0,9,6.0,6,1,5.0,15,16,6,25,18,2.0,7.0,17,15,10.0,1.0,10,1.0,1.0,16.0,17.0,5,21,5,1.0,4.0,13,7,6.0,5,12,7.0,4.0,5,5,2.0,5.0,11,37,8,8,26,20,11,1.0,14,7,7,12,7,29,21,16,58,4.0,2.0,0.0,0.0,2.0,0.0,1.0,1.0,0.0,1.0,1.0,1.0,0.0,0.0,1.0,4.0,2.0,0.0,1.0,2.0,2.0,0.0,0.0,1.0,1.0,1.0,0.0,2.0,1.0,0.0,0.0,0.0
archaea_methanocaldococcus_chunk_67,archaea_methanocaldococcus.fasta,67,archaea,29,7,9,37,11,6,1.0,18,4,4.0,2.0,8,31,20,12,37,11,2.0,1.0,6,4,1.0,6.0,0.0,0.0,8,6.0,6.0,18,5,0.0,6.0,11,4,1.0,5,4.0,1.0,4.0,0.0,7,2.0,2.0,18,34,7,13,21,7,10,4.0,19,5,7,10,9,21,14,11,52,14,10,2.0,20,2.0,2.0,0.0,6.0,2.0,0.0,1.0,6.0,12,6,1.0,12,16,4.0,1.0,4,6.0,4.0,2.0,1.0,3.0,6.0,1.0,9.0,1.0,0.0,0.0,1.0,2.0,0.0,2.0,11,7.0,16.0,8.0,8.0,0.0,10.0,4,4.0,3,3.0,14,11.0,30,3,4.0,0.0,7,1,0.0,0.0,1.0,6.0,2.0,4.0,2.0,11,0.0,3.0,20,5,1.0,7,1.0,1.0,1.0,0.0,5,6.0,2.0,7.0,4,0.0,5.0,7,2.0,0.0,0.0,5.0,1.0,1.0,2.0,3.0,6,6,5.0,6.0,3.0,0.0,3.0,2.0,3.0,1.0,1.0,18,2,7,18,36,15,7,37,6,6.0,0.0,13,10.0,4,2,13.0,20,14,15,29,14,4.0,6.0,14,14,8.0,1.0,8,1.0,1.0,18.0,8.0,5,26,4,2.0,3.0,15,5,2.0,13,7,1.0,2.0,9,8,4.0,2.0,19,44,11,11,35,20,13,0.0,25,13,6,5,20,48,31,21,105,3.0,0.0,1.0,0.0,3.0,1.0,0.0,0.0,0.0,0.0,5.0,0.0,0.0,0.0,0.0,0.0,0.0,0.0,0.0,0.0,2.0,1.0,0.0,0.0,2.0,0.0,0.0,2.0,0.0,0.0,0.0,0.0
archaea_methanocaldococcus_chunk_68,archaea_methanocaldococcus.fasta,68,archaea,19,11,6,28,6,8,1.0,23,6,3.0,0.0,6,16,17,16,46,9,0.0,0.0,7,8,2.0,6.0,0.0,1.0,6,8.0,7.0,17,7,2.0,0.0,6,6,0.0,5,7.0,1.0,1.0,4.0,6,5.0,0.0,14,22,6,7,12,8,9,1.0,20,7,5,1,14,21,23,7,51,14,11,0.0,17,2.0,2.0,0.0,4.0,4.0,4.0,3.0,6.0,11,13,2.0,18,15,2.0,9.0,9,7.0,13.0,1.0,2.0,5.0,13.0,2.0,14.0,0.0,0.0,0.0,1.0,0.0,1.0,1.0,24,5.0,11.0,9.0,12.0,1.0,21.0,3,1.0,6,6.0,9,22.0,41,6,3.0,2.0,10,3,2.0,0.0,2.0,1.0,1.0,3.0,2.0,6,0.0,4.0,8,3,5.0,6,1.0,2.0,1.0,0.0,5,1.0,2.0,4.0,3,2.0,1.0,6,0.0,0.0,4.0,2.0,0.0,1.0,3.0,0.0,8,5,9.0,5.0,4.0,2.0,8.0,3.0,1.0,0.0,0.0,6,8,3,18,25,13,7,40,5,6.0,0.0,9,4.0,3,7,11.0,14,8,5,30,15,6.0,3.0,22,19,16.0,2.0,14,1.0,2.0,24.0,21.0,5,39,11,3.0,6.0,5,8,3.0,3,3,3.0,2.0,6,8,9.0,3.0,12,34,9,9,28,25,28,0.0,40,12,7,7,12,44,40,26,74,2.0,0.0,0.0,0.0,9.0,0.0,0.0,0.0,0.0,2.0,2.0,0.0,0.0,0.0,0.0,0.0,0.0,0.0,0.0,1.0,0.0,0.0,1.0,0.0,0.0,0.0,0.0,0.0,1.0,0.0,0.0,0.0
archaea_methanocaldococcus_chunk_69,archaea_methanocaldococcus.fasta,69,archaea,60,7,19,34,8,6,1.0,8,17,8.0,9.0,10,30,9,11,25,8,4.0,1.0,11,3,0.0,5.0,2.0,2.0,5,6.0,4.0,10,15,4.0,11.0,16,4,0.0,9,8.0,1.0,8.0,5.0,7,2.0,9.0,15,29,11,9,27,13,3,1.0,21,8,8,8,8,18,24,17,39,14,4,4.0,13,2.0,2.0,0.0,4.0,6.0,2.0,2.0,5.0,17,10,1.0,14,9,2.0,3.0,14,5.0,8.0,0.0,0.0,4.0,3.0,4.0,7.0,1.0,0.0,4.0,3.0,0.0,1.0,2.0,7,3.0,10.0,6.0,5.0,1.0,11.0,12,5.0,3,1.0,11,9.0,16,16,3.0,11.0,11,4,0.0,1.0,3.0,9.0,2.0,9.0,10.0,12,7.0,7.0,23,4,3.0,4,4.0,1.0,3.0,1.0,4,4.0,3.0,7.0,12,3.0,6.0,13,2.0,1.0,1.0,9.0,2.0,0.0,6.0,4.0,5,9,5.0,10.0,2.0,2.0,0.0,3.0,5.0,1.0,6.0,11,1,11,11,30,9,10,17,10,2.0,4.0,10,14.0,1,2,8.0,17,12,13,37,14,1.0,8.0,13,16,13.0,0.0,2,3.0,0.0,7.0,10.0,10,21,13,1.0,9.0,17,6,8.0,8,16,2.0,2.0,9,11,2.0,2.0,12,21,12,11,32,15,21,0.0,16,16,4,17,12,36,18,12,36,2.0,0.0,2.0,0.0,4.0,3.0,1.0,0.0,0.0,0.0,9.0,1.0,0.0,0.0,0.0,1.0,0.0,0.0,0.0,0.0,0.0,1.0,0.0,0.0,0.0,0.0,0.0,3.0,1.0,0.0,0.0,0.0
archaea_methanocaldococcus_chunk_70,archaea_methanocaldococcus.fasta,70,archaea,21,8,22,14,24,13,2.0,14,14,10.0,12.0,11,22,10,11,21,21,2.0,7.0,8,11,0.0,6.0,0.0,2.0,4,6.0,2.0,10,12,2.0,10.0,13,9,4.0,13,9.0,4.0,7.0,6.0,5,3.0,4.0,23,22,8,7,24,9,11,0.0,14,12,6,9,12,22,11,12,13,12,18,11.0,19,4.0,1.0,0.0,2.0,9.0,11.0,4.0,7.0,13,11,4.0,11,18,3.0,7.0,10,12.0,7.0,0.0,0.0,4.0,11.0,2.0,16.0,0.0,0.0,0.0,0.0,0.0,1.0,1.0,13,5.0,8.0,6.0,11.0,0.0,20.0,3,9.0,1,7.0,10,14.0,23,9,4.0,8.0,10,1,3.0,1.0,3.0,7.0,1.0,6.0,8.0,10,0.0,11.0,10,6,7.0,10,2.0,3.0,4.0,0.0,6,9.0,8.0,5.0,8,1.0,10.0,5,7.0,0.0,4.0,5.0,2.0,3.0,2.0,5.0,7,5,2.0,4.0,1.0,7.0,4.0,6.0,1.0,3.0,6.0,17,7,8,20,23,23,6,21,9,5.0,0.0,3,7.0,4,5,9.0,16,13,13,16,15,1.0,10.0,11,13,11.0,0.0,16,0.0,1.0,12.0,11.0,8,24,11,5.0,2.0,13,8,4.0,11,9,4.0,5.0,7,3,7.0,7.0,21,33,4,16,22,21,11,0.0,17,9,7,12,13,26,17,13,43,5.0,0.0,1.0,0.0,0.0,0.0,1.0,0.0,0.0,1.0,8.0,1.0,0.0,0.0,1.0,4.0,2.0,0.0,0.0,0.0,0.0,0.0,0.0,0.0,0.0,0.0,0.0,0.0,1.0,0.0,0.0,0.0
archaea_methanocaldococcus_chunk_71,archaea_methanocaldococcus.fasta,71,archaea,32,9,10,32,10,5,2.0,13,11,6.0,6.0,4,22,17,11,36,10,1.0,5.0,6,7,3.0,4.0,2.0,1.0,5,3.0,5.0,9,3,2.0,6.0,14,4,5.0,7,3.0,2.0,3.0,3.0,7,1.0,1.0,4,25,7,8,28,20,13,1.0,24,3,8,2,11,14,12,15,57,15,10,5.0,23,1.0,5.0,1.0,2.0,7.0,5.0,0.0,3.0,11,14,0.0,13,13,2.0,6.0,9,4.0,8.0,0.0,3.0,3.0,10.0,1.0,14.0,1.0,0.0,0.0,2.0,1.0,1.0,3.0,8,4.0,15.0,5.0,11.0,2.0,20.0,1,4.0,2,6.0,11,22.0,32,5,1.0,2.0,3,3,1.0,1.0,0.0,3.0,1.0,1.0,3.0,9,1.0,6.0,15,5,1.0,9,2.0,4.0,4.0,0.0,7,1.0,2.0,12.0,4,3.0,2.0,8,4.0,0.0,2.0,3.0,0.0,1.0,3.0,2.0,3,10,3.0,9.0,2.0,0.0,6.0,2.0,0.0,1.0,2.0,5,4,4,11,31,10,10,28,8,5.0,2.0,7,4.0,4,4,3.0,26,26,7,35,25,5.0,3.0,14,17,7.0,1.0,12,1.0,2.0,12.0,24.0,5,35,3,0.0,0.0,7,7,4.0,11,10,0.0,2.0,4,10,6.0,2.0,14,36,10,4,42,20,13,3.0,26,4,10,11,13,62,24,14,88,2.0,2.0,1.0,0.0,1.0,0.0,1.0,2.0,1.0,2.0,5.0,1.0,0.0,0.0,0.0,2.0,0.0,0.0,2.0,1.0,2.0,0.0,0.0,0.0,2.0,1.0,0.0,1.0,0.0,0.0,0.0,0.0
archaea_methanocaldococcus_chunk_72,archaea_methanocaldococcus.fasta,72,archaea,32,18,14,42,23,6,5.0,24,11,7.0,5.0,6,29,16,10,30,17,4.0,5.0,12,7,1.0,6.0,1.0,4.0,8,11.0,4.0,10,10,4.0,3.0,11,5,1.0,8,9.0,1.0,4.0,5.0,5,1.0,2.0,8,30,9,8,33,9,8,0.0,22,9,5,8,9,24,21,10,28,18,14,5.0,17,7.0,2.0,0.0,3.0,3.0,2.0,5.0,3.0,14,13,2.0,11,13,2.0,4.0,7,2.0,6.0,1.0,0.0,2.0,13.0,0.0,15.0,2.0,0.0,0.0,1.0,2.0,2.0,1.0,20,3.0,11.0,16.0,14.0,0.0,18.0,3,5.0,4,3.0,11,12.0,32,17,4.0,4.0,5,3,1.0,0.0,2.0,6.0,1.0,7.0,3.0,9,0.0,6.0,16,8,2.0,6,0.0,0.0,3.0,2.0,5,3.0,2.0,10.0,6,0.0,11.0,10,2.0,0.0,4.0,6.0,1.0,1.0,3.0,3.0,4,9,4.0,6.0,4.0,3.0,2.0,1.0,0.0,5.0,4.0,5,2,3,10,39,22,6,21,5,6.0,3.0,4,8.0,6,2,4.0,28,10,13,26,16,6.0,2.0,15,17,7.0,1.0,15,1.0,0.0,19.0,21.0,8,23,12,2.0,3.0,9,8,2.0,6,11,4.0,4.0,5,9,5.0,4.0,7,29,6,8,27,10,15,2.0,29,13,6,7,9,30,21,19,45,1.0,2.0,1.0,2.0,1.0,1.0,1.0,0.0,0.0,2.0,3.0,0.0,0.0,0.0,0.0,1.0,1.0,0.0,0.0,0.0,2.0,0.0,1.0,0.0,1.0,0.0,0.0,0.0,0.0,0.0,0.0,0.0
archaea_methanocaldococcus_chunk_73,archaea_methanocaldococcus.fasta,73,archaea,46,16,24,26,14,6,2.0,13,24,2.0,12.0,15,30,7,6,23,13,4.0,4.0,6,4,2.0,7.0,4.0,1.0,7,3.0,14.0,9,21,5.0,16.0,25,3,3.0,7,18.0,4.0,9.0,7.0,13,4.0,7.0,12,31,12,17,26,5,5,1.0,7,16,6,6,11,20,11,19,29,12,4,4.0,14,2.0,3.0,0.0,5.0,4.0,2.0,6.0,7.0,8,4,2.0,10,6,3.0,3.0,7,5.0,3.0,3.0,0.0,4.0,3.0,2.0,5.0,1.0,2.0,1.0,3.0,2.0,2.0,1.0,10,3.0,14.0,4.0,2.0,1.0,5.0,13,6.0,5,6.0,11,2.0,7,18,9.0,14.0,12,6,3.0,3.0,5.0,19.0,5.0,14.0,5.0,26,0.0,17.0,17,6,7.0,5,2.0,1.0,3.0,0.0,8,1.0,9.0,3.0,10,4.0,14.0,12,5.0,0.0,6.0,10.0,2.0,3.0,5.0,5.0,5,8,7.0,9.0,6.0,0.0,4.0,9.0,1.0,5.0,3.0,11,2,13,10,36,6,11,14,5,4.0,3.0,10,20.0,4,6,9.0,22,7,14,29,9,1.0,5.0,6,8,4.0,0.0,1,1.0,2.0,8.0,5.0,5,9,20,6.0,12.0,20,10,5.0,7,10,4.0,6.0,8,7,2.0,6.0,18,18,6,15,24,6,6,1.0,11,20,9,12,13,21,9,16,31,3.0,1.0,2.0,0.0,0.0,1.0,2.0,0.0,1.0,0.0,6.0,2.0,3.0,0.0,0.0,3.0,3.0,0.0,1.0,1.0,1.0,0.0,0.0,1.0,1.0,0.0,1.0,0.0,1.0,1.0,0.0,0.0
archaea_methanocaldococcus_chunk_74,archaea_methanocaldococcus.fasta,74,archaea,33,14,14,31,15,13,1.0,21,10,7.0,2.0,11,23,22,13,17,16,2.0,3.0,10,8,2.0,10.0,4.0,0.0,7,11.0,6.0,11,7,1.0,7.0,6,11,3.0,19,3.0,0.0,1.0,2.0,11,2.0,2.0,11,30,7,11,27,17,10,1.0,32,6,5,4,5,14,9,8,21,22,20,1.0,19,3.0,2.0,2.0,8.0,2.0,11.0,0.0,6.0,17,10,1.0,10,24,5.0,4.0,9,9.0,7.0,1.0,0.0,5.0,13.0,2.0,11.0,2.0,2.0,0.0,4.0,1.0,1.0,0.0,19,4.0,18.0,16.0,19.0,0.0,23.0,6,1.0,8,6.0,8,21.0,33,3,5.0,6.0,5,2,3.0,1.0,2.0,4.0,1.0,2.0,5.0,10,0.0,3.0,8,3,3.0,7,2.0,5.0,1.0,2.0,10,8.0,4.0,9.0,3,0.0,5.0,4,0.0,1.0,5.0,3.0,2.0,2.0,0.0,3.0,6,3,5.0,5.0,2.0,1.0,3.0,2.0,3.0,5.0,0.0,8,7,10,10,34,11,9,20,11,4.0,0.0,4,5.0,15,2,4.0,25,28,3,17,19,5.0,9.0,12,23,9.0,0.0,13,2.0,1.0,19.0,26.0,9,34,7,5.0,1.0,7,4,5.0,7,6,4.0,5.0,9,2,0.0,3.0,18,22,8,10,23,10,15,1.0,30,6,9,7,12,33,19,13,37,2.0,0.0,0.0,1.0,2.0,1.0,0.0,0.0,1.0,0.0,3.0,3.0,0.0,1.0,0.0,2.0,4.0,2.0,0.0,0.0,0.0,0.0,2.0,0.0,0.0,0.0,1.0,0.0,1.0,1.0,1.0,0.0
archaea_methanocaldococcus_chunk_75,archaea_methanocaldococcus.fasta,75,archaea,52,15,21,36,12,10,2.0,11,21,5.0,12.0,5,18,10,17,21,13,4.0,6.0,11,7,0.0,3.0,1.0,1.0,5,2.0,5.0,9,17,5.0,24.0,26,6,6.0,8,11.0,4.0,9.0,10.0,7,2.0,1.0,14,23,6,13,16,7,10,3.0,15,18,10,15,8,13,9,21,29,18,9,4.0,10,6.0,2.0,0.0,2.0,9.0,7.0,3.0,6.0,9,13,5.0,11,11,3.0,10.0,9,7.0,3.0,0.0,0.0,7.0,7.0,2.0,2.0,1.0,0.0,0.0,1.0,0.0,0.0,3.0,8,4.0,10.0,8.0,5.0,0.0,10.0,5,4.0,5,4.0,14,9.0,10,23,2.0,10.0,12,6,3.0,2.0,0.0,22.0,4.0,14.0,8.0,12,0.0,17.0,18,7,5.0,9,7.0,0.0,5.0,1.0,3,7.0,5.0,4.0,9,1.0,10.0,11,9.0,1.0,6.0,4.0,9.0,4.0,3.0,1.0,15,6,4.0,8.0,3.0,0.0,5.0,2.0,0.0,2.0,3.0,16,4,10,15,31,9,8,9,10,1.0,1.0,8,20.0,5,5,5.0,19,12,12,22,10,3.0,4.0,9,12,4.0,0.0,7,0.0,2.0,7.0,7.0,6,18,20,5.0,14.0,9,6,6.0,4,13,4.0,7.0,7,8,3.0,4.0,13,20,10,18,30,8,8,0.0,8,23,3,9,13,35,2,17,24,6.0,0.0,3.0,1.0,1.0,1.0,3.0,1.0,0.0,0.0,0.0,0.0,1.0,2.0,1.0,8.0,3.0,1.0,0.0,0.0,1.0,1.0,1.0,0.0,1.0,0.0,0.0,0.0,0.0,0.0,0.0,0.0
archaea_methanocaldococcus_chunk_76,archaea_methanocaldococcus.fasta,76,archaea,31,11,31,14,18,5,2.0,10,35,14.0,19.0,12,15,7,6,18,21,3.0,7.0,6,7,0.0,1.0,3.0,2.0,6,2.0,10.0,4,23,3.0,24.0,30,14,3.0,24,19.0,4.0,7.0,9.0,4,3.0,7.0,24,15,11,13,15,4,1,0.0,13,16,7,10,11,20,8,18,26,15,7,14.0,7,4.0,0.0,0.0,4.0,8.0,10.0,2.0,12.0,5,4,4.0,7,9,2.0,6.0,4,3.0,1.0,0.0,0.0,1.0,0.0,0.0,5.0,1.0,0.0,0.0,2.0,0.0,0.0,3.0,13,4.0,10.0,2.0,2.0,0.0,3.0,9,7.0,8,3.0,10,5.0,11,19,8.0,23.0,13,6,2.0,0.0,1.0,21.0,10.0,13.0,6.0,17,0.0,24.0,19,8,12.0,6,6.0,1.0,3.0,1.0,11,1.0,12.0,11.0,15,4.0,20.0,13,9.0,0.0,1.0,8.0,6.0,3.0,9.0,4.0,9,2,7.0,7.0,1.0,1.0,3.0,2.0,2.0,7.0,3.0,17,4,16,18,22,9,12,12,9,2.0,3.0,7,16.0,9,5,8.0,17,7,10,28,5,2.0,7.0,4,5,2.0,0.0,1,0.0,0.0,9.0,4.0,5,7,24,2.0,6.0,15,4,6.0,8,24,4.0,7.0,9,3,2.0,2.0,19,26,6,18,30,11,4,3.0,6,20,2,19,9,33,7,15,31,1.0,0.0,0.0,2.0,0.0,0.0,1.0,0.0,0.0,0.0,1.0,1.0,0.0,1.0,1.0,3.0,0.0,0.0,0.0,0.0,2.0,1.0,0.0,0.0,2.0,1.0,0.0,0.0,0.0,0.0,0.0,0.0
archaea_methanocaldococcus_chunk_77,archaea_methanocaldococcus.fasta,77,archaea,45,19,13,36,19,7,3.0,20,13,3.0,7.0,10,36,11,18,26,12,3.0,9.0,16,7,1.0,4.0,1.0,0.0,8,7.0,5.0,15,12,6.0,8.0,9,3,4.0,7,6.0,6.0,3.0,3.0,14,2.0,2.0,7,38,10,15,28,11,15,4.0,12,12,10,5,13,22,16,8,23,14,12,4.0,17,7.0,1.0,0.0,8.0,8.0,5.0,5.0,4.0,21,11,8.0,15,12,6.0,3.0,16,10.0,7.0,0.0,2.0,4.0,5.0,1.0,15.0,0.0,1.0,0.0,2.0,1.0,0.0,2.0,8,4.0,12.0,10.0,8.0,0.0,11.0,4,2.0,2,3.0,8,13.0,24,10,8.0,9.0,14,5,2.0,1.0,0.0,7.0,1.0,5.0,2.0,9,0.0,6.0,5,6,3.0,5,4.0,3.0,4.0,0.0,4,3.0,2.0,6.0,13,0.0,2.0,2,5.0,1.0,2.0,2.0,1.0,2.0,2.0,1.0,6,9,4.0,12.0,3.0,2.0,3.0,1.0,0.0,1.0,2.0,9,6,4,9,44,10,7,24,9,4.0,1.0,7,7.0,5,1,9.0,24,20,8,23,17,3.0,7.0,18,16,12.0,0.0,10,1.0,3.0,8.0,14.0,3,17,16,1.0,5.0,7,9,6.0,5,8,2.0,1.0,5,8,4.0,1.0,13,30,5,3,23,21,13,2.0,16,12,9,8,8,22,17,17,51,2.0,1.0,3.0,0.0,6.0,0.0,1.0,2.0,0.0,3.0,8.0,4.0,1.0,1.0,2.0,0.0,2.0,1.0,0.0,0.0,1.0,2.0,0.0,2.0,1.0,1.0,1.0,0.0,0.0,0.0,0.0,0.0
archaea_methanocaldococcus_chunk_78,archaea_methanocaldococcus.fasta,78,archaea,22,10,9,19,9,12,7.0,17,5,6.0,2.0,11,18,19,11,24,10,3.0,3.0,8,10,0.0,7.0,3.0,3.0,6,8.0,4.0,11,5,1.0,5.0,6,10,11.0,11,4.0,2.0,2.0,3.0,8,2.0,7.0,11,22,6,11,29,15,16,4.0,28,6,5,8,9,11,7,16,29,15,14,1.0,20,7.0,3.0,0.0,3.0,1.0,9.0,1.0,6.0,16,18,8.0,9,18,6.0,4.0,13,8.0,12.0,1.0,2.0,6.0,14.0,4.0,9.0,0.0,3.0,0.0,3.0,1.0,2.0,5.0,15,3.0,12.0,12.0,15.0,0.0,24.0,4,3.0,6,5.0,10,13.0,27,5,5.0,3.0,6,1,2.0,0.0,3.0,6.0,6.0,2.0,4.0,14,0.0,1.0,7,8,4.0,9,4.0,6.0,2.0,0.0,6,5.0,3.0,8.0,5,0.0,7.0,5,4.0,0.0,5.0,3.0,1.0,4.0,3.0,4.0,7,5,11.0,9.0,4.0,2.0,4.0,3.0,4.0,2.0,5.0,13,8,4,10,18,16,11,26,7,3.0,1.0,6,5.0,12,6,7.0,20,26,8,23,14,2.0,6.0,21,19,11.0,2.0,12,2.0,3.0,12.0,24.0,7,31,9,2.0,6.0,8,8,2.0,5,10,4.0,8.0,9,14,4.0,3.0,12,29,7,8,27,12,11,1.0,18,12,3,15,14,37,14,15,39,3.0,1.0,1.0,0.0,11.0,1.0,0.0,1.0,0.0,1.0,9.0,2.0,2.0,0.0,1.0,3.0,2.0,0.0,0.0,0.0,1.0,0.0,0.0,1.0,0.0,0.0,0.0,0.0,0.0,0.0,0.0,0.0
archaea_methanocaldococcus_chunk_79,archaea_methanocaldococcus.fasta,79,archaea,17,12,23,23,23,16,3.0,13,4,20.0,9.0,7,23,9,14,22,16,1.0,4.0,11,12,0.0,11.0,0.0,1.0,6,8.0,5.0,6,7,2.0,8.0,10,12,13.0,11,9.0,4.0,2.0,3.0,7,4.0,2.0,10,29,8,16,17,11,12,4.0,15,7,7,7,9,22,15,10,18,15,22,0.0,18,3.0,2.0,0.0,5.0,6.0,6.0,0.0,8.0,20,16,5.0,15,19,6.0,8.0,17,11.0,11.0,2.0,0.0,10.0,15.0,7.0,12.0,0.0,0.0,0.0,0.0,1.0,0.0,2.0,21,3.0,12.0,12.0,13.0,1.0,16.0,3,13.0,5,6.0,8,9.0,24,10,3.0,3.0,9,3,2.0,0.0,2.0,7.0,4.0,4.0,5.0,8,0.0,5.0,6,9,7.0,10,9.0,8.0,4.0,1.0,10,9.0,9.0,6.0,8,4.0,10.0,3,4.0,0.0,4.0,6.0,0.0,2.0,3.0,1.0,5,8,4.0,7.0,2.0,3.0,3.0,2.0,2.0,4.0,1.0,7,4,8,10,32,18,14,18,3,7.0,0.0,5,10.0,7,5,3.0,19,17,6,22,11,2.0,1.0,18,18,10.0,0.0,18,0.0,2.0,10.0,10.0,6,24,10,1.0,2.0,6,10,8.0,13,8,5.0,7.0,7,8,2.0,6.0,12,25,3,5,28,7,18,1.0,16,7,9,11,12,24,14,14,27,4.0,2.0,0.0,1.0,6.0,0.0,2.0,0.0,0.0,2.0,7.0,1.0,3.0,0.0,2.0,1.0,3.0,0.0,1.0,1.0,6.0,0.0,0.0,1.0,4.0,1.0,0.0,0.0,1.0,0.0,0.0,0.0
archaea_methanocaldococcus_chunk_80,archaea_methanocaldococcus.fasta,80,archaea,66,15,28,40,9,3,2.0,12,38,3.0,11.0,12,40,6,12,38,14,2.0,4.0,3,4,1.0,1.0,2.0,0.0,9,3.0,5.0,7,34,6.0,25.0,30,6,0.0,8,16.0,4.0,7.0,6.0,8,3.0,5.0,12,42,8,24,23,6,4,0.0,7,10,4,14,11,29,8,17,35,22,3,3.0,13,1.0,0.0,0.0,1.0,10.0,3.0,0.0,4.0,5,3,2.0,4,12,0.0,2.0,1,1.0,1.0,1.0,1.0,3.0,1.0,2.0,3.0,0.0,0.0,2.0,0.0,0.0,0.0,1.0,6,4.0,17.0,1.0,3.0,0.0,4.0,6,3.0,5,5.0,4,2.0,12,25,3.0,26.0,14,7,1.0,0.0,0.0,23.0,5.0,9.0,7.0,27,1.0,13.0,16,9,5.0,6,4.0,0.0,2.0,0.0,6,1.0,10.0,3.0,21,1.0,13.0,13,8.0,1.0,5.0,8.0,8.0,1.0,3.0,1.0,8,6,7.0,6.0,3.0,1.0,2.0,3.0,0.0,6.0,0.0,13,2,6,9,36,5,7,29,6,3.0,4.0,11,24.0,4,13,5.0,25,7,12,31,6,0.0,6.0,4,6,1.0,1.0,5,0.0,0.0,9.0,3.0,2,7,14,1.0,4.0,14,6,6.0,3,22,2.0,9.0,4,8,3.0,3.0,9,23,12,15,29,6,5,0.0,8,14,8,12,7,33,7,16,35,1.0,3.0,1.0,1.0,0.0,0.0,2.0,0.0,1.0,0.0,2.0,0.0,1.0,2.0,1.0,9.0,0.0,0.0,1.0,0.0,4.0,1.0,0.0,0.0,0.0,0.0,0.0,0.0,0.0,0.0,0.0,0.0
archaea_methanocaldococcus_chunk_81,archaea_methanocaldococcus.fasta,81,archaea,42,16,23,37,13,7,6.0,7,22,8.0,13.0,11,30,6,14,27,7,4.0,10.0,7,6,1.0,7.0,3.0,2.0,5,1.0,4.0,6,20,4.0,22.0,27,6,4.0,8,12.0,3.0,9.0,7.0,8,0.0,4.0,18,33,9,7,26,4,5,1.0,6,19,10,10,12,22,12,23,30,17,8,6.0,8,4.0,3.0,1.0,3.0,9.0,4.0,2.0,2.0,9,2,3.0,9,13,5.0,3.0,3,3.0,1.0,2.0,2.0,4.0,1.0,5.0,6.0,1.0,0.0,0.0,4.0,3.0,0.0,3.0,6,2.0,15.0,2.0,5.0,0.0,2.0,6,1.0,5,7.0,5,3.0,13,23,2.0,13.0,17,3,2.0,1.0,2.0,26.0,5.0,12.0,15.0,19,1.0,12.0,21,10,2.0,10,3.0,1.0,1.0,0.0,8,2.0,8.0,8.0,11,1.0,19.0,15,7.0,0.0,6.0,11.0,7.0,3.0,4.0,4.0,9,5,3.0,7.0,1.0,3.0,2.0,7.0,3.0,4.0,3.0,15,3,11,15,36,7,12,16,8,3.0,0.0,4,16.0,2,4,2.0,17,7,22,30,9,0.0,2.0,3,12,3.0,1.0,7,0.0,0.0,6.0,5.0,2,2,23,3.0,17.0,7,8,2.0,11,21,4.0,10.0,7,3,6.0,8.0,14,27,4,14,28,7,10,0.0,5,18,8,23,9,31,4,23,24,1.0,2.0,1.0,1.0,1.0,1.0,1.0,1.0,0.0,0.0,1.0,2.0,2.0,1.0,0.0,5.0,0.0,1.0,0.0,1.0,1.0,0.0,1.0,0.0,1.0,0.0,1.0,1.0,0.0,0.0,0.0,0.0
archaea_methanocaldococcus_chunk_82,archaea_methanocaldococcus.fasta,82,archaea,58,17,28,36,12,7,3.0,13,23,7.0,19.0,13,35,11,20,24,12,3.0,3.0,12,5,1.0,5.0,2.0,2.0,7,3.0,6.0,6,28,6.0,21.0,25,6,2.0,8,22.0,2.0,6.0,7.0,6,5.0,3.0,24,33,7,12,25,4,5,4.0,6,23,12,13,13,25,4,20,19,17,4,4.0,8,5.0,3.0,0.0,0.0,10.0,1.0,5.0,8.0,8,3,1.0,10,5,3.0,9.0,1,2.0,0.0,0.0,1.0,3.0,0.0,0.0,7.0,3.0,0.0,0.0,2.0,0.0,0.0,3.0,8,4.0,12.0,5.0,0.0,0.0,2.0,9,1.0,8,2.0,7,5.0,9,27,8.0,21.0,21,7,1.0,3.0,3.0,34.0,5.0,11.0,8.0,15,0.0,22.0,11,6,9.0,2,3.0,0.0,2.0,1.0,4,1.0,11.0,3.0,21,3.0,26.0,3,3.0,0.0,6.0,7.0,3.0,2.0,3.0,6.0,5,5,4.0,10.0,1.0,3.0,4.0,6.0,1.0,4.0,1.0,14,6,21,8,37,6,9,25,7,2.0,1.0,6,13.0,3,2,8.0,19,5,18,23,10,2.0,3.0,7,8,0.0,0.0,3,3.0,0.0,10.0,3.0,3,6,25,5.0,11.0,18,8,4.0,3,24,2.0,6.0,5,9,2.0,3.0,17,31,5,10,18,12,3,0.0,10,21,2,12,15,18,10,8,16,2.0,2.0,1.0,0.0,0.0,0.0,0.0,2.0,0.0,1.0,1.0,0.0,1.0,0.0,0.0,3.0,1.0,1.0,1.0,0.0,2.0,1.0,0.0,0.0,0.0,1.0,0.0,0.0,0.0,0.0,0.0,0.0
archaea_methanocaldococcus_chunk_83,archaea_methanocaldococcus.fasta,83,archaea,51,11,16,35,11,5,3.0,13,16,8.0,8.0,11,26,14,5,28,8,3.0,1.0,12,5,0.0,7.0,4.0,0.0,5,2.0,7.0,10,11,5.0,14.0,21,9,2.0,16,8.0,3.0,6.0,7.0,12,0.0,4.0,7,29,8,14,25,13,12,0.0,17,12,7,17,8,29,15,16,25,25,2,5.0,13,2.0,2.0,0.0,2.0,6.0,3.0,2.0,1.0,9,12,8.0,13,16,3.0,2.0,13,7.0,3.0,0.0,1.0,5.0,12.0,3.0,8.0,2.0,1.0,1.0,0.0,0.0,0.0,2.0,9,2.0,17.0,3.0,16.0,0.0,9.0,8,3.0,4,6.0,8,5.0,22,12,6.0,11.0,7,4,3.0,1.0,3.0,10.0,5.0,10.0,11.0,13,0.0,17.0,12,4,5.0,4,4.0,2.0,1.0,1.0,8,5.0,5.0,11.0,15,2.0,13.0,8,3.0,2.0,3.0,10.0,2.0,0.0,4.0,2.0,10,4,7.0,13.0,3.0,2.0,3.0,1.0,0.0,4.0,2.0,7,3,6,11,26,13,11,18,7,3.0,0.0,6,19.0,11,4,0.0,28,16,14,32,17,0.0,4.0,13,18,7.0,0.0,17,0.0,0.0,10.0,9.0,6,10,8,3.0,8.0,13,1,6.0,10,19,5.0,4.0,9,8,8.0,1.0,8,26,6,13,35,15,12,0.0,6,11,7,12,9,36,10,12,37,1.0,0.0,0.0,0.0,3.0,0.0,1.0,0.0,0.0,0.0,5.0,0.0,1.0,1.0,0.0,0.0,0.0,0.0,0.0,0.0,0.0,0.0,0.0,0.0,0.0,0.0,0.0,0.0,0.0,0.0,0.0,0.0
archaea_methanocaldococcus_chunk_84,archaea_methanocaldococcus.fasta,84,archaea,75,15,21,43,18,7,4.0,17,21,4.0,9.0,20,40,8,20,22,13,1.0,9.0,12,5,0.0,8.0,2.0,1.0,14,3.0,6.0,8,25,7.0,10.0,12,7,3.0,3,9.0,1.0,8.0,6.0,13,6.0,2.0,12,46,8,11,35,10,4,2.0,14,18,8,9,15,23,10,14,25,17,8,6.0,13,4.0,1.0,0.0,2.0,7.0,5.0,3.0,8.0,15,4,3.0,8,9,2.0,4.0,7,3.0,1.0,1.0,0.0,8.0,3.0,2.0,4.0,1.0,0.0,1.0,2.0,0.0,1.0,1.0,10,5.0,20.0,4.0,4.0,0.0,5.0,1,7.0,5,1.0,10,6.0,9,26,7.0,14.0,9,4,4.0,1.0,4.0,16.0,0.0,7.0,3.0,11,1.0,11.0,7,10,3.0,5,5.0,0.0,0.0,1.0,6,1.0,3.0,2.0,12,5.0,9.0,3,2.0,2.0,2.0,6.0,7.0,5.0,9.0,2.0,9,6,5.0,16.0,5.0,1.0,2.0,3.0,0.0,3.0,1.0,5,8,11,9,36,16,13,25,9,4.0,0.0,8,10.0,4,5,2.0,34,17,15,35,12,3.0,7.0,6,9,3.0,0.0,8,0.0,1.0,7.0,6.0,3,14,18,1.0,6.0,13,10,2.0,5,13,3.0,4.0,7,6,1.0,3.0,12,28,6,5,30,9,11,2.0,9,16,2,10,5,31,7,5,24,3.0,1.0,1.0,0.0,3.0,1.0,1.0,1.0,0.0,1.0,3.0,1.0,0.0,0.0,0.0,1.0,0.0,0.0,0.0,0.0,2.0,2.0,0.0,2.0,0.0,3.0,1.0,2.0,0.0,0.0,0.0,0.0
archaea_methanocaldococcus_chunk_85,archaea_methanocaldococcus.fasta,85,archaea,21,10,16,33,6,9,2.0,20,9,8.0,6.0,14,29,15,11,25,7,4.0,2.0,7,1,1.0,9.0,1.0,3.0,8,13.0,4.0,12,8,2.0,14.0,11,3,5.0,7,7.0,4.0,3.0,5.0,4,2.0,6.0,12,26,9,10,29,11,6,0.0,21,13,5,6,6,14,11,9,31,15,6,3.0,14,5.0,4.0,1.0,4.0,5.0,2.0,2.0,2.0,8,9,4.0,9,13,1.0,3.0,6,8.0,6.0,0.0,1.0,8.0,4.0,0.0,20.0,2.0,0.0,1.0,1.0,1.0,4.0,2.0,18,8.0,16.0,10.0,8.0,0.0,21.0,1,5.0,2,5.0,15,21.0,30,9,4.0,5.0,13,3,0.0,1.0,1.0,9.0,2.0,6.0,4.0,14,0.0,8.0,8,3,2.0,7,4.0,2.0,5.0,4.0,4,4.0,4.0,8.0,7,2.0,4.0,8,4.0,2.0,3.0,3.0,4.0,4.0,1.0,4.0,6,5,5.0,3.0,3.0,2.0,8.0,1.0,5.0,5.0,8.0,10,6,4,13,35,17,13,20,6,3.0,2.0,12,12.0,6,5,4.0,23,14,7,23,15,8.0,4.0,10,10,7.0,2.0,12,0.0,2.0,22.0,18.0,5,36,14,1.0,2.0,10,5,5.0,10,10,2.0,6.0,5,5,3.0,8.0,13,36,7,12,19,13,15,4.0,31,12,6,10,10,35,25,15,40,5.0,2.0,0.0,3.0,5.0,3.0,1.0,0.0,1.0,3.0,10.0,1.0,1.0,2.0,0.0,3.0,4.0,1.0,0.0,2.0,0.0,1.0,1.0,0.0,1.0,1.0,0.0,0.0,0.0,0.0,0.0,0.0
archaea_methanocaldococcus_chunk_86,archaea_methanocaldococcus.fasta,86,archaea,33,9,9,28,11,8,2.0,26,4,9.0,6.0,6,29,12,9,31,7,1.0,2.0,11,11,0.0,11.0,2.0,2.0,8,6.0,8.0,17,5,2.0,0.0,4,10,5.0,14,3.0,1.0,2.0,8.0,7,2.0,3.0,6,36,5,11,17,7,10,2.0,21,10,2,7,4,13,13,5,39,11,14,0.0,15,5.0,5.0,1.0,5.0,2.0,10.0,2.0,4.0,14,16,4.0,12,9,8.0,5.0,10,4.0,6.0,0.0,0.0,7.0,8.0,7.0,17.0,1.0,2.0,0.0,1.0,0.0,1.0,4.0,16,8.0,12.0,8.0,10.0,1.0,20.0,1,9.0,6,10.0,10,24.0,36,5,3.0,3.0,10,1,4.0,0.0,4.0,1.0,4.0,2.0,0.0,6,0.0,7.0,8,9,4.0,11,3.0,3.0,3.0,2.0,10,6.0,2.0,10.0,7,2.0,3.0,2,7.0,0.0,4.0,3.0,1.0,1.0,3.0,2.0,5,6,6.0,6.0,1.0,2.0,5.0,3.0,2.0,1.0,2.0,7,5,7,11,30,21,13,28,4,8.0,2.0,4,4.0,9,4,8.0,20,12,3,19,15,5.0,7.0,14,14,4.0,1.0,19,1.0,4.0,11.0,20.0,9,34,8,3.0,4.0,14,9,4.0,9,7,5.0,5.0,3,6,3.0,2.0,15,34,5,8,19,25,15,3.0,28,15,10,6,10,36,29,21,52,3.0,0.0,1.0,3.0,5.0,0.0,1.0,2.0,0.0,2.0,8.0,2.0,0.0,1.0,0.0,3.0,2.0,1.0,1.0,0.0,1.0,0.0,1.0,0.0,1.0,0.0,1.0,0.0,0.0,0.0,0.0,0.0
archaea_methanocaldococcus_chunk_87,archaea_methanocaldococcus.fasta,87,archaea,86,21,25,49,20,6,2.0,14,25,8.0,8.0,11,44,6,11,34,19,4.0,7.0,6,7,0.0,4.0,1.0,0.0,8,5.0,8.0,7,22,1.0,20.0,23,7,4.0,8,9.0,3.0,6.0,3.0,8,0.0,3.0,18,41,6,16,34,6,2,2.0,7,11,9,8,9,20,8,19,43,19,9,7.0,13,2.0,3.0,0.0,6.0,11.0,4.0,2.0,3.0,9,5,0.0,11,7,3.0,5.0,5,1.0,0.0,0.0,1.0,4.0,1.0,4.0,2.0,0.0,0.0,2.0,1.0,0.0,0.0,3.0,8,4.0,12.0,6.0,1.0,0.0,3.0,8,6.0,5,4.0,8,5.0,3,31,4.0,11.0,11,3,0.0,0.0,3.0,16.0,1.0,8.0,9.0,18,0.0,13.0,14,11,3.0,7,4.0,0.0,5.0,1.0,9,2.0,6.0,3.0,11,2.0,9.0,9,6.0,1.0,4.0,8.0,3.0,3.0,4.0,1.0,8,7,4.0,8.0,3.0,1.0,0.0,2.0,0.0,2.0,1.0,12,5,15,9,45,8,9,21,11,3.0,1.0,5,14.0,7,3,6.0,26,6,13,31,11,4.0,5.0,7,8,1.0,0.0,2,1.0,1.0,3.0,2.0,5,5,24,3.0,3.0,12,8,6.0,8,10,4.0,8.0,8,7,3.0,1.0,12,27,10,10,22,12,7,1.0,5,21,8,15,9,29,7,19,24,1.0,0.0,2.0,1.0,0.0,0.0,4.0,1.0,0.0,0.0,1.0,0.0,1.0,1.0,0.0,3.0,1.0,1.0,1.0,0.0,0.0,0.0,0.0,0.0,0.0,1.0,1.0,1.0,0.0,0.0,0.0,0.0
archaea_methanocaldococcus_chunk_88,archaea_methanocaldococcus.fasta,88,archaea,9,7,9,14,14,14,5.0,26,7,11.0,3.0,14,12,24,14,23,9,3.0,10.0,6,10,0.0,7.0,3.0,2.0,6,12.0,14.0,13,2,5.0,3.0,6,10,10.0,12,1.0,2.0,2.0,1.0,4,4.0,2.0,14,12,4,1,10,18,7,1.0,24,4,4,10,10,14,14,8,17,11,30,3.0,27,3.0,2.0,0.0,9.0,5.0,15.0,1.0,7.0,8,16,8.0,10,21,6.0,6.0,13,6.0,11.0,0.0,3.0,4.0,14.0,9.0,13.0,3.0,2.0,0.0,0.0,0.0,0.0,4.0,18,2.0,2.0,18.0,23.0,0.0,22.0,4,15.0,13,10.0,9,15.0,28,1,8.0,5.0,9,6,1.0,0.0,4.0,3.0,2.0,1.0,1.0,3,0.0,2.0,12,12,4.0,10,8.0,5.0,7.0,4.0,5,11.0,8.0,8.0,8,2.0,1.0,6,4.0,0.0,7.0,5.0,2.0,2.0,3.0,5.0,3,11,3.0,3.0,4.0,4.0,3.0,5.0,3.0,4.0,3.0,9,2,8,22,18,14,18,23,5,3.0,0.0,6,1.0,6,1,2.0,4,10,4,8,29,4.0,8.0,13,22,9.0,3.0,15,0.0,3.0,7.0,26.0,11,30,10,2.0,3.0,5,13,11.0,13,11,6.0,8.0,9,8,8.0,3.0,20,32,6,6,11,14,15,0.0,25,7,18,7,16,23,23,21,36,3.0,0.0,0.0,2.0,7.0,1.0,0.0,0.0,0.0,3.0,12.0,1.0,1.0,0.0,0.0,3.0,1.0,3.0,0.0,0.0,0.0,0.0,5.0,1.0,0.0,0.0,1.0,0.0,2.0,0.0,0.0,0.0
archaea_methanocaldococcus_chunk_89,archaea_methanocaldococcus.fasta,89,archaea,74,9,37,37,12,6,3.0,10,51,8.0,13.0,8,30,10,9,17,9,7.0,3.0,12,7,1.0,4.0,3.0,5.0,7,2.0,7.0,8,43,8.0,30.0,31,11,3.0,9,17.0,2.0,8.0,5.0,7,2.0,3.0,15,30,7,19,23,8,7,3.0,8,19,5,14,6,19,8,11,28,17,9,3.0,5,4.0,4.0,3.0,4.0,13.0,2.0,3.0,4.0,7,9,5.0,7,10,3.0,10.0,3,4.0,0.0,0.0,1.0,4.0,2.0,2.0,0.0,2.0,1.0,0.0,4.0,0.0,1.0,7.0,8,3.0,10.0,3.0,2.0,0.0,3.0,5,6.0,7,4.0,3,2.0,7,36,7.0,32.0,10,8,1.0,3.0,5.0,24.0,4.0,12.0,8.0,24,1.0,18.0,19,8,5.0,9,3.0,1.0,1.0,0.0,6,2.0,6.0,4.0,16,5.0,11.0,12,5.0,0.0,6.0,10.0,5.0,2.0,2.0,1.0,7,4,4.0,4.0,2.0,3.0,2.0,2.0,1.0,1.0,3.0,19,2,12,6,30,5,9,14,7,2.0,2.0,5,24.0,10,4,7.0,18,6,12,23,7,3.0,4.0,4,12,2.0,0.0,3,3.0,5.0,4.0,2.0,7,2,24,3.0,7.0,15,8,3.0,2,17,3.0,8.0,3,3,5.0,1.0,10,16,5,22,22,5,5,3.0,2,23,1,9,6,24,3,14,22,1.0,1.0,2.0,1.0,1.0,1.0,0.0,1.0,1.0,1.0,2.0,2.0,1.0,1.0,0.0,5.0,1.0,0.0,0.0,0.0,1.0,1.0,2.0,1.0,0.0,0.0,0.0,0.0,2.0,0.0,0.0,0.0
archaea_methanocaldococcus_chunk_90,archaea_methanocaldococcus.fasta,90,archaea,27,8,25,16,7,5,2.0,11,24,12.0,13.0,17,25,3,15,25,7,2.0,4.0,8,7,0.0,7.0,3.0,2.0,6,0.0,9.0,6,15,3.0,13.0,17,12,6.0,14,14.0,3.0,14.0,4.0,13,4.0,5.0,17,24,4,15,23,4,3,0.0,13,16,10,10,14,22,12,16,23,8,4,11.0,15,5.0,3.0,1.0,2.0,8.0,4.0,2.0,6.0,4,4,8.0,10,10,4.0,4.0,5,1.0,1.0,0.0,1.0,5.0,4.0,7.0,6.0,3.0,1.0,0.0,1.0,0.0,0.0,4.0,17,2.0,8.0,6.0,4.0,0.0,3.0,8,7.0,11,8.0,4,8.0,16,14,3.0,18.0,11,4,2.0,1.0,6.0,8.0,9.0,13.0,7.0,16,0.0,20.0,13,10,9.0,1,9.0,1.0,3.0,0.0,6,4.0,12.0,8.0,14,4.0,15.0,14,5.0,0.0,5.0,13.0,3.0,5.0,3.0,2.0,11,13,6.0,9.0,5.0,0.0,2.0,1.0,2.0,6.0,3.0,9,7,17,14,27,10,12,26,5,5.0,1.0,2,8.0,7,7,9.0,21,13,7,25,11,2.0,3.0,12,6,0.0,1.0,11,0.0,3.0,10.0,5.0,6,10,14,5.0,9.0,17,6,7.0,11,19,2.0,10.0,7,11,3.0,5.0,15,21,6,10,26,13,11,2.0,13,20,7,11,9,28,13,12,48,1.0,0.0,0.0,1.0,0.0,2.0,1.0,1.0,0.0,2.0,2.0,3.0,2.0,3.0,2.0,6.0,1.0,2.0,0.0,0.0,0.0,1.0,0.0,1.0,0.0,0.0,0.0,0.0,1.0,0.0,0.0,0.0
archaea_methanocaldococcus_chunk_91,archaea_methanocaldococcus.fasta,91,archaea,55,8,36,39,10,3,0.0,14,39,8.0,6.0,10,30,7,16,25,9,8.0,7.0,8,4,0.0,3.0,1.0,2.0,4,3.0,3.0,9,30,3.0,29.0,28,5,10.0,9,7.0,2.0,6.0,6.0,6,3.0,5.0,15,26,10,23,26,10,6,2.0,8,18,8,16,12,17,12,18,22,20,10,1.0,11,7.0,2.0,1.0,3.0,7.0,4.0,2.0,4.0,8,4,6.0,9,16,2.0,2.0,8,5.0,2.0,0.0,1.0,3.0,0.0,1.0,3.0,2.0,0.0,0.0,4.0,0.0,0.0,3.0,8,4.0,11.0,5.0,0.0,1.0,8.0,3,3.0,3,3.0,10,4.0,12,27,4.0,16.0,11,6,0.0,2.0,0.0,18.0,8.0,6.0,11.0,21,0.0,16.0,13,6,3.0,2,9.0,2.0,1.0,1.0,7,4.0,5.0,7.0,8,4.0,9.0,8,4.0,2.0,5.0,8.0,10.0,6.0,6.0,2.0,14,6,2.0,16.0,3.0,1.0,1.0,3.0,0.0,7.0,4.0,20,4,9,9,36,5,10,17,9,4.0,1.0,2,26.0,6,7,4.0,26,15,16,22,11,1.0,5.0,9,10,4.0,0.0,1,1.0,0.0,9.0,7.0,3,10,17,1.0,5.0,10,4,2.0,9,13,5.0,11.0,9,12,3.0,6.0,10,28,2,18,26,8,8,0.0,12,9,4,12,12,28,8,7,17,2.0,0.0,1.0,2.0,7.0,1.0,1.0,2.0,0.0,0.0,3.0,2.0,1.0,0.0,1.0,3.0,0.0,0.0,0.0,0.0,0.0,1.0,1.0,0.0,0.0,3.0,3.0,1.0,1.0,0.0,0.0,0.0
archaea_methanocaldococcus_chunk_92,archaea_methanocaldococcus.fasta,92,archaea,59,16,27,38,11,5,2.0,16,18,9.0,11.0,16,29,8,26,24,15,0.0,3.0,6,6,1.0,4.0,1.0,0.0,7,8.0,4.0,7,21,5.0,3.0,20,5,6.0,8,12.0,1.0,6.0,3.0,9,0.0,8.0,16,37,12,16,30,7,10,1.0,10,20,8,19,16,37,11,14,14,20,6,1.0,13,1.0,5.0,0.0,1.0,10.0,1.0,2.0,3.0,9,9,0.0,7,12,3.0,6.0,7,3.0,4.0,0.0,1.0,3.0,3.0,3.0,5.0,1.0,0.0,1.0,2.0,0.0,0.0,0.0,7,3.0,17.0,4.0,4.0,0.0,9.0,6,1.0,2,4.0,9,7.0,10,25,6.0,15.0,16,3,2.0,0.0,4.0,4.0,4.0,7.0,3.0,22,0.0,16.0,11,3,3.0,6,4.0,2.0,0.0,0.0,8,1.0,2.0,9.0,21,1.0,7.0,9,3.0,2.0,5.0,5.0,8.0,6.0,7.0,3.0,10,8,4.0,12.0,2.0,0.0,2.0,5.0,0.0,7.0,5.0,14,4,10,14,37,6,11,20,9,2.0,2.0,5,17.0,5,2,11.0,35,11,21,34,9,3.0,4.0,6,15,3.0,0.0,6,1.0,0.0,9.0,5.0,4,11,19,3.0,7.0,18,5,0.0,7,20,6.0,5.0,10,7,4.0,6.0,16,22,3,15,42,9,10,1.0,8,16,3,13,8,22,6,10,7,3.0,0.0,3.0,0.0,2.0,1.0,1.0,1.0,2.0,1.0,6.0,1.0,0.0,1.0,0.0,2.0,0.0,0.0,0.0,0.0,0.0,1.0,0.0,0.0,0.0,1.0,1.0,1.0,0.0,0.0,0.0,0.0
archaea_methanocaldococcus_chunk_93,archaea_methanocaldococcus.fasta,93,archaea,61,17,24,48,8,12,1.0,15,18,9.0,7.0,13,41,11,17,33,8,6.0,5.0,6,9,1.0,5.0,1.0,0.0,9,9.0,3.0,8,18,5.0,17.0,15,14,1.0,6,5.0,1.0,7.0,3.0,11,1.0,5.0,22,52,3,16,34,16,5,0.0,10,11,10,8,7,27,11,23,25,18,4,3.0,14,7.0,3.0,0.0,5.0,12.0,3.0,2.0,6.0,9,9,3.0,12,14,2.0,2.0,11,4.0,4.0,2.0,0.0,5.0,5.0,3.0,3.0,1.0,1.0,1.0,1.0,1.0,1.0,0.0,14,5.0,6.0,3.0,9.0,1.0,11.0,5,1.0,3,5.0,8,3.0,10,13,2.0,10.0,15,4,2.0,2.0,4.0,16.0,4.0,2.0,8.0,22,0.0,8.0,12,8,9.0,5,2.0,1.0,1.0,0.0,4,2.0,5.0,2.0,10,2.0,4.0,9,3.0,0.0,2.0,7.0,1.0,4.0,9.0,3.0,1,9,4.0,11.0,1.0,0.0,3.0,9.0,0.0,1.0,3.0,8,6,7,14,58,13,10,25,6,1.0,0.0,5,9.0,6,5,12.0,33,11,8,29,9,4.0,7.0,11,14,4.0,2.0,6,0.0,1.0,7.0,8.0,3,10,11,4.0,8.0,17,7,3.0,4,11,4.0,5.0,6,5,1.0,5.0,12,30,3,12,30,11,12,0.0,4,15,4,14,8,33,7,9,17,3.0,0.0,2.0,1.0,0.0,2.0,2.0,0.0,0.0,0.0,2.0,3.0,1.0,1.0,1.0,1.0,1.0,1.0,0.0,0.0,1.0,1.0,0.0,1.0,0.0,0.0,1.0,0.0,0.0,0.0,0.0,0.0
archaea_methanocaldococcus_chunk_94,archaea_methanocaldococcus.fasta,94,archaea,47,9,25,34,14,2,1.0,6,28,15.0,13.0,15,17,13,18,25,8,4.0,9.0,9,5,1.0,4.0,3.0,4.0,7,5.0,5.0,10,24,2.0,15.0,21,10,5.0,9,16.0,5.0,6.0,5.0,6,1.0,8.0,20,22,9,3,15,13,7,2.0,6,18,8,20,4,26,11,17,25,24,3,8.0,12,6.0,5.0,0.0,4.0,7.0,4.0,5.0,8.0,7,6,1.0,13,9,3.0,2.0,5,2.0,3.0,0.0,2.0,2.0,4.0,2.0,4.0,4.0,2.0,1.0,5.0,1.0,0.0,6.0,10,2.0,9.0,7.0,4.0,2.0,4.0,5,2.0,3,1.0,10,4.0,10,22,6.0,21.0,17,2,0.0,5.0,7.0,15.0,8.0,11.0,10.0,15,0.0,15.0,22,18,6.0,8,4.0,3.0,2.0,3.0,8,1.0,2.0,9.0,13,3.0,16.0,13,8.0,3.0,4.0,7.0,7.0,1.0,2.0,7.0,9,4,3.0,4.0,1.0,0.0,1.0,6.0,5.0,6.0,2.0,15,7,15,10,22,5,17,10,8,3.0,2.0,10,12.0,2,3,2.0,10,9,16,19,12,7.0,7.0,5,8,3.0,1.0,3,4.0,0.0,4.0,7.0,2,6,25,7.0,12.0,13,14,3.0,7,18,7.0,5.0,9,3,0.0,2.0,11,18,11,13,27,10,4,6.0,8,28,11,10,9,18,6,21,21,0.0,0.0,1.0,5.0,4.0,1.0,4.0,1.0,0.0,1.0,5.0,1.0,0.0,3.0,1.0,3.0,1.0,2.0,0.0,0.0,0.0,4.0,2.0,1.0,1.0,5.0,4.0,1.0,0.0,0.0,0.0,0.0
archaea_methanocaldococcus_chunk_95,archaea_methanocaldococcus.fasta,95,archaea,5,20,7,20,26,17,2.0,16,10,11.0,4.0,4,31,16,14,16,15,2.0,6.0,12,10,1.0,10.0,2.0,2.0,6,9.0,4.0,15,11,0.0,6.0,5,13,5.0,17,5.0,0.0,1.0,6.0,5,1.0,4.0,8,30,11,10,20,12,11,1.0,18,7,4,6,10,15,18,19,18,18,11,9.0,24,1.0,2.0,0.0,8.0,3.0,13.0,5.0,5.0,15,13,2.0,15,22,3.0,10.0,16,6.0,7.0,1.0,0.0,7.0,12.0,4.0,13.0,2.0,1.0,0.0,1.0,0.0,1.0,2.0,22,5.0,10.0,9.0,16.0,1.0,23.0,9,6.0,4,5.0,10,12.0,30,9,10.0,5.0,11,1,0.0,0.0,3.0,4.0,4.0,0.0,3.0,11,1.0,4.0,11,6,3.0,7,6.0,3.0,5.0,2.0,11,5.0,4.0,13.0,9,0.0,0.0,5,0.0,0.0,2.0,0.0,0.0,3.0,3.0,6.0,5,4,4.0,10.0,3.0,3.0,4.0,6.0,2.0,2.0,4.0,11,6,7,5,20,20,8,22,7,7.0,3.0,7,5.0,8,3,6.0,14,12,8,28,19,6.0,7.0,10,29,5.0,2.0,14,0.0,0.0,14.0,23.0,12,18,13,3.0,5.0,16,3,8.0,12,9,2.0,3.0,6,9,6.0,4.0,14,14,8,7,22,18,20,0.0,22,15,11,8,13,15,24,14,35,5.0,1.0,0.0,1.0,3.0,2.0,0.0,0.0,0.0,1.0,7.0,0.0,0.0,0.0,1.0,1.0,2.0,0.0,0.0,0.0,2.0,1.0,0.0,0.0,1.0,1.0,0.0,0.0,0.0,1.0,0.0,1.0
archaea_methanocaldococcus_chunk_96,archaea_methanocaldococcus.fasta,96,archaea,32,18,9,34,21,11,1.0,21,8,8.0,4.0,9,21,20,9,21,12,5.0,7.0,14,8,2.0,11.0,0.0,1.0,9,14.0,4.0,9,7,5.0,5.0,10,9,5.0,11,0.0,2.0,2.0,4.0,6,7.0,1.0,8,30,8,9,12,23,14,0.0,25,6,6,3,9,8,8,9,26,19,15,5.0,15,6.0,5.0,0.0,9.0,7.0,9.0,1.0,5.0,13,23,8.0,11,11,7.0,7.0,12,8.0,6.0,0.0,2.0,8.0,15.0,1.0,24.0,0.0,0.0,0.0,1.0,1.0,0.0,1.0,18,7.0,12.0,9.0,12.0,0.0,35.0,5,4.0,2,5.0,13,28.0,34,7,1.0,3.0,8,4,1.0,2.0,0.0,2.0,1.0,2.0,2.0,8,0.0,5.0,4,4,4.0,9,5.0,1.0,4.0,0.0,4,5.0,3.0,6.0,3,1.0,1.0,1,6.0,0.0,3.0,0.0,0.0,2.0,4.0,1.0,4,4,4.0,8.0,2.0,6.0,6.0,0.0,1.0,3.0,4.0,5,5,4,12,35,20,12,14,7,8.0,0.0,6,10.0,7,1,6.0,17,19,2,15,27,5.0,4.0,20,16,9.0,0.0,27,0.0,0.0,16.0,22.0,8,39,9,1.0,1.0,5,5,5.0,3,6,6.0,2.0,4,5,5.0,6.0,13,29,5,11,21,22,20,0.0,19,5,3,10,11,40,20,12,45,4.0,2.0,0.0,0.0,4.0,0.0,0.0,0.0,0.0,2.0,4.0,3.0,1.0,0.0,1.0,2.0,2.0,1.0,1.0,0.0,1.0,1.0,0.0,1.0,0.0,0.0,1.0,0.0,0.0,0.0,0.0,0.0
archaea_methanocaldococcus_chunk_97,archaea_methanocaldococcus.fasta,97,archaea,51,8,21,25,12,2,0.0,15,24,5.0,12.0,15,32,6,9,16,8,3.0,2.0,20,4,2.0,7.0,1.0,3.0,6,8.0,5.0,9,19,5.0,29.0,25,5,0.0,10,10.0,1.0,4.0,10.0,7,2.0,4.0,14,24,13,14,34,6,10,1.0,17,10,2,9,7,25,12,16,31,7,7,5.0,10,7.0,3.0,0.0,3.0,9.0,0.0,0.0,1.0,10,10,6.0,20,3,4.0,4.0,9,6.0,2.0,0.0,0.0,6.0,6.0,2.0,6.0,3.0,1.0,0.0,2.0,0.0,1.0,3.0,15,4.0,6.0,10.0,6.0,0.0,10.0,7,5.0,4,2.0,10,11.0,22,15,4.0,15.0,13,6,0.0,3.0,1.0,27.0,5.0,4.0,7.0,22,0.0,8.0,18,5,0.0,3,2.0,1.0,1.0,2.0,4,3.0,2.0,12.0,10,1.0,9.0,10,1.0,2.0,4.0,3.0,0.0,0.0,6.0,7.0,6,4,7.0,13.0,1.0,2.0,2.0,7.0,0.0,6.0,1.0,6,3,4,15,32,10,15,15,8,9.0,3.0,9,18.0,6,9,4.0,21,18,5,30,13,4.0,4.0,14,8,6.0,1.0,10,1.0,1.0,9.0,9.0,9,18,15,3.0,5.0,11,4,3.0,7,16,3.0,2.0,8,9,2.0,3.0,5,29,12,16,21,17,7,1.0,16,10,8,10,9,37,15,15,41,1.0,0.0,2.0,1.0,3.0,2.0,1.0,1.0,0.0,2.0,2.0,2.0,0.0,0.0,1.0,3.0,1.0,1.0,1.0,0.0,0.0,2.0,0.0,0.0,0.0,1.0,2.0,0.0,1.0,0.0,0.0,0.0
archaea_methanocaldococcus_chunk_98,archaea_methanocaldococcus.fasta,98,archaea,64,17,26,38,15,9,2.0,19,26,9.0,9.0,12,27,10,10,25,9,7.0,4.0,9,7,2.0,8.0,1.0,2.0,7,3.0,6.0,13,19,4.0,14.0,21,4,4.0,16,13.0,4.0,5.0,8.0,1,1.0,4.0,15,30,6,12,17,9,7,3.0,8,18,7,5,3,16,10,18,25,14,8,11.0,12,2.0,6.0,2.0,5.0,2.0,4.0,4.0,2.0,8,8,3.0,10,14,6.0,2.0,9,1.0,3.0,1.0,1.0,5.0,10.0,1.0,12.0,1.0,1.0,2.0,0.0,0.0,2.0,2.0,12,4.0,8.0,7.0,9.0,0.0,10.0,4,6.0,4,5.0,10,8.0,24,16,5.0,12.0,10,4,1.0,0.0,2.0,16.0,7.0,10.0,4.0,13,1.0,11.0,15,7,3.0,4,6.0,1.0,5.0,2.0,7,4.0,8.0,9.0,10,0.0,12.0,7,4.0,2.0,4.0,5.0,4.0,1.0,3.0,1.0,10,8,5.0,4.0,2.0,3.0,4.0,0.0,2.0,3.0,3.0,9,3,11,14,51,15,7,12,8,2.0,0.0,3,14.0,4,7,3.0,16,8,9,19,15,2.0,3.0,7,17,2.0,0.0,12,1.0,1.0,5.0,9.0,4,14,13,2.0,9.0,13,6,7.0,6,10,2.0,5.0,9,11,2.0,3.0,10,35,3,11,23,9,12,2.0,10,15,5,14,15,37,12,14,44,1.0,1.0,0.0,0.0,1.0,1.0,1.0,0.0,1.0,2.0,6.0,0.0,1.0,0.0,1.0,5.0,4.0,1.0,0.0,1.0,2.0,0.0,0.0,0.0,1.0,2.0,1.0,0.0,0.0,0.0,0.0,0.0
archaea_methanocaldococcus_chunk_99,archaea_methanocaldococcus.fasta,99,archaea,21,14,11,17,16,9,5.0,18,4,12.0,8.0,5,20,14,8,28,9,4.0,10.0,12,10,1.0,7.0,0.0,2.0,8,5.0,5.0,11,7,1.0,0.0,6,8,10.0,14,8.0,3.0,2.0,3.0,1,2.0,5.0,9,21,4,6,19,16,12,4.0,20,2,5,7,8,15,20,11,35,13,21,3.0,18,10.0,4.0,0.0,3.0,3.0,10.0,5.0,9.0,5,20,6.0,19,16,5.0,3.0,12,8.0,7.0,2.0,2.0,7.0,12.0,2.0,20.0,0.0,1.0,0.0,2.0,4.0,3.0,2.0,23,7.0,5.0,11.0,15.0,0.0,16.0,3,5.0,3,10.0,13,14.0,30,2,5.0,3.0,12,3,0.0,0.0,2.0,2.0,2.0,1.0,1.0,7,1.0,3.0,10,7,7.0,12,6.0,5.0,7.0,1.0,7,3.0,6.0,11.0,7,3.0,4.0,10,9.0,0.0,5.0,4.0,1.0,0.0,2.0,2.0,4,4,3.0,8.0,3.0,2.0,6.0,1.0,1.0,3.0,6.0,8,1,7,12,27,8,12,23,6,7.0,0.0,6,5.0,9,2,2.0,18,17,6,24,23,6.0,7.0,14,12,10.0,1.0,20,3.0,2.0,13.0,22.0,8,21,8,0.0,2.0,3,7,8.0,7,12,6.0,4.0,5,10,6.0,4.0,13,22,8,9,33,20,14,4.0,22,7,10,14,9,36,25,16,52,2.0,2.0,1.0,1.0,4.0,0.0,0.0,2.0,1.0,2.0,6.0,2.0,1.0,0.0,0.0,3.0,0.0,0.0,1.0,1.0,1.0,0.0,0.0,0.0,2.0,1.0,0.0,2.0,0.0,0.0,0.0,0.0
archaea_methanocaldococcus_chunk_100,archaea_methanocaldococcus.fasta,100,archaea,14,10,6,32,19,11,2.0,14,4,4.0,2.0,4,29,22,5,25,11,10.0,10.0,14,9,1.0,13.0,2.0,2.0,3,6.0,2.0,23,5,2.0,1.0,2,11,3.0,5,5.0,1.0,5.0,3.0,10,3.0,4.0,9,28,16,9,33,17,12,4.0,24,3,3,3,8,23,10,10,34,17,13,3.0,18,9.0,7.0,1.0,8.0,5.0,8.0,5.0,9.0,16,10,5.0,13,9,7.0,8.0,9,8.0,8.0,1.0,1.0,10.0,12.0,4.0,14.0,2.0,2.0,0.0,4.0,2.0,2.0,3.0,12,3.0,11.0,13.0,10.0,2.0,11.0,5,6.0,4,5.0,11,19.0,27,6,5.0,2.0,6,3,4.0,1.0,3.0,1.0,2.0,1.0,5.0,7,0.0,0.0,6,9,1.0,5,3.0,1.0,1.0,1.0,1,4.0,4.0,5.0,6,7.0,5.0,1,1.0,0.0,3.0,5.0,0.0,5.0,4.0,3.0,3,6,5.0,13.0,5.0,7.0,3.0,0.0,0.0,4.0,5.0,9,8,4,4,25,18,3,25,14,7.0,2.0,9,0.0,6,6,8.0,34,24,7,33,22,5.0,8.0,16,13,10.0,2.0,18,4.0,4.0,12.0,14.0,10,22,6,0.0,3.0,6,4,3.0,5,8,3.0,4.0,3,7,8.0,2.0,10,25,13,6,41,16,14,4.0,20,7,4,7,9,42,17,6,55,6.0,1.0,1.0,1.0,6.0,2.0,1.0,0.0,1.0,3.0,7.0,3.0,2.0,1.0,0.0,0.0,3.0,1.0,1.0,1.0,1.0,2.0,0.0,0.0,2.0,1.0,0.0,0.0,1.0,0.0,0.0,0.0
