unique_id,file_name,sample_id,class,AAAA,AAAC,AAAG,AAAT,AACA,AACC,AACG,AACT,AAGA,AAGC,AAGG,AAGT,AATA,AATC,AATG,AATT,ACAA,ACAC,ACAG,ACAT,ACCA,ACCC,ACCG,ACCT,ACGA,ACGC,ACGG,ACGT,ACTA,ACTC,ACTG,ACTT,AGAA,AGAC,AGAG,AGAT,AGCA,AGCC,AGCG,AGCT,AGGA,AGGC,AGGG,AGGT,AGTA,AGTC,AGTG,AGTT,ATAA,ATAC,ATAG,ATAT,ATCA,ATCC,ATCG,ATCT,ATGA,ATGC,ATGG,ATGT,ATTA,ATTC,ATTG,ATTT,CAAA,CAAC,CAAG,CAAT,CACA,CACC,CACG,CACT,CAGA,CAGC,CAGG,CAGT,CATA,CATC,CATG,CATT,CCAA,CCAC,CCAG,CCAT,CCCA,CCCC,CCCG,CCCT,CCGA,CCGC,CCGG,CCGT,CCTA,CCTC,CCTG,CCTT,CGAA,CGAC,CGAG,CGAT,CGCA,CGCC,CGCG,CGCT,CGGA,CGGC,CGGG,CGGT,CGTA,CGTC,CGTG,CGTT,CTAC,CTAT,CTCA,CTCC,CTCG,CTCT,CTGA,CTGC,CTGG,CTGT,CTTA,CTTC,CTTG,CTTT,GAAA,GAAC,GAAG,GAAT,GACA,GACC,GACG,GACT,GAGA,GAGC,GAGG,GAGT,GATA,GATC,GATG,GATT,GCAA,GCAC,GCAG,GCAT,GCCA,GCCC,GCCG,GCCT,GCGA,GCGC,GCGG,GCGT,GCTA,GCTC,GCTG,GCTT,GGAA,GGAC,GGAG,GGAT,GGCA,GGCC,GGCG,GGCT,GGGA,GGGC,GGGG,GGGT,GGTA,GGTC,GGTG,GGTT,GTAA,GTAC,GTAG,GTAT,GTCA,GTCC,GTCG,GTCT,GTGA,GTGC,GTGG,GTGT,GTTA,GTTC,GTTG,GTTT,TAAA,TAAC,TAAG,TAAT,TACA,TACC,TACG,TACT,TAGA,TAGC,TAGG,TAGT,TATA,TATC,TATG,TATT,TCAA,TCAC,TCAG,TCAT,TCCA,TCCC,TCCG,TCCT,TCGA,TCGC,TCGG,TCGT,TCTA,TCTC,TCTG,TCTT,TGAA,TGAC,TGAG,TGAT,TGCA,TGCC,TGCG,TGCT,TGGA,TGGC,TGGG,TGGT,TGTA,TGTC,TGTG,TGTT,TTAA,TTAC,TTAG,TTAT,TTCA,TTCC,TTCG,TTCT,TTGA,TTGC,TTGG,TTGT,TTTA,TTTC,TTTG,TTTT,CTAA,CTAG
archaea_archaeoglobus_chunk_1,archaea_archaeoglobus.fasta,1,archaea,13,12,12,10,10,10.0,13,9,6,10,4,5,4.0,10,8,11,13,7.0,13.0,12,13.0,6.0,5.0,10,6,8.0,11.0,11,3.0,6,13.0,9,8,7.0,12.0,12,8,11,5,11,13,9,19.0,7,5,6.0,5.0,6,8,12.0,8.0,6.0,3,5,5,5,8,5,5,6.0,12,11,11,7,9,17,5,5,11,5.0,4.0,3.0,15,18,18,7,11.0,4,4,10,5,4,13,8,5,3,6,8,3,3,13.0,2.0,5.0,9,7,7,3.0,10.0,2,4,6.0,4.0,1.0,4,17,6.0,7.0,5.0,4.0,5.0,5.0,7,13.0,2.0,8,4,6,5,10,13,11.0,7.0,6,8,9,7,16,6,5,11,7.0,13.0,8,11.0,14,6,21.0,6.0,13,1.0,8,12,11,8.0,21.0,3,6,8.0,3.0,7.0,5.0,1.0,3,3.0,4.0,4,11,12,18,11.0,20,13,15,4.0,3.0,10,17.0,6.0,8.0,8.0,7.0,2.0,8.0,10,6,2.0,4.0,8.0,7,7.0,4.0,1.0,8,5.0,10.0,7.0,5,3.0,10,13,9,7,3.0,7,17.0,6,11.0,8.0,4.0,2.0,5.0,4.0,6.0,3,4.0,8.0,7,4.0,11,6,6,5,7,3.0,5,3,8.0,5,3.0,4,10,2,9,11.0,13,5,14,5,3.0,6,14,11,5.0,7.0,4,6,12.0,8,12,15.0,3.0,5,10,5,6,8,12,5,11,10,12.0,7,8,14,0.0,0.0
archaea_archaeoglobus_chunk_2,archaea_archaeoglobus.fasta,2,archaea,9,12,5,7,13,15.0,14,8,4,6,3,1,4.0,14,4,4,11,7.0,8.0,5,7.0,12.0,10.0,15,4,5.0,5.0,10,0.0,13,4.0,9,5,2.0,3.0,6,2,13,2,11,4,2,4.0,5,3,3.0,5.0,6,4,4.0,1.0,2.0,9,15,6,8,4,7,3,4.0,3,11,4,7,11,15,4,10,11,20.0,6.0,9.0,8,14,7,6,3.0,17,4,8,10,16,14,8,14,12,5,24,7,8,7.0,9.0,1.0,34,17,22,6.0,6.0,5,5,8.0,7.0,3.0,6,7,8.0,5.0,7.0,9.0,12.0,5.0,3,0.0,3.0,18,35,6,26,13,19,4.0,9.0,6,30,14,17,8,13,4,3,3.0,3.0,3,4.0,4,5,4.0,7.0,4,1.0,8,10,11,2.0,4.0,7,6,15.0,3.0,13.0,3.0,3.0,6,7.0,3.0,14,8,13,13,2.0,4,4,4,7.0,8.0,7,6.0,8.0,2.0,0.0,1.0,6.0,5.0,4,9,2.0,5.0,3.0,8,6.0,5.0,8.0,4,6.0,7.0,6.0,4,9.0,3,5,4,10,1.0,6,4.0,6,1.0,5.0,0.0,3.0,1.0,3.0,0.0,6,2.0,3.0,8,21.0,9,12,21,16,13,22.0,8,8,9.0,3,4.0,24,16,23,4,3.0,9,8,10,10,6.0,14,6,8,5.0,4.0,6,6,8.0,8,3,10.0,1.0,3,15,16,11,25,3,8,9,9,4.0,17,8,11,5.0,0.0
archaea_archaeoglobus_chunk_3,archaea_archaeoglobus.fasta,3,archaea,13,2,18,10,2,5.0,7,2,16,6,19,2,7.0,12,7,11,5,1.0,7.0,4,4.0,2.0,7.0,2,7,2.0,9.0,3,4.0,5,4.0,5,22,12.0,19.0,15,6,4,10,9,26,8,19.0,9,3,3.0,4.0,6,11,4.0,12.0,8.0,7,4,8,8,11,9,11,5.0,8,13,8,10,6,2,6,9,2,2.0,3.0,3.0,12,10,12,4,4.0,7,6,4,2,3,5,5,3,5,4,6,6,4,5.0,3.0,2.0,6,9,10,7.0,2.0,5,13,4.0,4.0,1.0,7,10,6.0,5.0,9.0,6.0,2.0,6.0,4,7.0,2.0,5,5,10,5,13,12,4.0,5.0,5,20,15,9,16,6,16,11,6.0,3.0,7,8.0,34,6,26.0,7.0,15,3.0,15,19,6,3.0,11.0,7,5,2.0,3.0,6.0,6.0,3.0,8,6.0,3.0,6,13,20,11,7.0,28,11,9,3.0,7.0,10,13.0,8.0,12.0,11.0,5.0,1.0,10.0,21,5,0.0,7.0,5.0,6,2.0,1.0,3.0,6,6.0,11.0,5.0,7,14.0,10,9,8,6,3.0,7,7.0,5,4.0,5.0,6.0,7.0,5.0,3.0,9.0,5,8.0,5.0,10,3.0,15,5,3,9,4,13.0,8,7,9.0,6,2.0,7,8,14,9,3.0,21,13,8,5,5.0,16,8,7,8.0,8.0,3,6,8.0,9,6,10.0,2.0,12,15,18,11,15,16,7,5,11,10.0,12,6,16,2.0,0.0
archaea_archaeoglobus_chunk_4,archaea_archaeoglobus.fasta,4,archaea,13,4,15,13,8,8.0,7,9,9,9,18,4,5.0,14,8,8,9,3.0,11.0,7,8.0,6.0,5.0,8,10,7.0,3.0,8,2.0,9,7.0,7,16,7.0,10.0,9,9,4,4,10,21,8,14.0,12,3,5.0,6.0,6,9,5.0,4.0,1.0,9,16,4,10,14,12,5,7.0,2,6,9,7,9,13,5,9,4,8.0,7.0,2.0,13,7,8,5,7.0,16,8,4,10,5,7,11,9,8,5,12,9,4,1.0,7.0,5.0,13,10,11,13.0,6.0,14,3,3.0,4.0,0.0,9,5,2.0,1.0,5.0,2.0,3.0,9.0,11,8.0,2.0,9,17,10,8,13,7,7.0,6.0,5,13,10,12,16,11,18,7,10.0,7.0,8,7.0,18,10,26.0,9.0,6,2.0,20,9,6,6.0,7.0,9,8,2.0,5.0,8.0,6.0,2.0,5,5.0,5.0,6,9,12,11,5.0,16,14,6,7.0,5.0,9,10.0,10.0,5.0,1.0,2.0,3.0,9.0,10,3,3.0,3.0,3.0,8,2.0,3.0,4.0,8,5.0,9.0,6.0,5,6.0,27,5,7,4,2.0,6,8.0,4,6.0,7.0,2.0,1.0,3.0,2.0,1.0,7,2.0,3.0,11,7.0,8,8,8,18,6,11.0,11,3,4.0,5,1.0,17,7,10,12,14.0,23,11,10,8,9.0,4,10,7,6.0,6.0,5,6,4.0,16,4,9.0,1.0,7,8,8,5,13,25,7,8,12,9.0,9,6,9,3.0,0.0
archaea_archaeoglobus_chunk_5,archaea_archaeoglobus.fasta,5,archaea,4,6,12,1,4,12.0,7,3,5,10,7,10,4.0,10,8,5,8,3.0,1.0,4,10.0,9.0,4.0,8,4,4.0,0.0,4,2.0,12,3.0,6,6,2.0,6.0,7,10,12,6,12,4,3,9.0,7,12,7.0,3.0,6,3,3.0,1.0,2.0,15,11,14,4,8,10,9,7.0,1,8,9,6,6,11,10,11,6,16.0,3.0,13.0,8,16,4,9,3.0,22,6,2,6,18,11,11,17,9,9,6,4,8,7.0,15.0,2.0,18,8,14,6.0,3.0,4,6,7.0,3.0,3.0,7,5,6.0,8.0,7.0,5.0,12.0,6.0,17,1.0,8.0,20,21,10,13,11,15,3.0,8.0,4,18,9,12,6,5,8,7,4.0,1.0,2,3.0,6,7,9.0,2.0,1,1.0,15,15,13,2.0,16.0,3,7,6.0,8.0,7.0,5.0,0.0,9,7.0,6.0,7,17,13,3,1.0,5,11,5,4.0,8.0,10,5.0,9.0,5.0,6.0,6.0,9.0,9.0,7,7,3.0,17.0,6.0,7,13.0,9.0,6.0,2,3.0,12.0,10.0,6,12.0,12,10,7,4,2.0,8,2.0,2,0.0,5.0,2.0,7.0,3.0,7.0,1.0,11,5.0,2.0,11,15.0,9,15,12,17,13,21.0,6,8,10.0,14,3.0,27,9,10,11,4.0,9,8,12,9,4.0,14,6,9,3.0,11.0,10,6,9.0,10,7,2.0,1.0,3,8,18,5,26,11,11,5,10,2.0,19,7,19,4.0,0.0
archaea_archaeoglobus_chunk_6,archaea_archaeoglobus.fasta,6,archaea,9,8,8,9,13,8.0,9,8,11,7,13,6,7.0,9,5,6,9,3.0,4.0,7,9.0,6.0,5.0,8,12,3.0,6.0,6,2.0,6,6.0,6,18,7.0,9.0,10,9,8,13,9,10,7,7.0,10,5,3.0,5.0,8,8,6.0,9.0,4.0,9,11,7,13,10,8,1,3.0,5,7,5,7,10,17,4,9,2,8.0,5.0,3.0,8,16,8,6,6.0,18,7,4,6,7,10,10,7,4,9,13,2,10,6.0,5.0,0.0,19,11,18,7.0,3.0,15,4,7.0,7.0,0.0,7,7,9.0,7.0,6.0,4.0,6.0,4.0,10,5.0,3.0,14,19,8,20,12,7,5.0,6.0,3,15,13,16,9,10,19,7,2.0,6.0,11,1.0,19,12,11.0,6.0,13,6.0,7,10,12,3.0,8.0,8,5,16.0,0.0,10.0,8.0,3.0,5,6.0,4.0,16,5,9,8,4.0,13,10,5,7.0,2.0,12,8.0,5.0,9.0,7.0,2.0,6.0,6.0,13,4,4.0,3.0,2.0,7,6.0,4.0,2.0,3,5.0,15.0,5.0,2,7.0,17,10,6,3,6.0,2,6.0,6,2.0,8.0,6.0,4.0,2.0,3.0,1.0,7,3.0,4.0,13,5.0,16,9,12,7,9,17.0,7,5,12.0,7,4.0,20,8,14,12,6.0,11,12,10,9,7.0,6,10,5,6.0,4.0,2,4,13.0,5,3,7.0,3.0,6,13,9,12,11,17,12,4,10,9.0,16,8,17,2.0,0.0
archaea_archaeoglobus_chunk_7,archaea_archaeoglobus.fasta,7,archaea,6,17,3,10,9,13.0,15,9,5,6,5,6,3.0,9,8,10,5,2.0,2.0,4,3.0,10.0,8.0,11,8,7.0,3.0,11,2.0,8,2.0,5,10,4.0,3.0,6,6,7,4,10,2,11,5.0,10,6,11.0,2.0,6,5,2.0,1.0,4.0,11,4,12,9,12,10,6,9.0,4,8,2,15,8,14,7,9,1,8.0,8.0,0.0,8,10,7,7,0.0,14,8,4,7,7,8,6,5,9,8,14,7,6,9.0,12.0,1.0,27,14,19,3.0,4.0,9,11,8.0,7.0,3.0,8,8,6.0,12.0,3.0,13.0,12.0,9.0,5,2.0,7.0,22,19,14,19,12,9,8.0,7.0,5,19,6,18,12,7,10,7,1.0,8.0,6,4.0,6,7,13.0,6.0,4,5.0,14,7,6,2.0,9.0,6,4,6.0,9.0,16.0,5.0,3.0,5,6.0,4.0,17,7,6,12,1.0,8,8,5,7.0,7.0,10,13.0,6.0,4.0,1.0,7.0,2.0,4.0,8,13,3.0,11.0,6.0,6,10.0,6.0,11.0,4,5.0,6.0,4.0,2,7.0,7,7,10,8,2.0,4,2.0,3,0.0,4.0,4.0,4.0,3.0,6.0,5.0,8,7.0,8.0,20,6.0,13,10,16,11,9,20.0,7,10,12.0,10,5.0,22,13,18,11,10.0,12,5,4,14,5.0,6,6,6,3.0,7.0,7,9,4.0,4,4,1.0,4.0,11,10,23,7,19,10,5,2,4,9.0,25,6,20,2.0,1.0
archaea_archaeoglobus_chunk_8,archaea_archaeoglobus.fasta,8,archaea,4,9,5,5,13,14.0,4,11,4,8,7,4,0.0,18,3,5,16,3.0,10.0,7,5.0,2.0,4.0,17,5,2.0,5.0,1,0.0,10,3.0,12,7,4.0,2.0,7,9,16,7,10,6,14,4.0,5,3,4.0,1.0,4,2,4.0,7.0,2.0,13,7,10,15,5,4,8,9.0,5,7,6,6,12,19,7,10,14,9.0,5.0,4.0,9,18,10,7,7.0,21,9,5,6,10,8,16,13,21,9,14,3,13,3.0,11.0,2.0,36,14,19,6.0,1.0,4,5,12.0,11.0,1.0,8,3,6.0,8.0,6.0,7.0,8.0,5.0,4,2.0,3.0,16,39,14,16,9,12,1.0,9.0,10,32,12,11,3,8,7,5,5.0,2.0,2,3.0,5,7,5.0,0.0,7,0.0,11,10,13,6.0,12.0,8,8,11.0,12.0,16.0,4.0,0.0,11,4.0,1.0,9,8,12,2,2.0,4,12,12,10.0,6.0,6,7.0,8.0,8.0,6.0,3.0,9.0,7.0,1,5,4.0,11.0,1.0,10,5.0,7.0,8.0,5,3.0,2.0,3.0,4,4.0,9,2,4,6,4.0,6,4.0,3,2.0,7.0,2.0,9.0,7.0,1.0,1.0,6,3.0,4.0,14,13.0,14,11,14,23,5,24.0,4,17,4.0,8,4.0,30,6,22,8,5.0,7,4,6,10,5.0,6,4,6,9.0,3.0,8,9,0.0,10,11,6.0,1.0,8,13,15,2,23,5,8,11,6,7.0,10,3,9,2.0,0.0
archaea_archaeoglobus_chunk_9,archaea_archaeoglobus.fasta,9,archaea,25,9,18,22,9,8.0,1,11,13,8,15,9,16.0,11,9,28,7,2.0,10.0,5,9.0,3.0,1.0,5,1,1.0,7.0,2,4.0,8,1.0,7,17,7.0,10.0,11,7,9,8,8,9,12,16.0,9,5,5.0,0.0,10,15,4.0,8.0,15.0,10,4,4,11,8,7,4,4.0,13,17,8,29,15,7,5,16,1,5.0,2.0,2.0,15,11,11,2,9.0,8,2,6,9,2,4,9,5,3,3,3,2,1,6.0,0.0,4.0,6,10,10,3.0,4.0,4,6,3.0,3.0,2.0,4,4,4.0,10.0,3.0,2.0,2.0,2.0,3,5.0,6.0,12,4,3,7,9,7,5.0,10.0,7,10,4,21,22,5,13,12,4.0,4.0,6,3.0,11,7,16.0,5.0,6,2.0,6,14,7,3.0,11.0,5,5,5.0,3.0,11.0,8.0,6.0,8,3.0,2.0,7,9,10,15,1.0,8,8,9,5.0,9.0,10,14.0,12.0,9.0,3.0,5.0,0.0,6.0,12,3,3.0,2.0,8.0,2,4.0,1.0,2.0,6,2.0,4.0,6.0,5,7.0,13,10,12,8,9.0,14,10.0,1,2.0,4.0,6.0,6.0,4.0,4.0,11.0,8,6.0,19.0,20,3.0,14,6,5,3,2,11.0,6,4,0.0,3,7.0,5,11,15,17,5.0,17,3,7,7,6.0,6,5,5,3.0,8.0,4,2,10.0,10,20,5.0,9.0,15,19,9,5,18,19,10,8,6,24.0,17,19,39,5.0,1.0
archaea_archaeoglobus_chunk_10,archaea_archaeoglobus.fasta,10,archaea,19,5,22,16,5,2.0,9,11,16,16,24,8,8.0,12,11,20,7,5.0,4.0,10,3.0,6.0,0.0,3,15,3.0,1.0,2,3.0,10,5.0,6,28,3.0,27.0,14,18,7,9,11,16,13,20.0,18,1,3.0,6.0,7,13,8.0,6.0,1.0,7,7,4,3,14,5,7,6.0,6,14,9,19,8,6,6,9,6,9.0,2.0,5.0,16,8,11,4,9.0,5,3,8,5,7,4,5,8,5,3,5,11,2,3.0,5.0,5.0,5,7,5,10.0,4.0,17,10,3.0,6.0,0.0,3,5,8.0,3.0,0.0,4.0,2.0,2.0,1,6.0,4.0,7,15,1,11,10,8,7.0,7.0,7,6,7,6,23,8,25,19,7.0,0.0,5,3.0,36,12,28.0,4.0,9,1.0,12,19,12,4.0,18.0,3,7,3.0,5.0,6.0,9.0,6.0,6,1.0,5.0,9,14,6,15,4.0,15,11,10,5.0,8.0,14,13.0,9.0,6.0,4.0,6.0,4.0,9.0,6,11,1.0,5.0,2.0,4,2.0,2.0,5.0,10,2.0,6.0,2.0,2,0.0,7,11,12,8,11.0,7,8.0,1,5.0,5.0,4.0,9.0,4.0,1.0,2.0,3,6.0,1.0,5,6.0,13,7,3,7,13,8.0,6,1,6.0,1,4.0,10,6,9,22,4.0,20,6,6,3,5.0,6,11,7,3.0,3.0,8,4,3.0,6,8,4.0,6.0,5,14,7,7,10,18,5,4,6,8.0,18,10,18,6.0,1.0
archaea_archaeoglobus_chunk_11,archaea_archaeoglobus.fasta,11,archaea,13,9,15,5,7,8.0,5,1,15,10,18,7,6.0,3,10,5,4,4.0,7.0,5,3.0,3.0,6.0,15,5,3.0,10.0,3,4.0,3,8.0,2,16,3.0,22.0,12,7,7,5,13,16,11,15.0,14,3,5.0,4.0,11,6,6.0,3.0,3.0,4,2,3,9,7,15,13,1.0,3,7,11,8,8,4,7,5,1,6.0,2.0,4.0,11,15,10,4,3.0,14,5,3,7,1,4,5,3,5,2,6,8,3,3.0,2.0,4.0,11,10,11,8.0,5.0,6,9,4.0,6.0,1.0,5,4,6.0,10.0,7.0,0.0,3.0,4.0,8,12.0,4.0,6,7,10,7,15,15,9.0,12.0,4,15,9,13,18,5,22,9,6.0,4.0,6,6.0,26,7,28.0,10.0,6,0.0,12,18,6,3.0,16.0,8,9,4.0,4.0,9.0,9.0,2.0,11,5.0,7.0,4,27,13,18,7.0,22,9,8,6.0,9.0,14,19.0,11.0,20.0,8.0,2.0,5.0,16.0,13,2,2.0,1.0,1.0,6,2.0,3.0,6.0,15,1.0,16.0,4.0,6,10.0,15,9,3,3,5.0,5,6.0,9,8.0,6.0,1.0,1.0,0.0,2.0,3.0,1,9.0,3.0,7,5.0,13,7,2,4,4,6.0,6,8,3.0,5,4.0,12,6,15,12,7.0,21,6,14,7,12.0,19,17,9,13.0,7.0,1,4,12.0,8,5,9.0,0.0,8,16,5,6,15,9,21,8,8,9.0,10,11,9,3.0,0.0
archaea_archaeoglobus_chunk_12,archaea_archaeoglobus.fasta,12,archaea,12,7,15,15,6,9.0,6,9,7,18,15,7,4.0,9,8,14,7,1.0,3.0,5,7.0,8.0,4.0,13,5,3.0,5.0,4,2.0,8,3.0,10,13,4.0,6.0,7,16,10,3,14,12,13,10.0,7,5,4.0,7.0,5,3,2.0,3.0,0.0,6,12,7,9,8,9,8,7.0,5,7,10,8,14,10,16,8,3,9.0,5.0,5.0,9,14,9,4,1.0,16,4,4,9,9,5,3,5,17,7,18,9,3,9.0,9.0,1.0,36,14,12,4.0,6.0,9,4,3.0,5.0,0.0,4,4,10.0,9.0,3.0,6.0,8.0,5.0,4,3.0,4.0,24,21,8,18,14,12,5.0,8.0,5,20,15,9,17,8,15,7,5.0,9.0,3,5.0,10,8,16.0,7.0,2,1.0,12,12,12,4.0,17.0,9,1,7.0,11.0,12.0,5.0,0.0,6,3.0,1.0,11,13,15,15,1.0,14,8,16,4.0,5.0,14,11.0,11.0,12.0,3.0,2.0,6.0,3.0,5,3,5.0,7.0,5.0,5,7.0,5.0,6.0,4,5.0,6.0,4.0,4,3.0,6,6,6,5,1.0,5,2.0,5,3.0,4.0,4.0,3.0,2.0,3.0,1.0,8,8.0,0.0,20,8.0,11,8,13,15,8,20.0,4,6,6.0,7,4.0,16,9,12,15,10.0,12,8,7,12,6.0,8,11,5,6.0,3.0,7,5,4.0,5,10,4.0,2.0,8,12,16,3,8,19,7,6,2,10.0,9,4,14,1.0,0.0
archaea_archaeoglobus_chunk_13,archaea_archaeoglobus.fasta,13,archaea,23,11,11,12,13,8.0,9,7,14,9,18,8,4.0,12,4,10,11,3.0,14.0,9,3.0,3.0,2.0,10,8,8.0,7.0,2,8.0,3,6.0,6,23,6.0,25.0,9,7,6,5,15,20,15,14.0,15,2,1.0,11.0,8,5,5.0,3.0,3.0,10,6,3,6,8,8,6,4.0,3,12,11,8,11,13,10,8,4,3.0,4.0,4.0,15,8,17,2,5.0,9,7,6,5,4,5,3,4,4,4,5,5,1,6.0,3.0,5.0,10,3,8,4.0,4.0,9,5,4.0,5.0,0.0,6,6,4.0,7.0,5.0,4.0,3.0,5.0,5,14.0,2.0,10,9,5,7,20,9,10.0,5.0,7,13,5,8,17,8,23,7,8.0,0.0,5,5.0,31,14,29.0,11.0,4,1.0,13,15,12,4.0,7.0,7,7,7.0,3.0,6.0,4.0,4.0,3,4.0,5.0,7,22,15,16,3.0,25,7,13,2.0,6.0,16,14.0,11.0,12.0,6.0,4.0,4.0,4.0,20,5,4.0,3.0,0.0,4,0.0,4.0,2.0,6,5.0,10.0,1.0,2,7.0,21,14,6,5,5.0,3,12.0,7,7.0,7.0,4.0,2.0,0.0,1.0,3.0,3,2.0,3.0,14,4.0,16,8,3,3,6,5.0,4,2,6.0,8,4.0,11,13,4,12,5.0,26,12,6,10,4.0,12,11,7,10.0,6.0,2,2,2.0,11,4,10.0,0.0,6,18,2,8,17,21,10,8,7,8.0,13,9,12,5.0,1.0
archaea_archaeoglobus_chunk_14,archaea_archaeoglobus.fasta,14,archaea,4,9,7,11,11,11.0,8,8,3,8,7,7,4.0,14,6,14,6,5.0,4.0,9,10.0,7.0,3.0,15,4,4.0,2.0,6,4.0,10,5.0,3,8,2.0,9.0,1,15,13,9,9,7,4,4.0,6,3,3.0,8.0,6,1,3.0,4.0,3.0,14,13,6,19,5,4,6,7.0,6,6,6,18,12,18,12,17,4,17.0,5.0,9.0,7,20,4,5,3.0,21,10,9,10,12,3,14,9,9,7,16,8,6,3.0,8.0,4.0,32,12,19,4.0,2.0,7,4,8.0,11.0,0.0,1,5,7.0,1.0,5.0,5.0,3.0,6.0,10,4.0,7.0,35,21,2,14,11,14,7.0,9.0,6,17,8,17,10,7,6,6,4.0,1.0,2,3.0,8,13,6.0,4.0,2,1.0,4,8,10,6.0,12.0,11,8,10.0,9.0,13.0,1.0,5.0,7,4.0,0.0,8,12,15,6,3.0,7,6,7,4.0,4.0,10,3.0,6.0,2.0,0.0,1.0,6.0,3.0,6,4,1.0,9.0,3.0,10,4.0,5.0,2.0,2,9.0,6.0,3.0,3,4.0,12,10,5,4,0.0,4,5.0,6,1.0,2.0,2.0,5.0,4.0,4.0,2.0,16,2.0,5.0,33,13.0,17,9,12,15,6,23.0,3,5,6.0,6,5.0,22,12,11,11,3.0,8,4,9,12,4.0,15,7,8,4.0,5.0,8,9,3.0,7,6,6.0,2.0,12,13,18,7,15,8,13,5,8,11.0,26,8,25,2.0,0.0
archaea_archaeoglobus_chunk_15,archaea_archaeoglobus.fasta,15,archaea,16,12,16,12,10,12.0,9,8,11,8,22,7,6.0,8,10,7,13,4.0,11.0,6,2.0,6.0,4.0,11,7,11.0,13.0,4,3.0,4,6.0,8,16,5.0,17.0,7,7,9,5,15,22,11,10.0,23,2,1.0,2.0,8,10,3.0,4.0,3.0,6,6,6,3,12,8,12,1.0,3,9,5,5,15,10,12,5,8,7.0,7.0,2.0,12,15,12,2,6.0,4,4,3,8,8,4,4,3,9,4,11,9,6,2.0,3.0,7.0,11,8,13,5.0,4.0,11,9,7.0,7.0,2.0,9,14,6.0,5.0,7.0,1.0,3.0,7.0,5,12.0,3.0,9,11,11,5,12,11,9.0,6.0,6,17,5,6,18,13,14,6,7.0,2.0,9,7.0,19,10,31.0,3.0,6,1.0,18,10,15,4.0,11.0,2,8,10.0,6.0,6.0,3.0,3.0,9,2.0,9.0,9,18,11,11,11.0,21,11,11,8.0,6.0,10,10.0,7.0,5.0,5.0,7.0,6.0,11.0,17,5,4.0,3.0,1.0,4,1.0,4.0,3.0,9,3.0,8.0,6.0,4,10.0,13,12,7,5,6.0,8,9.0,2,10.0,4.0,3.0,3.0,1.0,1.0,2.0,8,1.0,2.0,6,8.0,15,5,11,2,6,11.0,10,5,8.0,7,2.0,11,6,2,19,5.0,14,8,7,6,4.0,13,8,11,7.0,6.0,3,2,6.0,9,5,6.0,1.0,6,15,12,9,10,13,8,3,7,5.0,10,8,9,6.0,0.0
archaea_archaeoglobus_chunk_16,archaea_archaeoglobus.fasta,16,archaea,10,4,20,5,3,2.0,10,6,6,15,21,7,5.0,9,6,6,5,4.0,5.0,10,4.0,3.0,5.0,5,10,7.0,8.0,8,2.0,5,4.0,7,15,3.0,12.0,11,13,12,3,16,18,14,19.0,8,7,8.0,3.0,4,8,4.0,8.0,2.0,6,7,8,9,10,11,9,5.0,2,7,6,8,10,7,8,6,4,5.0,6.0,3.0,15,13,11,2,9.0,16,7,5,8,7,6,10,5,7,6,8,8,8,10.0,3.0,2.0,10,4,11,4.0,9.0,15,8,7.0,6.0,1.0,7,10,17.0,8.0,2.0,1.0,1.0,6.0,8,6.0,4.0,4,10,4,8,8,9,7.0,5.0,6,12,14,12,14,8,15,8,8.0,5.0,8,6.0,18,13,24.0,9.0,8,2.0,17,9,12,3.0,18.0,11,13,7.0,13.0,7.0,10.0,4.0,12,0.0,6.0,4,13,22,11,12.0,19,11,10,9.0,16.0,15,17.0,12.0,17.0,7.0,3.0,1.0,8.0,13,5,5.0,3.0,3.0,5,4.0,3.0,1.0,9,5.0,6.0,2.0,2,5.0,18,6,5,2,6.0,7,9.0,5,9.0,3.0,2.0,3.0,3.0,4.0,0.0,3,5.0,3.0,6,4.0,12,6,9,9,5,7.0,8,2,7.0,5,4.0,7,9,4,15,3.0,18,6,14,13,6.0,7,8,7,9.0,8.0,5,3,5.0,6,3,10.0,1.0,2,13,9,7,6,15,15,10,7,6.0,11,9,11,4.0,0.0
archaea_archaeoglobus_chunk_17,archaea_archaeoglobus.fasta,17,archaea,9,13,8,3,7,14.0,8,11,3,11,6,7,2.0,13,4,4,7,2.0,4.0,3,9.0,6.0,6.0,14,4,6.0,4.0,6,6.0,8,8.0,12,11,2.0,4.0,2,5,9,7,11,5,8,3.0,10,3,4.0,3.0,7,6,1.0,3.0,3.0,8,6,12,11,7,6,4,12.0,3,10,6,3,5,8,8,8,1,9.0,5.0,8.0,7,13,8,2,2.0,13,7,6,6,11,9,9,12,7,3,6,8,6,17.0,5.0,1.0,15,9,21,8.0,7.0,5,6,9.0,6.0,6.0,9,8,8.0,7.0,9.0,9.0,5.0,6.0,16,4.0,11.0,5,17,12,13,9,17,7.0,10.0,4,12,16,21,12,11,9,7,6.0,9.0,5,5.0,4,4,9.0,5.0,4,2.0,9,6,7,5.0,10.0,10,3,6.0,13.0,13.0,8.0,5.0,6,8.0,5.0,12,8,9,7,6.0,6,7,7,6.0,4.0,7,6.0,4.0,1.0,7.0,7.0,8.0,8.0,11,6,10.0,11.0,3.0,2,7.0,10.0,9.0,6,8.0,6.0,5.0,10,9.0,13,14,7,8,2.0,5,2.0,3,2.0,10.0,5.0,4.0,3.0,3.0,5.0,9,9.0,6.0,9,5.0,7,6,11,9,14,13.0,5,13,5.0,17,6.0,12,18,11,13,10.0,7,6,11,14,10.0,7,7,4,7.0,9.0,11,11,8.0,12,7,2.0,1.0,12,12,17,6,14,14,11,10,15,5.0,18,15,18,3.0,0.0
archaea_archaeoglobus_chunk_18,archaea_archaeoglobus.fasta,18,archaea,16,13,11,7,6,10.0,7,9,11,5,18,6,7.0,6,9,9,5,5.0,8.0,13,3.0,9.0,2.0,8,12,3.0,11.0,5,7.0,9,6.0,7,11,7.0,23.0,7,11,9,5,8,18,12,14.0,19,3,4.0,7.0,6,9,7.0,2.0,4.0,9,8,3,3,11,10,11,8.0,9,8,6,12,7,7,6,10,8,6.0,5.0,4.0,13,9,11,3,6.0,9,8,8,7,4,2,3,2,10,10,8,10,4,7.0,7.0,3.0,6,7,9,9.0,8.0,13,7,5.0,2.0,1.0,2,9,6.0,12.0,6.0,0.0,3.0,4.0,9,13.0,2.0,14,6,7,5,13,6,3.0,4.0,3,8,13,6,18,6,18,8,10.0,3.0,10,8.0,19,17,32.0,9.0,8,3.0,16,9,8,5.0,15.0,7,5,4.0,12.0,4.0,5.0,2.0,9,2.0,5.0,8,10,8,19,8.0,22,7,11,8.0,7.0,9,21.0,11.0,17.0,5.0,10.0,8.0,5.0,13,7,3.0,6.0,5.0,6,3.0,7.0,1.0,6,3.0,9.0,2.0,3,6.0,17,8,6,5,5.0,6,7.0,3,9.0,8.0,5.0,2.0,2.0,2.0,1.0,5,7.0,9.0,10,9.0,11,8,6,7,4,5.0,10,1,7.0,2,3.0,9,3,6,11,8.0,19,15,8,6,5.0,12,8,6,11.0,6.0,8,2,4.0,6,3,4.0,3.0,11,9,5,3,12,23,12,8,6,6.0,7,13,10,3.0,0.0
archaea_archaeoglobus_chunk_19,archaea_archaeoglobus.fasta,19,archaea,24,8,27,12,8,2.0,5,11,13,10,30,15,5.0,10,7,9,11,8.0,8.0,5,0.0,1.0,3.0,9,10,4.0,9.0,5,4.0,15,4.0,5,26,3.0,22.0,8,7,3,6,13,30,7,25.0,22,4,5.0,7.0,13,8,6.0,3.0,2.0,5,6,7,5,10,3,12,2.0,2,10,5,9,6,4,12,4,6,4.0,7.0,5.0,16,7,14,5,3.0,8,3,6,2,5,3,3,4,3,2,2,4,4,3.0,2.0,2.0,5,3,8,11.0,6.0,10,3,7.0,0.0,2.0,3,14,5.0,6.0,5.0,2.0,4.0,3.0,7,5.0,5.0,7,10,11,12,11,3,6.0,4.0,3,8,11,11,33,12,22,11,5.0,4.0,11,6.0,28,11,39.0,8.0,10,0.0,12,7,10,4.0,13.0,4,3,1.0,4.0,1.0,6.0,0.0,8,3.0,2.0,5,10,10,25,10.0,31,10,11,4.0,4.0,8,20.0,8.0,12.0,7.0,6.0,6.0,12.0,15,3,6.0,1.0,4.0,7,3.0,6.0,4.0,10,2.0,7.0,7.0,6,9.0,12,15,8,2,7.0,4,12.0,3,5.0,6.0,2.0,1.0,1.0,1.0,1.0,5,5.0,4.0,3,5.0,18,8,6,6,4,6.0,10,4,10.0,6,3.0,15,7,10,16,7.0,23,8,6,2,5.0,3,12,7,4.0,5.0,2,5,5.0,7,9,9.0,1.0,4,15,3,6,14,23,8,3,6,12.0,11,12,8,1.0,0.0
archaea_archaeoglobus_chunk_20,archaea_archaeoglobus.fasta,20,archaea,12,9,7,11,11,8.0,5,7,8,6,7,8,9.0,9,7,13,3,7.0,4.0,8,10.0,8.0,5.0,4,5,2.0,3.0,9,3.0,9,3.0,10,9,7.0,5.0,8,11,3,7,7,7,3,5.0,12,5,10.0,6.0,15,6,7.0,6.0,6.0,8,11,5,14,5,4,6,8.0,6,10,7,22,7,8,7,9,5,12.0,7.0,5.0,8,11,7,15,6.0,15,5,11,10,11,9,9,8,6,5,8,6,7,2.0,12.0,4.0,10,3,12,10.0,2.0,7,12,4.0,6.0,1.0,5,2,3.0,5.0,5.0,14.0,6.0,3.0,12,2.0,9.0,11,12,9,10,6,14,1.0,8.0,6,7,13,15,6,6,11,9,3.0,3.0,4,8.0,6,5,9.0,6.0,6,6.0,9,9,9,2.0,17.0,7,5,4.0,7.0,4.0,10.0,1.0,2,6.0,5.0,5,9,10,8,4.0,7,6,4,3.0,2.0,8,11.0,4.0,6.0,3.0,5.0,3.0,4.0,11,15,3.0,11.0,5.0,6,12.0,5.0,4.0,4,5.0,5.0,7.0,5,18.0,11,14,14,8,4.0,9,3.0,4,3.0,5.0,7.0,6.0,4.0,7.0,4.0,8,2.0,12.0,9,9.0,11,13,16,9,10,13.0,10,5,8.0,8,4.0,18,14,9,5,5.0,7,4,16,8,9.0,9,5,7,8.0,3.0,10,8,8.0,10,10,3.0,6.0,6,17,13,13,17,6,19,11,13,8.0,25,18,30,4.0,1.0
archaea_archaeoglobus_chunk_21,archaea_archaeoglobus.fasta,21,archaea,18,9,14,13,3,16.0,3,11,14,10,15,1,8.0,18,6,7,9,6.0,6.0,6,10.0,5.0,13.0,18,3,3.0,4.0,3,3.0,6,7.0,5,11,7.0,10.0,8,15,9,1,12,12,4,7.0,9,5,9.0,4.0,3,7,4.0,3.0,4.0,19,10,6,13,3,6,5,7.0,3,6,7,13,15,13,12,9,11,12.0,5.0,6.0,5,14,4,7,4.0,20,4,4,9,4,7,4,3,17,12,12,11,9,14.0,13.0,3.0,27,5,18,8.0,4.0,11,4,4.0,6.0,3.0,6,6,5.0,4.0,7.0,9.0,5.0,5.0,8,3.0,3.0,13,28,7,21,7,7,4.0,9.0,6,17,7,12,12,6,10,10,7.0,11.0,3,1.0,15,10,8.0,9.0,4,0.0,9,12,11,9.0,9.0,6,3,9.0,9.0,5.0,2.0,3.0,3,4.0,4.0,12,4,7,11,5.0,12,8,7,4.0,3.0,5,12.0,4.0,7.0,3.0,6.0,5.0,6.0,7,7,5.0,7.0,6.0,9,3.0,5.0,9.0,6,2.0,8.0,4.0,2,2.0,10,8,9,5,4.0,7,6.0,7,2.0,3.0,2.0,3.0,5.0,4.0,2.0,9,2.0,6.0,20,15.0,8,16,8,13,13,18.0,11,4,1.0,7,3.0,24,11,12,8,6.0,9,5,9,7,5.0,4,6,6,8.0,5.0,5,7,5.0,5,4,6.0,4.0,6,18,11,5,7,12,10,8,2,9.0,16,8,12,7.0,0.0
archaea_archaeoglobus_chunk_22,archaea_archaeoglobus.fasta,22,archaea,17,6,12,17,7,8.0,5,9,13,7,17,7,4.0,15,5,15,10,3.0,6.0,6,10.0,3.0,3.0,7,9,8.0,8.0,10,1.0,9,5.0,7,18,2.0,19.0,4,7,3,5,7,14,11,13.0,8,7,3.0,6.0,8,5,3.0,2.0,5.0,7,11,7,7,7,10,8,8.0,5,15,4,9,9,13,9,8,4,9.0,14.0,6.0,10,7,13,3,2.0,11,10,10,9,8,6,12,8,2,5,6,7,6,6.0,5.0,3.0,10,6,12,10.0,9.0,4,5,6.0,7.0,1.0,2,8,5.0,5.0,5.0,7.0,9.0,6.0,7,4.0,4.0,12,13,6,11,10,6,3.0,8.0,4,21,7,16,19,5,19,8,9.0,3.0,7,4.0,17,6,14.0,12.0,5,0.0,10,5,12,10.0,8.0,4,7,4.0,10.0,4.0,4.0,1.0,6,5.0,1.0,7,7,12,8,6.0,15,6,9,8.0,4.0,12,6.0,8.0,10.0,9.0,4.0,9.0,14.0,7,6,9.0,4.0,5.0,5,5.0,5.0,9.0,5,7.0,16.0,4.0,5,6.0,7,13,7,4,4.0,6,5.0,3,9.0,3.0,3.0,2.0,2.0,2.0,4.0,6,8.0,3.0,8,12.0,13,11,10,12,6,14.0,8,1,3.0,9,6.0,16,9,17,15,6.0,11,5,12,7,6.0,6,8,9,5.0,12.0,6,3,6.0,9,7,4.0,3.0,7,20,13,3,21,15,8,7,4,7.0,15,16,14,3.0,0.0
archaea_archaeoglobus_chunk_23,archaea_archaeoglobus.fasta,23,archaea,14,10,8,4,8,4.0,6,11,5,7,13,7,1.0,7,7,4,11,3.0,8.0,6,4.0,1.0,2.0,5,7,8.0,5.0,5,6.0,8,13.0,8,8,2.0,16.0,3,9,8,11,13,16,12,12.0,10,4,6.0,6.0,11,5,5.0,9.0,5.0,9,4,4,7,8,4,10,4.0,2,6,7,6,10,9,6,7,7,4.0,5.0,8.0,7,17,9,4,6.0,10,6,6,5,5,6,10,3,4,3,3,7,4,3.0,4.0,4.0,7,4,15,3.0,7.0,10,5,3.0,11.0,0.0,6,8,15.0,6.0,9.0,1.0,8.0,4.0,14,18.0,3.0,6,8,15,10,16,12,14.0,4.0,2,23,13,11,8,7,14,4,3.0,0.0,5,5.0,16,14,25.0,9.0,14,0.0,10,9,8,7.0,12.0,5,16,4.0,8.0,12.0,5.0,4.0,6,5.0,8.0,15,12,16,11,2.0,25,12,10,11.0,8.0,22,12.0,11.0,6.0,3.0,6.0,6.0,7.0,10,4,3.0,2.0,4.0,9,4.0,10.0,6.0,6,0.0,12.0,4.0,5,12.0,11,14,4,3,4.0,4,10.0,4,9.0,11.0,1.0,3.0,3.0,7.0,3.0,7,3.0,2.0,8,9.0,11,7,3,4,5,10.0,6,4,24.0,13,4.0,9,17,10,11,2.0,13,13,10,10,1.0,10,15,13,8.0,7.0,2,9,5.0,7,5,8.0,3.0,3,11,6,18,16,9,15,7,11,10.0,10,11,10,1.0,0.0
archaea_archaeoglobus_chunk_24,archaea_archaeoglobus.fasta,24,archaea,8,8,15,8,6,7.0,8,6,13,19,19,10,7.0,6,9,9,5,5.0,12.0,6,6.0,9.0,4.0,5,12,3.0,8.0,2,4.0,4,5.0,6,18,8.0,21.0,13,16,4,9,26,20,13,21.0,10,5,4.0,12.0,6,8,5.0,8.0,3.0,7,5,3,5,8,9,8,4.0,5,8,11,8,6,8,9,9,2,8.0,3.0,4.0,12,13,20,8,6.0,9,5,8,9,1,6,6,2,4,10,5,11,4,5.0,6.0,5.0,4,7,5,10.0,7.0,16,6,3.0,6.0,0.0,1,6,9.0,5.0,2.0,4.0,3.0,2.0,3,9.0,3.0,17,3,5,5,13,11,8.0,6.0,4,7,8,9,18,8,28,7,13.0,5.0,4,4.0,32,18,22.0,7.0,9,2.0,12,11,10,3.0,18.0,10,12,4.0,8.0,6.0,9.0,1.0,7,1.0,4.0,17,16,14,18,6.0,26,8,14,9.0,4.0,11,17.0,8.0,10.0,6.0,4.0,4.0,9.0,12,8,4.0,2.0,1.0,6,5.0,1.0,2.0,7,6.0,14.0,4.0,7,6.0,11,4,7,3,9.0,7,7.0,4,10.0,5.0,3.0,5.0,3.0,2.0,2.0,2,3.0,4.0,8,8.0,17,6,2,4,4,5.0,7,2,2.0,3,3.0,5,10,3,15,5.0,16,7,8,11,5.0,13,15,8,5.0,11.0,2,3,8.0,7,7,8.0,2.0,4,9,2,6,9,15,11,9,6,5.0,5,11,10,3.0,1.0
archaea_archaeoglobus_chunk_25,archaea_archaeoglobus.fasta,25,archaea,16,8,16,12,1,7.0,14,5,17,18,18,6,9.0,8,3,11,5,4.0,3.0,10,5.0,4.0,9.0,10,16,5.0,11.0,8,3.0,6,4.0,5,20,11.0,23.0,5,12,10,11,12,15,16,17.0,8,4,3.0,4.0,13,11,6.0,9.0,2.0,4,5,3,3,6,7,4,2.0,6,5,7,5,5,7,13,6,7,8.0,6.0,3.0,8,7,8,4,11.0,6,6,2,5,4,5,6,3,5,11,3,11,9,14.0,6.0,3.0,8,9,8,10.0,11.0,17,7,6.0,7.0,2.0,6,13,11.0,11.0,6.0,5.0,6.0,6.0,8,7.0,1.0,7,4,11,7,11,6,6.0,8.0,3,12,11,9,19,6,22,10,7.0,11.0,10,7.0,30,15,26.0,11.0,6,0.0,8,7,11,10.0,13.0,5,9,8.0,15.0,9.0,5.0,3.0,11,5.0,4.0,5,11,15,15,9.0,25,4,15,14.0,7.0,11,14.0,15.0,19.0,6.0,1.0,5.0,7.0,9,7,3.0,2.0,1.0,5,7.0,4.0,1.0,6,4.0,9.0,1.0,8,13.0,6,8,12,6,8.0,3,7.0,2,10.0,3.0,4.0,5.0,4.0,3.0,2.0,1,2.0,3.0,10,6.0,6,4,3,5,5,6.0,13,4,5.0,6,2.0,10,7,7,12,4.0,17,5,6,10,4.0,6,11,5,7.0,2.0,3,3,3.0,5,8,6.0,4.0,4,10,3,10,14,16,9,6,3,5.0,7,10,8,3.0,1.0
archaea_archaeoglobus_chunk_26,archaea_archaeoglobus.fasta,26,archaea,13,12,7,12,7,12.0,6,18,5,13,2,7,8.0,11,3,17,6,3.0,5.0,7,7.0,6.0,2.0,12,4,4.0,2.0,3,7.0,15,3.0,12,3,2.0,6.0,8,11,7,4,17,8,2,0.0,2,10,4.0,2.0,7,8,4.0,5.0,10.0,13,12,6,14,2,5,2,6.0,13,13,6,24,12,16,10,9,5,8.0,3.0,11.0,7,15,6,3,7.0,13,1,8,12,12,9,9,6,13,3,14,2,1,1.0,5.0,6.0,22,9,19,8.0,2.0,3,5,3.0,2.0,2.0,2,3,1.0,1.0,4.0,7.0,7.0,2.0,6,3.0,8.0,14,27,7,36,11,13,4.0,9.0,6,27,7,27,9,5,6,6,3.0,2.0,1,4.0,2,7,0.0,9.0,5,4.0,8,12,7,5.0,5.0,4,7,3.0,0.0,9.0,3.0,2.0,2,2.0,1.0,18,5,9,2,2.0,6,6,2,1.0,0.0,1,1.0,0.0,0.0,2.0,5.0,1.0,3.0,5,10,5.0,3.0,13.0,4,2.0,3.0,6.0,3,2.0,2.0,1.0,2,7.0,8,10,10,10,4.0,12,6.0,5,3.0,4.0,5.0,4.0,4.0,4.0,7.0,17,3.0,19.0,22,7.0,12,9,22,14,4,21.0,9,2,4.0,12,9.0,29,20,27,13,4.0,3,10,5,9,3.0,13,4,1,2.0,6.0,9,3,1.0,9,9,6.0,6.0,15,19,20,11,29,14,10,5,6,15.0,32,14,35,9.0,3.0
archaea_archaeoglobus_chunk_27,archaea_archaeoglobus.fasta,27,archaea,22,9,18,10,7,12.0,10,3,9,11,15,7,5.0,8,4,12,11,12.0,4.0,16,9.0,7.0,8.0,8,7,7.0,2.0,11,7.0,6,12.0,9,9,3.0,9.0,2,7,9,5,10,21,7,9.0,8,8,3.0,3.0,13,6,3.0,5.0,3.0,6,2,9,7,12,8,6,0.0,6,12,3,8,12,12,6,7,11,10.0,6.0,15.0,6,6,9,6,5.0,9,8,5,8,9,2,3,2,10,5,15,9,10,5.0,4.0,3.0,11,12,13,9.0,8.0,7,7,7.0,9.0,3.0,3,8,2.0,2.0,9.0,9.0,5.0,3.0,13,12.0,5.0,11,10,7,12,10,25,7.0,6.0,8,12,5,14,13,5,11,6,10.0,7.0,6,7.0,4,11,18.0,7.0,4,1.0,11,8,7,10.0,11.0,4,7,9.0,9.0,6.0,7.0,1.0,8,7.0,6.0,10,12,10,7,6.0,16,10,4,3.0,7.0,12,5.0,5.0,4.0,6.0,6.0,3.0,8.0,7,9,10.0,8.0,1.0,3,2.0,6.0,2.0,5,5.0,5.0,3.0,3,9.0,17,12,12,6,7.0,6,15.0,3,5.0,9.0,4.0,3.0,3.0,7.0,3.0,6,3.0,4.0,11,11.0,10,4,4,6,6,10.0,8,4,6.0,8,7.0,13,12,7,10,13.0,8,6,14,10,8.0,13,5,12,5.0,1.0,5,2,4.0,8,10,7.0,4.0,6,16,12,4,18,10,7,5,10,10.0,17,7,17,6.0,0.0
archaea_archaeoglobus_chunk_28,archaea_archaeoglobus.fasta,28,archaea,14,5,18,13,7,8.0,8,6,16,10,19,10,7.0,7,4,7,7,7.0,6.0,8,8.0,6.0,5.0,7,14,7.0,11.0,5,3.0,7,3.0,8,19,3.0,12.0,14,8,7,7,10,20,12,10.0,12,5,1.0,6.0,10,11,4.0,6.0,7.0,8,6,10,3,8,5,6,5.0,2,10,10,13,10,10,6,2,9,10.0,6.0,5.0,11,8,12,1,5.0,12,3,6,7,12,7,8,14,8,7,8,15,4,7.0,4.0,3.0,10,4,8,12.0,8.0,16,11,5.0,6.0,1.0,5,10,5.0,9.0,8.0,4.0,5.0,2.0,4,8.0,3.0,6,10,6,9,15,8,6.0,0.0,2,7,12,13,18,11,26,5,7.0,6.0,13,6.0,18,11,22.0,9.0,10,2.0,10,17,9,5.0,12.0,4,7,7.0,8.0,2.0,13.0,1.0,7,1.0,5.0,6,16,10,13,10.0,24,6,10,5.0,9.0,13,15.0,7.0,12.0,4.0,3.0,3.0,9.0,10,4,6.0,1.0,6.0,5,2.0,1.0,3.0,2,4.0,8.0,4.0,3,8.0,14,10,8,3,5.0,5,5.0,2,10.0,4.0,3.0,3.0,1.0,2.0,6.0,6,7.0,5.0,6,6.0,7,6,5,16,10,8.0,5,5,7.0,5,3.0,8,6,7,16,11.0,8,8,7,6,5.0,9,8,13,7.0,1.0,5,2,1.0,11,4,3.0,1.0,8,6,21,5,9,18,10,9,10,9.0,16,11,14,2.0,1.0
archaea_archaeoglobus_chunk_29,archaea_archaeoglobus.fasta,29,archaea,10,13,3,10,10,18.0,10,12,7,8,4,6,4.0,15,3,9,5,7.0,14.0,6,7.0,6.0,4.0,16,3,4.0,5.0,6,3.0,9,4.0,8,7,3.0,12.0,4,11,13,3,17,7,7,9.0,4,5,6.0,1.0,9,12,1.0,1.0,5.0,10,12,5,8,4,8,6,9.0,1,9,6,6,9,21,8,10,13,10.0,5.0,6.0,8,21,11,10,5.0,13,10,4,10,10,12,3,11,17,12,13,8,14,5.0,5.0,4.0,28,12,23,0.0,8.0,5,6,9.0,10.0,2.0,5,7,6.0,2.0,2.0,4.0,6.0,6.0,7,0.0,7.0,27,18,13,16,11,11,5.0,4.0,2,28,14,16,11,6,7,5,7.0,3.0,3,3.0,11,10,9.0,4.0,6,1.0,8,6,8,10.0,15.0,10,9,11.0,5.0,19.0,4.0,2.0,2,3.0,2.0,16,8,12,8,3.0,12,6,10,9.0,4.0,8,9.0,8.0,8.0,4.0,4.0,3.0,4.0,1,5,6.0,6.0,4.0,8,5.0,4.0,4.0,3,3.0,4.0,5.0,6,3.0,7,4,6,10,7.0,6,2.0,2,0.0,3.0,0.0,5.0,3.0,1.0,4.0,7,6.0,3.0,25,7.0,9,13,8,19,11,19.0,4,6,5.0,9,3.0,20,7,17,14,2.0,5,5,13,12,2.0,8,6,10,10.0,2.0,8,6,4.0,3,8,0.0,1.0,4,9,22,2,19,8,13,13,3,4.0,12,10,15,4.0,1.0
archaea_archaeoglobus_chunk_30,archaea_archaeoglobus.fasta,30,archaea,11,10,8,14,12,15.0,1,4,6,10,15,8,8.0,9,7,7,10,4.0,3.0,11,10.0,10.0,8.0,14,5,3.0,4.0,5,3.0,9,4.0,6,9,4.0,11.0,3,8,11,7,13,13,9,6.0,11,9,3.0,5.0,3,3,8.0,4.0,6.0,11,10,5,8,7,8,8,14.0,5,11,10,7,14,10,12,10,6,12.0,5.0,5.0,10,14,6,3,6.0,15,14,8,7,12,10,5,10,6,5,15,6,10,4.0,6.0,6.0,20,11,13,7.0,2.0,8,7,6.0,9.0,3.0,9,8,7.0,4.0,1.0,5.0,2.0,3.0,11,9.0,5.0,16,12,13,14,14,12,5.0,11.0,6,13,14,2,10,8,13,7,3.0,6.0,4,4.0,7,10,16.0,6.0,3,2.0,12,11,10,4.0,9.0,18,3,13.0,7.0,12.0,7.0,4.0,7,5.0,0.0,14,15,8,8,5.0,13,10,12,7.0,6.0,9,5.0,9.0,3.0,2.0,8.0,3.0,7.0,2,9,10.0,8.0,5.0,8,3.0,5.0,4.0,4,7.0,8.0,5.0,4,7.0,9,5,8,4,6.0,1,7.0,9,7.0,8.0,4.0,5.0,2.0,3.0,4.0,8,4.0,7.0,19,8.0,11,9,11,7,6,9.0,6,10,5.0,5,7.0,12,12,8,14,6.0,7,8,15,8,7.0,6,10,9,6.0,6.0,10,12,9.0,9,5,4.0,2.0,7,12,8,3,13,10,9,10,10,3.0,5,6,8,2.0,0.0
archaea_archaeoglobus_chunk_31,archaea_archaeoglobus.fasta,31,archaea,36,8,21,12,8,7.0,9,12,16,11,22,9,9.0,11,6,14,12,4.0,8.0,9,9.0,2.0,3.0,9,6,6.0,6.0,7,7.0,5,9.0,9,22,8.0,19.0,14,5,4,2,20,23,10,17.0,10,6,3.0,9.0,8,11,9.0,8.0,5.0,11,3,8,6,5,4,7,9.0,4,8,10,11,9,12,6,8,6,4.0,4.0,9.0,13,3,8,6,7.0,8,5,7,7,4,9,7,5,3,8,5,9,3,3.0,0.0,4.0,3,5,4,11.0,5.0,11,3,2.0,3.0,2.0,4,8,1.0,3.0,2.0,4.0,2.0,3.0,5,11.0,2.0,5,3,2,10,8,8,12.0,7.0,11,13,6,7,21,12,22,11,8.0,3.0,7,3.0,28,14,27.0,4.0,12,4.0,8,10,5,7.0,5.0,3,6,8.0,2.0,2.0,4.0,1.0,3,3.0,3.0,6,16,14,11,6.0,27,15,6,6.0,5.0,9,15.0,6.0,7.0,8.0,4.0,3.0,10.0,13,8,3.0,4.0,3.0,4,1.0,3.0,4.0,9,3.0,15.0,6.0,7,10.0,13,6,11,4,9.0,9,11.0,9,5.0,6.0,6.0,3.0,3.0,7.0,5.0,5,6.0,2.0,11,8.0,8,8,7,8,2,0.0,11,1,2.0,5,5.0,6,5,10,22,2.0,16,2,7,5,2.0,6,13,9,8.0,10.0,4,4,11.0,10,9,8.0,6.0,8,15,10,6,6,20,5,6,7,9.0,6,9,11,5.0,1.0
archaea_archaeoglobus_chunk_32,archaea_archaeoglobus.fasta,32,archaea,28,15,21,17,12,7.0,6,11,17,14,22,5,14.0,6,10,9,6,3.0,9.0,9,9.0,3.0,1.0,3,10,3.0,4.0,5,2.0,6,9.0,3,33,1.0,18.0,16,6,12,5,14,34,5,16.0,10,8,1.0,6.0,11,11,15.0,19.0,4.0,11,9,6,8,16,7,5,3.0,11,10,9,10,12,4,6,7,4,3.0,2.0,0.0,17,6,20,8,10.0,7,7,6,7,3,8,8,3,3,2,7,1,3,0.0,1.0,2.0,10,9,2,7.0,5.0,2,10,4.0,3.0,0.0,3,6,1.0,2.0,4.0,4.0,1.0,1.0,7,5.0,1.0,10,7,12,7,12,5,15.0,6.0,5,6,7,5,26,10,25,11,3.0,2.0,5,0.0,24,11,18.0,11.0,21,13.0,12,17,6,0.0,15.0,5,6,3.0,1.0,7.0,3.0,0.0,5,1.0,3.0,7,14,12,17,3.0,28,19,7,1.0,1.0,12,14.0,7.0,9.0,6.0,4.0,0.0,7.0,12,8,1.0,3.0,7.0,4,0.0,0.0,0.0,6,2.0,4.0,2.0,8,13.0,12,7,15,7,6.0,4,8.0,4,9.0,9.0,10.0,6.0,5.0,2.0,4.0,8,1.0,8.0,10,3.0,19,8,8,6,1,6.0,10,4,4.0,6,4.0,13,6,6,15,1.0,16,18,9,1,3.0,7,13,8,9.0,3.0,3,2,0.0,10,8,9.0,1.0,9,15,5,6,14,16,7,9,4,3.0,11,8,8,5.0,0.0
archaea_archaeoglobus_chunk_33,archaea_archaeoglobus.fasta,33,archaea,25,4,27,14,7,9.0,5,8,17,22,11,9,6.0,13,10,8,5,0.0,9.0,4,6.0,0.0,8.0,13,6,2.0,1.0,2,4.0,5,9.0,6,26,5.0,18.0,10,14,14,7,16,10,10,12.0,9,5,9.0,3.0,4,7,5.0,6.0,3.0,13,9,5,8,7,7,7,5.0,12,6,4,12,9,9,7,13,2,6.0,3.0,9.0,13,15,10,6,6.0,8,5,13,5,9,11,11,6,11,4,10,7,3,3.0,12.0,2.0,25,9,14,8.0,2.0,12,4,4.0,2.0,0.0,5,3,7.0,2.0,4.0,12.0,6.0,5.0,4,3.0,4.0,15,21,6,15,15,20,5.0,4.0,4,10,8,12,26,11,19,7,6.0,4.0,2,4.0,23,6,14.0,5.0,6,3.0,5,8,17,2.0,10.0,7,7,8.0,7.0,11.0,5.0,2.0,9,6.0,3.0,15,16,5,12,3.0,10,3,8,8.0,9.0,8,8.0,8.0,1.0,0.0,4.0,4.0,6.0,3,6,3.0,11.0,6.0,6,7.0,6.0,4.0,8,5.0,4.0,2.0,2,5.0,2,6,10,5,6.0,3,3.0,8,1.0,3.0,6.0,8.0,6.0,1.0,3.0,11,6.0,5.0,11,10.0,13,10,17,12,6,16.0,8,4,3.0,7,3.0,12,10,9,17,6.0,8,5,10,9,6.0,10,7,8,2.0,4.0,5,4,5.0,4,7,4.0,3.0,12,10,14,5,7,6,3,5,7,8.0,15,7,15,4.0,1.0
archaea_archaeoglobus_chunk_34,archaea_archaeoglobus.fasta,34,archaea,8,6,7,9,7,9.0,6,5,10,12,24,4,2.0,7,9,4,7,7.0,7.0,7,9.0,7.0,6.0,6,7,3.0,4.0,4,3.0,3,7.0,7,18,4.0,11.0,9,11,9,7,10,20,19,20.0,9,3,2.0,5.0,11,6,3.0,3.0,2.0,6,7,6,7,10,14,12,6.0,2,8,5,5,6,11,10,5,7,10.0,4.0,6.0,7,8,15,4,4.0,12,8,6,4,9,3,8,7,11,2,9,8,5,3.0,3.0,2.0,8,5,15,7.0,4.0,12,9,2.0,5.0,1.0,7,4,4.0,7.0,6.0,1.0,6.0,2.0,8,6.0,2.0,9,4,12,11,12,12,7.0,9.0,5,14,8,15,12,5,27,5,7.0,3.0,6,2.0,21,16,27.0,13.0,8,2.0,19,9,11,4.0,15.0,9,5,5.0,7.0,9.0,5.0,3.0,9,2.0,6.0,9,17,14,12,3.0,25,16,11,7.0,6.0,16,20.0,12.0,19.0,4.0,4.0,3.0,13.0,9,1,4.0,3.0,3.0,4,1.0,5.0,6.0,9,4.0,8.0,2.0,5,9.0,19,11,4,5,6.0,3,7.0,6,2.0,7.0,4.0,1.0,2.0,0.0,0.0,5,6.0,1.0,10,7.0,8,6,3,6,4,6.0,12,4,5.0,8,2.0,16,12,6,12,7.0,29,4,15,5,5.0,13,12,5,9.0,10.0,3,5,3.0,16,7,9.0,0.0,5,12,7,6,12,21,8,9,10,9.0,6,16,13,4.0,1.0
archaea_archaeoglobus_chunk_35,archaea_archaeoglobus.fasta,35,archaea,3,5,6,4,8,4.0,6,6,6,15,8,6,2.0,12,4,9,4,2.0,5.0,5,6.0,1.0,8.0,8,4,4.0,1.0,4,1.0,10,4.0,6,9,4.0,10.0,3,12,9,6,16,8,7,5.0,10,4,11.0,2.0,7,4,3.0,1.0,5.0,10,6,7,13,5,9,3,6.0,4,8,2,11,6,7,8,14,2,9.0,3.0,6.0,10,15,11,8,3.0,14,5,4,9,6,9,9,10,10,2,15,4,6,5.0,11.0,1.0,23,16,29,4.0,5.0,7,8,5.0,11.0,1.0,10,4,4.0,4.0,3.0,5.0,19.0,1.0,3,0.0,2.0,15,20,15,26,10,11,8.0,12.0,6,29,15,33,3,7,14,3,3.0,8.0,3,5.0,8,8,9.0,7.0,7,5.0,5,6,8,5.0,11.0,6,7,11.0,6.0,17.0,6.0,1.0,1,2.0,3.0,14,6,21,8,0.0,6,8,6,7.0,1.0,8,3.0,4.0,1.0,3.0,2.0,9.0,3.0,4,6,4.0,8.0,3.0,7,15.0,13.0,12.0,6,1.0,1.0,6.0,4,7.0,7,4,6,5,7.0,6,3.0,2,1.0,4.0,2.0,5.0,2.0,3.0,1.0,5,9.0,6.0,14,7.0,19,6,10,15,10,29.0,10,16,8.0,11,4.0,29,15,26,6,10.0,9,4,7,14,2.0,10,7,7,1.0,2.0,10,8,8.0,8,7,3.0,3.0,11,14,23,10,23,8,12,5,10,11.0,26,11,18,7.0,0.0
archaea_archaeoglobus_chunk_36,archaea_archaeoglobus.fasta,36,archaea,9,5,3,9,4,8.0,9,5,2,10,8,4,4.0,6,6,1,2,2.0,5.0,7,5.0,8.0,7.0,8,6,3.0,5.0,11,3.0,11,2.0,6,5,3.0,10.0,3,13,15,9,12,6,6,7.0,8,6,7.0,6.0,11,2,2.0,2.0,3.0,7,11,5,7,7,5,5,9.0,4,8,5,8,7,9,4,1,5,12.0,9.0,5.0,11,16,8,10,3.0,11,5,9,6,11,17,8,11,10,6,18,10,12,8.0,7.0,2.0,30,13,14,10.0,4.0,14,7,3.0,13.0,3.0,8,5,5.0,7.0,12.0,9.0,8.0,5.0,9,0.0,10.0,7,28,11,27,12,8,8.0,7.0,4,17,10,12,3,10,15,5,6.0,4.0,5,4.0,6,19,10.0,8.0,1,2.0,11,7,4,9.0,13.0,9,14,3.0,13.0,14.0,11.0,3.0,6,4.0,2.0,16,8,7,7,4.0,7,6,9,4.0,9.0,4,6.0,9.0,4.0,5.0,7.0,7.0,7.0,11,8,8.0,13.0,5.0,7,6.0,12.0,4.0,4,9.0,5.0,5.0,1,9.0,16,11,7,2,2.0,2,1.0,4,2.0,8.0,2.0,4.0,1.0,8.0,1.0,11,4.0,8.0,9,9.0,10,4,12,24,11,19.0,8,9,10.0,9,4.0,16,12,16,11,8.0,12,5,10,12,3.0,8,7,6,6.0,7.0,12,7,5.0,6,2,5.0,0.0,6,11,21,8,10,13,11,8,9,4.0,16,10,15,1.0,0.0
archaea_archaeoglobus_chunk_37,archaea_archaeoglobus.fasta,37,archaea,9,13,9,7,3,14.0,8,10,7,16,8,6,2.0,14,10,5,5,1.0,6.0,4,12.0,4.0,5.0,17,7,4.0,7.0,5,1.0,5,4.0,6,9,5.0,15.0,4,15,13,9,17,5,11,11.0,8,5,2.0,5.0,7,8,0.0,2.0,1.0,7,9,7,7,4,11,8,6.0,3,9,6,8,8,11,11,11,5,13.0,9.0,2.0,11,15,11,5,5.0,11,6,5,4,13,15,7,10,4,4,11,4,4,8.0,2.0,0.0,18,18,20,6.0,2.0,10,8,6.0,3.0,1.0,5,5,9.0,9.0,5.0,7.0,3.0,2.0,5,8.0,2.0,13,17,5,12,20,13,8.0,6.0,4,14,17,15,10,8,13,10,4.0,8.0,2,2.0,12,17,12.0,8.0,3,1.0,10,10,13,8.0,13.0,10,7,7.0,2.0,13.0,8.0,2.0,10,4.0,4.0,18,13,15,12,3.0,14,5,11,6.0,7.0,12,12.0,11.0,12.0,9.0,1.0,5.0,11.0,12,7,3.0,4.0,6.0,4,5.0,2.0,2.0,4,6.0,9.0,6.0,3,8.0,7,12,11,3,4.0,3,4.0,3,4.0,2.0,2.0,6.0,4.0,0.0,1.0,4,3.0,6.0,19,7.0,8,6,10,14,7,15.0,7,5,3.0,6,7.0,6,12,9,14,6.0,11,7,12,7,7.0,16,12,5,12.0,7.0,7,3,7.0,6,4,2.0,6.0,5,16,15,7,13,10,12,11,5,7.0,20,8,14,2.0,0.0
archaea_archaeoglobus_chunk_38,archaea_archaeoglobus.fasta,38,archaea,19,10,16,10,6,8.0,4,13,10,10,11,6,1.0,9,7,7,2,5.0,4.0,6,6.0,5.0,8.0,10,7,1.0,5.0,7,3.0,10,1.0,5,13,3.0,15.0,4,9,4,9,17,11,13,8.0,8,5,4.0,4.0,6,6,0.0,3.0,4.0,5,9,11,11,9,8,7,5.0,5,8,4,9,10,7,5,6,6,13.0,7.0,3.0,7,10,10,2,7.0,14,3,5,6,8,7,6,9,24,8,15,14,11,3.0,6.0,0.0,27,6,10,11.0,4.0,13,14,8.0,11.0,1.0,12,5,4.0,7.0,6.0,6.0,9.0,2.0,5,2.0,4.0,14,21,14,19,16,8,8.0,6.0,4,18,6,15,15,11,11,6,5.0,4.0,7,3.0,15,17,17.0,6.0,4,3.0,13,11,9,5.0,14.0,9,4,8.0,9.0,5.0,6.0,5.0,7,1.0,5.0,14,16,11,9,3.0,11,7,13,4.0,4.0,8,9.0,4.0,3.0,5.0,2.0,6.0,10.0,7,9,1.0,4.0,5.0,7,6.0,7.0,5.0,5,6.0,4.0,5.0,5,6.0,7,9,11,3,5.0,2,0.0,4,2.0,0.0,3.0,2.0,2.0,5.0,1.0,10,6.0,3.0,11,11.0,4,8,9,19,9,13.0,15,15,7.0,8,0.0,17,15,17,10,9.0,16,6,7,7,5.0,9,5,8,3.0,6.0,6,6,4.0,9,4,3.0,5.0,7,8,14,13,14,11,6,3,9,4.0,17,12,23,2.0,0.0
archaea_archaeoglobus_chunk_39,archaea_archaeoglobus.fasta,39,archaea,27,15,27,21,13,7.0,3,11,22,13,20,2,16.0,11,8,21,11,5.0,8.0,7,5.0,4.0,3.0,6,4,1.0,2.0,2,3.0,5,6.0,13,25,1.0,13.0,12,7,9,3,11,21,8,6.0,8,7,3.0,0.0,16,10,9.0,9.0,17.0,13,3,6,8,19,2,7,2.0,8,17,17,20,15,10,6,11,7,3.0,2.0,6.0,8,7,11,14,7.0,5,4,7,10,5,5,6,5,1,2,7,2,3,2.0,1.0,2.0,6,2,6,5.0,0.0,2,6,3.0,1.0,0.0,2,7,0.0,2.0,1.0,4.0,3.0,2.0,4,4.0,5.0,11,2,1,17,7,9,7.0,5.0,11,11,6,18,30,5,18,17,3.0,3.0,1,1.0,17,6,6.0,7.0,15,2.0,11,18,6,4.0,12.0,3,11,5.0,2.0,0.0,2.0,1.0,2,1.0,3.0,7,9,12,22,0.0,15,11,6,4.0,0.0,7,7.0,4.0,2.0,2.0,2.0,1.0,7.0,7,6,3.0,2.0,8.0,3,1.0,3.0,4.0,4,4.0,4.0,2.0,7,6.0,11,13,18,4,6.0,7,8.0,5,3.0,9.0,4.0,4.0,6.0,3.0,7.0,12,7.0,16.0,15,4.0,15,7,6,5,1,3.0,5,1,4.0,9,9.0,13,11,15,18,7.0,6,17,9,4,3.0,11,13,5,5.0,6.0,6,4,5.0,9,11,9.0,6.0,12,14,9,9,19,18,12,11,15,12.0,17,22,22,8.0,0.0
archaea_archaeoglobus_chunk_40,archaea_archaeoglobus.fasta,40,archaea,21,8,25,10,6,9.0,8,5,18,10,25,7,5.0,4,3,14,6,3.0,12.0,10,5.0,7.0,6.0,10,11,3.0,7.0,6,1.0,5,3.0,6,22,9.0,33.0,12,11,7,6,6,22,16,16.0,15,4,4.0,4.0,12,8,3.0,4.0,7.0,3,9,5,6,6,5,6,6.0,5,10,11,8,9,4,9,4,10,7.0,4.0,3.0,21,10,11,1,6.0,9,7,6,4,7,6,6,4,4,5,10,8,4,5.0,1.0,1.0,10,7,10,9.0,8.0,16,5,5.0,2.0,1.0,9,8,5.0,6.0,5.0,1.0,6.0,6.0,8,3.0,3.0,10,5,9,6,10,7,6.0,6.0,4,8,8,7,27,7,20,9,12.0,6.0,9,6.0,31,10,32.0,13.0,6,3.0,12,11,11,6.0,13.0,7,6,8.0,4.0,4.0,6.0,3.0,7,7.0,2.0,6,11,7,19,8.0,17,12,13,3.0,9.0,6,16.0,7.0,8.0,5.0,5.0,2.0,7.0,16,8,1.0,1.0,3.0,3,2.0,9.0,1.0,7,5.0,9.0,1.0,8,13.0,10,14,7,9,6.0,3,3.0,6,6.0,1.0,6.0,1.0,1.0,3.0,5.0,7,1.0,3.0,5,8.0,12,5,8,4,3,4.0,13,7,5.0,7,5.0,9,8,4,13,8.0,19,3,8,10,7.0,5,10,3,6.0,5.0,3,3,5.0,9,7,9.0,5.0,3,14,3,9,13,20,13,3,7,7.0,8,14,12,2.0,1.0
archaea_archaeoglobus_chunk_41,archaea_archaeoglobus.fasta,41,archaea,14,4,15,15,4,3.0,11,8,9,11,20,7,6.0,11,6,15,5,1.0,7.0,1,2.0,1.0,0.0,7,4,3.0,11.0,7,3.0,7,10.0,8,12,2.0,12.0,8,6,8,9,16,14,9,19.0,12,9,9.0,5.0,5,10,2.0,7.0,1.0,14,2,12,6,4,8,10,4.0,3,7,12,12,10,6,13,4,2,1.0,3.0,4.0,5,13,9,6,2.0,15,3,4,3,3,4,5,1,6,2,8,3,2,7.0,3.0,2.0,11,10,9,4.0,3.0,12,5,3.0,3.0,0.0,3,13,4.0,6.0,7.0,6.0,6.0,4.0,10,5.0,4.0,12,14,8,5,19,14,5.0,7.0,7,13,8,13,16,10,14,9,4.0,3.0,5,8.0,12,12,23.0,12.0,7,5.0,13,11,10,3.0,5.0,6,5,4.0,9.0,6.0,6.0,0.0,7,3.0,1.0,8,17,14,20,7.0,16,9,8,3.0,3.0,5,14.0,3.0,8.0,14.0,7.0,4.0,13.0,16,12,6.0,8.0,4.0,10,2.0,7.0,5.0,10,6.0,8.0,8.0,6,9.0,17,9,8,6,4.0,10,4.0,3,6.0,8.0,8.0,3.0,2.0,3.0,5.0,3,4.0,4.0,15,3.0,17,12,7,6,4,11.0,11,4,5.0,13,4.0,13,8,10,13,8.0,19,14,7,10,4.0,16,11,3,6.0,7.0,8,5,10.0,10,5,8.0,1.0,7,11,10,6,19,22,9,4,14,5.0,17,12,19,1.0,0.0
archaea_archaeoglobus_chunk_42,archaea_archaeoglobus.fasta,42,archaea,15,7,8,12,15,15.0,8,7,5,14,11,6,5.0,14,4,9,13,6.0,4.0,9,9.0,9.0,6.0,12,5,1.0,2.0,6,2.0,3,6.0,10,8,2.0,6.0,4,9,11,4,12,4,7,4.0,6,5,0.0,3.0,8,3,2.0,3.0,4.0,6,13,8,7,3,4,4,6.0,5,11,6,18,15,19,17,11,13,12.0,3.0,6.0,6,12,4,5,3.0,14,2,14,15,14,6,8,9,19,8,21,5,13,10.0,7.0,3.0,36,14,21,8.0,5.0,3,4,9.0,11.0,1.0,1,6,4.0,13.0,5.0,9.0,9.0,5.0,4,6.0,1.0,15,28,10,11,5,15,4.0,9.0,4,22,6,20,6,11,7,6,2.0,2.0,2,6.0,5,8,3.0,2.0,2,0.0,6,11,16,6.0,6.0,8,10,13.0,3.0,20.0,2.0,1.0,6,6.0,2.0,8,3,12,6,5.0,4,3,7,7.0,5.0,4,2.0,7.0,7.0,10.0,5.0,8.0,6.0,5,10,2.0,8.0,5.0,10,5.0,7.0,2.0,4,7.0,5.0,7.0,3,7.0,6,8,6,8,4.0,3,2.0,7,1.0,2.0,4.0,2.0,3.0,3.0,2.0,6,5.0,6.0,18,8.0,11,8,14,16,18,21.0,8,7,10.0,8,1.0,17,11,9,8,0.0,5,8,11,17,5.0,8,6,5,2.0,3.0,6,7,9.0,7,7,2.0,1.0,9,14,23,8,18,9,15,3,7,7.0,23,16,18,1.0,0.0
archaea_archaeoglobus_chunk_43,archaea_archaeoglobus.fasta,43,archaea,40,16,13,26,17,7.0,9,10,12,8,7,6,15.0,12,4,22,7,7.0,6.0,14,9.0,4.0,2.0,13,2,6.0,2.0,4,7.0,10,7.0,7,12,7.0,6.0,5,6,2,9,4,5,3,3.0,7,3,7.0,2.0,10,15,4.0,5.0,17.0,9,10,8,14,4,5,5,6.0,15,13,7,28,15,13,6,10,4,9.0,1.0,7.0,5,9,4,4,8.0,14,3,14,9,5,4,7,6,7,1,9,3,5,0.0,4.0,4.0,19,6,14,8.0,5.0,3,3,4.0,4.0,2.0,7,3,2.0,3.0,3.0,4.0,5.0,3.0,5,9.0,10.0,15,13,10,13,8,8,6.0,7.0,13,12,2,24,10,11,6,7,4.0,5.0,3,5.0,5,3,4.0,6.0,5,1.0,5,9,9,4.0,3.0,4,3,4.0,4.0,7.0,7.0,1.0,1,4.0,9.0,6,4,7,6,3.0,3,7,6,2.0,0.0,3,3.0,1.0,1.0,3.0,4.0,2.0,5.0,7,8,2.0,3.0,6.0,7,3.0,5.0,4.0,5,3.0,2.0,5.0,5,9.0,4,11,30,3,8.0,10,9.0,7,1.0,9.0,8.0,1.0,3.0,6.0,13.0,14,8.0,18.0,19,5.0,9,14,7,8,5,14.0,7,5,8.0,5,11.0,16,12,23,8,2.0,6,5,4,10,2.0,12,8,5,1.0,5.0,8,5,5.0,7,19,11.0,7.0,20,16,8,2,31,4,12,6,7,24.0,23,15,37,9.0,3.0
archaea_archaeoglobus_chunk_44,archaea_archaeoglobus.fasta,44,archaea,16,12,15,16,9,12.0,10,8,13,6,23,5,5.0,14,10,8,6,4.0,6.0,2,11.0,7.0,6.0,10,13,2.0,3.0,2,3.0,10,4.0,2,20,1.0,19.0,8,10,13,6,10,15,9,12.0,11,7,2.0,5.0,11,10,4.0,2.0,2.0,9,8,7,3,16,8,8,5.0,5,10,5,7,14,16,9,9,3,11.0,4.0,7.0,12,20,5,7,6.0,9,5,7,11,13,12,10,10,16,5,14,2,9,3.0,4.0,2.0,24,6,10,6.0,3.0,11,4,10.0,6.0,2.0,6,2,6.0,4.0,2.0,3.0,5.0,5.0,5,4.0,5.0,16,16,11,16,9,15,7.0,7.0,2,14,4,11,14,5,21,9,3.0,7.0,5,3.0,16,10,16.0,7.0,4,1.0,14,10,13,4.0,16.0,8,9,10.0,5.0,6.0,6.0,3.0,4,4.0,6.0,10,16,7,8,6.0,10,10,12,2.0,6.0,12,10.0,9.0,8.0,6.0,7.0,3.0,8.0,6,8,1.0,16.0,1.0,4,4.0,5.0,3.0,6,4.0,9.0,5.0,1,8.0,7,9,15,6,2.0,3,3.0,4,1.0,1.0,7.0,3.0,3.0,6.0,3.0,3,8.0,2.0,18,4.0,9,7,16,12,2,12.0,3,10,4.0,8,1.0,15,12,12,15,8.0,9,7,9,9,3.0,11,7,8,9.0,5.0,9,6,6.0,3,5,0.0,1.0,8,9,14,2,18,8,5,5,7,6.0,12,9,7,3.0,0.0
archaea_archaeoglobus_chunk_45,archaea_archaeoglobus.fasta,45,archaea,8,6,13,11,8,2.0,9,9,19,10,12,7,4.0,6,9,11,10,5.0,5.0,8,7.0,4.0,2.0,5,9,5.0,10.0,10,5.0,8,10.0,10,19,8.0,14.0,9,10,8,8,13,14,3,6.0,12,5,6.0,7.0,11,6,8.0,5.0,3.0,9,2,1,6,10,9,13,5.0,5,6,12,21,9,11,10,6,4,7.0,7.0,4.0,9,14,9,5,4.0,5,5,14,11,4,2,5,4,6,6,6,5,5,1.0,3.0,3.0,2,7,6,7.0,4.0,8,4,5.0,2.0,0.0,8,7,5.0,6.0,6.0,2.0,4.0,6.0,10,8.0,8.0,11,6,4,10,14,9,10.0,4.0,6,14,8,10,14,6,20,9,9.0,6.0,6,11.0,18,15,11.0,11.0,8,2.0,15,13,7,7.0,14.0,5,5,7.0,3.0,4.0,5.0,1.0,7,5.0,7.0,11,8,11,10,8.0,18,13,13,2.0,5.0,3,10.0,5.0,4.0,5.0,7.0,6.0,14.0,8,6,5.0,3.0,2.0,7,0.0,6.0,6.0,12,2.0,16.0,5.0,8,12.0,10,11,7,5,5.0,4,7.0,3,12.0,9.0,4.0,0.0,3.0,5.0,6.0,5,8.0,6.0,8,6.0,16,10,6,5,3,3.0,4,4,6.0,4,4.0,10,12,11,13,12.0,15,12,5,7,5.0,13,18,10,8.0,12.0,2,3,8.0,12,7,10.0,3.0,12,13,9,7,15,16,10,9,11,14.0,12,16,15,2.0,1.0
archaea_archaeoglobus_chunk_46,archaea_archaeoglobus.fasta,46,archaea,17,11,14,9,7,8.0,4,11,6,16,15,12,8.0,15,5,6,2,5.0,11.0,5,10.0,8.0,4.0,10,7,1.0,3.0,4,4.0,8,2.0,5,12,2.0,14.0,5,16,7,4,9,12,11,4.0,9,5,7.0,10.0,11,8,5.0,7.0,5.0,6,11,5,17,4,5,5,11.0,4,10,5,9,11,7,10,14,8,12.0,5.0,4.0,5,13,9,11,7.0,14,6,5,12,8,5,12,8,13,6,14,3,7,3.0,10.0,0.0,31,6,18,8.0,6.0,4,4,6.0,4.0,2.0,6,4,4.0,7.0,1.0,5.0,8.0,7.0,8,3.0,4.0,19,25,12,9,12,13,5.0,3.0,7,9,9,18,13,7,18,5,5.0,6.0,3,2.0,15,3,8.0,6.0,5,2.0,8,11,15,7.0,10.0,8,8,3.0,6.0,9.0,7.0,1.0,8,3.0,4.0,13,8,10,7,6.0,5,11,9,7.0,6.0,8,8.0,4.0,4.0,3.0,7.0,1.0,3.0,5,10,0.0,9.0,5.0,6,10.0,6.0,1.0,5,8.0,7.0,4.0,6,5.0,9,10,10,5,7.0,6,3.0,6,3.0,2.0,7.0,4.0,4.0,4.0,5.0,8,6.0,6.0,13,9.0,11,7,11,17,7,22.0,5,9,2.0,11,2.0,14,17,10,16,2.0,9,6,9,8,7.0,12,5,11,4.0,3.0,7,7,4.0,6,7,6.0,3.0,11,9,11,4,16,12,10,6,6,10.0,16,11,18,3.0,0.0
archaea_archaeoglobus_chunk_47,archaea_archaeoglobus.fasta,47,archaea,18,7,18,16,6,7.0,4,10,9,12,21,14,8.0,9,7,11,8,3.0,9.0,5,4.0,3.0,3.0,2,8,3.0,6.0,7,2.0,5,8.0,5,23,5.0,19.0,10,6,12,7,13,30,12,15.0,14,5,2.0,6.0,14,8,6.0,7.0,6.0,7,6,9,4,15,3,11,2.0,6,5,11,16,7,13,10,6,3,1.0,4.0,2.0,16,9,13,2,4.0,8,4,4,10,3,6,3,4,4,3,3,6,3,3.0,2.0,2.0,6,5,9,9.0,3.0,9,5,2.0,3.0,1.0,6,7,6.0,6.0,4.0,2.0,5.0,4.0,11,1.0,7.0,6,7,3,4,12,4,8.0,5.0,4,10,6,11,21,4,23,10,9.0,3.0,6,4.0,25,11,36.0,9.0,10,3.0,17,15,3,0.0,15.0,8,9,3.0,3.0,9.0,6.0,1.0,8,5.0,3.0,8,12,9,9,9.0,26,17,13,4.0,9.0,10,8.0,9.0,11.0,7.0,10.0,3.0,12.0,9,3,6.0,7.0,2.0,3,1.0,6.0,3.0,11,3.0,11.0,5.0,4,10.0,13,17,12,3,5.0,3,7.0,1,10.0,4.0,7.0,6.0,1.0,2.0,5.0,6,3.0,8.0,15,4.0,10,4,5,4,5,8.0,7,5,6.0,8,5.0,1,4,8,17,5.0,27,13,5,5,3.0,3,16,9,3.0,9.0,1,3,8.0,10,9,9.0,1.0,7,17,8,8,7,24,6,7,10,12.0,15,17,16,3.0,1.0
archaea_archaeoglobus_chunk_48,archaea_archaeoglobus.fasta,48,archaea,33,6,35,18,4,0.0,6,6,29,21,33,7,7.0,9,9,12,10,1.0,13.0,4,0.0,0.0,3.0,4,11,4.0,6.0,5,2.0,4,2.0,4,34,10.0,34.0,14,9,5,8,38,40,17,15.0,11,3,7.0,2.0,6,15,4.0,4.0,2.0,4,1,5,6,11,6,6,3.0,3,10,11,7,17,5,12,3,3,0.0,2.0,0.0,12,8,12,2,4.0,3,1,2,6,1,2,1,1,2,1,1,7,3,6.0,3.0,1.0,2,4,4,10.0,5.0,16,7,1.0,2.0,2.0,7,11,0.0,3.0,7.0,3.0,2.0,3.0,7,3.0,4.0,11,4,7,9,19,8,8.0,3.0,3,9,19,4,31,4,31,12,16.0,2.0,13,5.0,46,30,38.0,9.0,11,2.0,15,12,9,2.0,6.0,3,4,0.0,12.0,4.0,9.0,3.0,6,0.0,7.0,14,23,22,22,11.0,39,12,4,6.0,5.0,12,11.0,8.0,7.0,0.0,2.0,4.0,6.0,6,4,5.0,1.0,1.0,2,3.0,5.0,6.0,4,2.0,5.0,0.0,4,3.0,13,4,11,1,12.0,4,5.0,5,5.0,1.0,4.0,1.0,1.0,0.0,3.0,2,1.0,5.0,12,1.0,13,2,5,3,3,2.0,11,2,3.0,7,2.0,11,9,5,12,10.0,34,7,6,7,3.0,9,22,2,1.0,0.0,3,3,0.0,5,4,4.0,1.0,4,11,5,6,6,29,9,6,5,3.0,6,6,6,5.0,0.0
archaea_archaeoglobus_chunk_49,archaea_archaeoglobus.fasta,49,archaea,2,5,4,2,10,21.0,8,10,4,10,5,3,2.0,19,9,1,9,1.0,3.0,7,9.0,4.0,2.0,17,4,2.0,2.0,7,0.0,17,7.0,9,10,2.0,6.0,4,9,14,5,14,3,7,3.0,7,5,2.0,5.0,8,5,5.0,1.0,2.0,9,12,7,18,8,7,10,9.0,2,2,4,1,4,17,10,14,2,7.0,5.0,14.0,11,23,6,4,5.0,22,8,3,4,18,12,10,8,11,3,15,7,9,1.0,7.0,4.0,32,17,22,7.0,4.0,6,4,10.0,7.0,0.0,4,5,1.0,6.0,1.0,3.0,12.0,5.0,5,0.0,3.0,25,38,10,26,10,16,10.0,7.0,10,33,12,11,4,15,4,12,6.0,1.0,1,4.0,5,7,8.0,10.0,4,1.0,13,3,13,5.0,12.0,8,6,7.0,5.0,18.0,4.0,2.0,5,3.0,3.0,13,7,16,9,1.0,9,4,9,4.0,7.0,4,5.0,6.0,5.0,6.0,1.0,7.0,10.0,3,3,5.0,6.0,0.0,11,8.0,5.0,7.0,5,9.0,8.0,7.0,1,4.0,7,8,3,12,4.0,3,2.0,3,1.0,5.0,2.0,2.0,1.0,3.0,2.0,4,4.0,2.0,18,4.0,17,13,21,15,14,25.0,6,8,5.0,8,2.0,37,12,19,9,5.0,9,9,10,11,2.0,17,10,10,8.0,7.0,5,10,10.0,4,8,1.0,1.0,7,7,17,5,19,9,8,7,6,4.0,9,7,7,6.0,0.0
archaea_archaeoglobus_chunk_50,archaea_archaeoglobus.fasta,50,archaea,22,17,15,16,10,12.0,10,16,10,9,11,8,7.0,14,7,13,7,6.0,6.0,8,2.0,7.0,9.0,6,6,4.0,4.0,5,4.0,14,3.0,12,12,5.0,7.0,10,11,6,7,9,8,5,6.0,9,11,6.0,3.0,6,10,2.0,9.0,8.0,4,12,5,7,8,5,13,6.0,7,9,3,19,16,8,7,9,6,6.0,2.0,12.0,10,12,6,4,5.0,6,6,8,6,10,6,3,6,6,3,16,3,5,5.0,12.0,6.0,21,7,12,8.0,3.0,3,5,9.0,2.0,1.0,7,5,5.0,2.0,4.0,10.0,13.0,6.0,6,2.0,6.0,15,23,15,12,10,10,4.0,4.0,5,10,6,14,15,14,11,8,5.0,3.0,3,5.0,7,8,4.0,7.0,7,2.0,13,8,9,6.0,12.0,6,4,0.0,4.0,5.0,4.0,3.0,2,5.0,1.0,13,10,6,7,5.0,13,8,6,3.0,3.0,8,6.0,4.0,7.0,5.0,6.0,7.0,6.0,7,15,4.0,7.0,5.0,10,7.0,7.0,5.0,4,0.0,9.0,5.0,5,5.0,5,11,17,9,5.0,8,6.0,3,4.0,0.0,7.0,4.0,7.0,7.0,10.0,6,6.0,9.0,18,4.0,8,8,13,18,9,19.0,6,7,5.0,13,5.0,17,8,5,21,3.0,3,7,7,2,3.0,6,14,6,7.0,8.0,4,3,3.0,7,7,5.0,8.0,12,8,18,4,11,12,3,9,2,15.0,17,12,33,7.0,1.0
archaea_archaeoglobus_chunk_51,archaea_archaeoglobus.fasta,51,archaea,21,9,17,11,13,6.0,11,7,10,19,8,8,4.0,13,7,7,11,1.0,5.0,7,5.0,4.0,8.0,6,8,5.0,6.0,6,2.0,7,3.0,7,6,5.0,11.0,8,12,10,8,14,7,7,7.0,14,7,4.0,1.0,9,4,3.0,4.0,3.0,11,6,5,11,8,5,8,3.0,3,6,8,11,14,14,13,11,3,7.0,4.0,3.0,7,13,8,1,1.0,14,8,8,17,7,4,5,7,9,3,10,8,11,5.0,7.0,4.0,24,11,16,8.0,2.0,16,6,11.0,7.0,4.0,4,9,9.0,1.0,4.0,4.0,9.0,2.0,11,6.0,4.0,13,27,9,19,11,8,3.0,10.0,7,17,10,16,13,8,12,7,3.0,3.0,6,5.0,9,9,18.0,8.0,6,1.0,6,9,11,5.0,5.0,11,5,3.0,6.0,20.0,6.0,1.0,6,9.0,3.0,10,7,14,12,4.0,8,5,4,7.0,5.0,10,5.0,4.0,4.0,2.0,0.0,6.0,8.0,10,7,7.0,5.0,2.0,6,8.0,7.0,4.0,4,4.0,4.0,3.0,4,8.0,8,13,10,6,3.0,2,6.0,7,4.0,4.0,4.0,3.0,1.0,4.0,3.0,5,3.0,4.0,13,4.0,15,8,16,13,14,19.0,10,9,6.0,4,2.0,26,11,13,14,6.0,9,3,5,10,5.0,6,8,6,3.0,4.0,10,6,4.0,3,9,5.0,3.0,6,10,21,8,18,9,9,6,7,9.0,26,5,23,1.0,0.0
archaea_archaeoglobus_chunk_52,archaea_archaeoglobus.fasta,52,archaea,14,9,12,10,6,8.0,9,13,7,14,6,7,9.0,12,5,6,5,4.0,3.0,5,5.0,9.0,3.0,5,4,3.0,4.0,4,0.0,14,1.0,14,15,4.0,9.0,6,8,22,7,17,2,7,4.0,4,4,4.0,2.0,7,12,8.0,4.0,6.0,7,11,12,10,10,3,6,5.0,1,9,2,5,14,10,4,9,8,7.0,0.0,6.0,13,14,5,3,10.0,15,7,4,10,9,6,11,9,9,4,16,10,9,2.0,8.0,2.0,25,12,23,8.0,2.0,13,6,8.0,4.0,3.0,12,2,7.0,8.0,8.0,10.0,7.0,2.0,8,2.0,5.0,21,23,10,19,9,11,7.0,11.0,2,23,14,28,9,13,12,7,1.0,2.0,3,2.0,12,15,3.0,3.0,9,2.0,6,5,7,4.0,12.0,7,10,8.0,9.0,18.0,8.0,3.0,6,4.0,2.0,15,13,15,6,0.0,4,5,10,9.0,8.0,4,6.0,3.0,2.0,3.0,5.0,2.0,2.0,8,5,6.0,13.0,5.0,5,7.0,4.0,5.0,2,2.0,3.0,1.0,6,9.0,6,5,8,4,6.0,6,2.0,5,3.0,8.0,2.0,11.0,3.0,4.0,2.0,11,6.0,2.0,15,4.0,14,13,12,12,13,22.0,7,12,13.0,11,4.0,19,12,15,12,2.0,7,5,4,10,3.0,12,5,14,0.0,3.0,10,8,2.0,3,6,2.0,3.0,5,13,18,17,16,5,13,6,6,7.0,23,8,11,1.0,0.0
archaea_archaeoglobus_chunk_53,archaea_archaeoglobus.fasta,53,archaea,19,13,15,16,9,9.0,3,14,16,8,9,9,8.0,15,8,24,8,3.0,6.0,1,3.0,3.0,5.0,9,5,0.0,1.0,3,6.0,6,4.0,13,14,5.0,8.0,7,5,5,1,11,4,4,6.0,11,7,1.0,3.0,11,9,2.0,3.0,7.0,8,6,3,18,8,5,3,9.0,9,12,6,32,12,15,5,14,3,4.0,2.0,7.0,9,9,3,5,5.0,9,5,6,5,7,4,7,2,5,2,8,6,3,4.0,5.0,0.0,21,3,16,12.0,4.0,5,9,1.0,1.0,0.0,2,3,4.0,0.0,2.0,7.0,8.0,2.0,8,3.0,6.0,16,24,6,20,8,11,2.0,8.0,9,22,12,18,14,2,17,16,3.0,4.0,1,6.0,3,3,7.0,7.0,2,2.0,8,15,13,3.0,5.0,5,4,0.0,2.0,6.0,7.0,0.0,1,3.0,3.0,9,3,12,6,0.0,2,4,6,1.0,6.0,6,0.0,3.0,3.0,4.0,1.0,5.0,4.0,10,10,2.0,3.0,9.0,7,3.0,4.0,6.0,4,3.0,3.0,5.0,7,5.0,9,20,18,5,5.0,9,3.0,3,3.0,2.0,6.0,2.0,6.0,1.0,6.0,9,4.0,14.0,19,3.0,11,12,14,9,9,17.0,12,1,3.0,14,7.0,30,19,20,17,5.0,5,7,14,6,4.0,8,5,8,1.0,3.0,9,6,6.0,12,13,4.0,7.0,11,14,16,17,32,14,13,9,11,10.0,40,20,42,5.0,2.0
archaea_archaeoglobus_chunk_54,archaea_archaeoglobus.fasta,54,archaea,22,8,17,12,8,9.0,5,5,9,8,18,10,8.0,12,8,10,10,5.0,8.0,10,7.0,4.0,9.0,12,7,3.0,1.0,6,2.0,8,4.0,9,9,8.0,8.0,3,9,9,4,13,12,8,11.0,11,5,5.0,3.0,10,6,5.0,5.0,3.0,6,14,7,10,10,7,7,2.0,2,10,7,7,14,7,7,12,9,10.0,1.0,5.0,6,11,11,5,3.0,15,5,7,5,12,5,9,6,3,3,13,13,10,10.0,3.0,6.0,23,11,18,8.0,9.0,11,2,4.0,5.0,3.0,6,4,8.0,9.0,7.0,8.0,8.0,2.0,4,10.0,8.0,12,23,9,13,11,13,6.0,2.0,9,19,12,14,16,10,17,9,9.0,9.0,4,6.0,11,10,12.0,5.0,5,1.0,7,4,9,2.0,10.0,7,7,4.0,11.0,8.0,3.0,0.0,6,3.0,3.0,12,10,17,19,7.0,10,6,9,6.0,4.0,11,15.0,8.0,3.0,3.0,5.0,5.0,9.0,4,3,7.0,5.0,5.0,4,10.0,8.0,3.0,4,2.0,6.0,5.0,4,6.0,4,7,7,2,4.0,5,7.0,4,7.0,7.0,2.0,6.0,1.0,3.0,3.0,9,6.0,5.0,16,6.0,10,4,11,14,13,25.0,7,5,11.0,10,9.0,14,7,10,16,4.0,9,6,6,10,1.0,12,11,6,6.0,2.0,2,7,3.0,3,7,3.0,2.0,7,14,16,9,14,10,7,6,6,4.0,18,6,11,2.0,0.0
archaea_archaeoglobus_chunk_55,archaea_archaeoglobus.fasta,55,archaea,20,12,17,13,16,9.0,7,11,15,6,18,9,5.0,7,8,11,15,6.0,10.0,12,7.0,8.0,7.0,5,10,3.0,5.0,4,6.0,7,7.0,8,12,7.0,15.0,21,7,4,3,12,24,6,14.0,14,2,3.0,5.0,11,8,3.0,5.0,4.0,6,1,5,5,12,8,13,5.0,10,12,12,16,16,9,4,9,5,10.0,2.0,3.0,9,6,12,3,4.0,5,6,8,7,4,2,4,5,6,6,6,8,5,6.0,2.0,5.0,6,2,5,4.0,3.0,13,9,3.0,2.0,0.0,8,8,4.0,6.0,5.0,1.0,1.0,2.0,7,11.0,4.0,2,8,5,10,11,3,15.0,4.0,7,9,2,8,15,13,17,5,10.0,6.0,9,4.0,29,11,26.0,7.0,10,3.0,14,25,5,5.0,8.0,2,3,2.0,3.0,3.0,6.0,0.0,4,3.0,4.0,5,17,8,25,11.0,26,12,6,2.0,6.0,6,19.0,4.0,15.0,7.0,8.0,5.0,10.0,14,5,4.0,1.0,3.0,6,1.0,4.0,1.0,7,0.0,11.0,3.0,9,12.0,16,8,11,9,10.0,4,12.0,2,4.0,10.0,2.0,2.0,2.0,2.0,1.0,2,10.0,6.0,12,5.0,10,5,2,7,5,4.0,5,5,8.0,2,7.0,7,7,5,9,8.0,19,10,4,3,4.0,8,23,6,10.0,11.0,2,3,4.0,13,14,10.0,2.0,8,18,8,6,10,16,8,11,10,8.0,9,15,12,7.0,0.0
archaea_archaeoglobus_chunk_56,archaea_archaeoglobus.fasta,56,archaea,7,10,6,5,4,14.0,8,6,6,7,6,8,3.0,3,3,7,5,5.0,6.0,5,6.0,10.0,8.0,14,13,3.0,3.0,7,1.0,11,3.0,4,6,4.0,12.0,3,12,11,6,15,7,12,3.0,6,7,6.0,3.0,3,5,3.0,1.0,6.0,10,7,6,8,9,5,5,11.0,5,15,5,13,5,8,9,4,11,9.0,5.0,7.0,5,22,10,2,3.0,12,8,4,2,9,10,7,9,10,5,22,11,10,4.0,7.0,9.0,27,10,20,9.0,7.0,9,13,6.0,4.0,5.0,8,2,3.0,6.0,7.0,3.0,9.0,2.0,14,5.0,10.0,15,25,12,15,19,13,4.0,7.0,7,19,5,18,12,6,8,6,3.0,6.0,9,4.0,13,9,10.0,7.0,3,1.0,9,17,5,9.0,12.0,8,1,9.0,7.0,11.0,7.0,2.0,5,4.0,5.0,9,16,10,5,2.0,8,3,7,2.0,6.0,10,5.0,4.0,7.0,3.0,7.0,6.0,5.0,6,2,3.0,8.0,10.0,8,6.0,7.0,7.0,5,3.0,8.0,3.0,4,10.0,6,7,4,8,4.0,1,3.0,9,4.0,2.0,1.0,6.0,2.0,2.0,6.0,15,10.0,9.0,14,9.0,11,7,12,17,12,19.0,7,8,6.0,10,5.0,20,15,15,12,9.0,10,11,9,11,1.0,7,4,6,3.0,8.0,6,7,9.0,4,5,7.0,2.0,14,8,22,6,25,9,7,4,5,12.0,17,9,10,5.0,0.0
archaea_archaeoglobus_chunk_57,archaea_archaeoglobus.fasta,57,archaea,9,4,7,10,7,8.0,4,5,3,8,11,3,3.0,17,3,10,7,5.0,1.0,5,9.0,6.0,7.0,7,6,7.0,2.0,4,2.0,6,3.0,12,4,5.0,10.0,1,8,9,7,9,7,14,6.0,5,5,6.0,0.0,4,2,6.0,2.0,4.0,9,13,5,16,10,2,5,14.0,7,13,7,4,8,12,9,11,3,14.0,5.0,8.0,10,15,6,7,3.0,14,8,9,8,8,15,15,6,8,5,15,10,14,9.0,5.0,0.0,26,17,18,5.0,5.0,4,7,7.0,13.0,2.0,7,8,12.0,7.0,4.0,9.0,5.0,5.0,5,3.0,6.0,18,27,13,20,8,10,6.0,11.0,3,28,17,11,6,4,7,5,3.0,6.0,8,4.0,4,7,12.0,2.0,4,2.0,17,8,9,7.0,14.0,3,15,6.0,9.0,13.0,2.0,2.0,8,7.0,3.0,17,8,10,6,5.0,5,12,11,13.0,8.0,12,8.0,7.0,3.0,2.0,2.0,5.0,4.0,5,10,4.0,8.0,5.0,6,13.0,4.0,6.0,2,5.0,6.0,2.0,2,5.0,6,7,7,4,2.0,7,5.0,1,2.0,6.0,3.0,3.0,3.0,3.0,4.0,10,3.0,4.0,16,10.0,8,11,16,14,17,26.0,3,6,12.0,8,6.0,29,7,19,7,6.0,6,11,7,8,2.0,10,5,11,4.0,5.0,11,13,6.0,6,6,1.0,2.0,6,12,20,7,19,10,10,7,9,3.0,13,6,13,2.0,0.0
archaea_archaeoglobus_chunk_58,archaea_archaeoglobus.fasta,58,archaea,21,14,15,14,13,8.0,9,10,9,14,15,11,7.0,14,5,5,6,4.0,9.0,8,4.0,6.0,4.0,7,9,0.0,4.0,4,4.0,7,5.0,11,22,5.0,16.0,6,6,12,10,14,9,11,10.0,13,7,10.0,6.0,8,10,4.0,5.0,4.0,13,7,11,8,7,7,3,4.0,4,10,2,10,18,9,10,10,5,5.0,1.0,7.0,14,11,9,4,8.0,13,6,4,14,8,11,6,13,5,4,9,11,5,2.0,5.0,2.0,20,7,10,7.0,5.0,14,7,5.0,9.0,1.0,4,9,5.0,2.0,9.0,10.0,1.0,0.0,5,2.0,7.0,11,20,7,12,8,9,4.0,8.0,7,17,6,17,14,10,15,5,5.0,5.0,4,5.0,22,8,14.0,12.0,4,0.0,7,10,14,3.0,7.0,5,7,6.0,9.0,10.0,4.0,3.0,11,3.0,1.0,9,8,11,7,6.0,15,4,12,4.0,3.0,4,6.0,4.0,4.0,3.0,8.0,6.0,7.0,8,9,4.0,12.0,6.0,6,6.0,4.0,5.0,5,7.0,3.0,5.0,7,10.0,3,5,11,7,9.0,2,4.0,3,3.0,5.0,4.0,9.0,5.0,3.0,4.0,12,3.0,7.0,13,3.0,11,12,15,14,6,13.0,9,11,8.0,4,5.0,14,9,15,8,3.0,11,4,6,7,7.0,7,8,3,1.0,4.0,6,4,7.0,4,7,5.0,4.0,9,9,15,10,18,6,4,6,4,7.0,15,10,29,3.0,0.0
archaea_archaeoglobus_chunk_59,archaea_archaeoglobus.fasta,59,archaea,23,16,21,30,14,7.0,14,12,20,9,2,12,14.0,23,13,17,11,2.0,5.0,6,1.0,4.0,3.0,6,12,2.0,4.0,5,4.0,10,1.0,8,18,2.0,9.0,16,6,3,3,12,4,2,3.0,2,9,4.0,5.0,11,8,6.0,8.0,22.0,13,7,14,26,10,5,2,18.0,10,7,15,15,22,15,5,11,2,2.0,3.0,3.0,5,3,1,4,4.0,11,4,3,14,2,4,3,3,4,4,4,9,2,0.0,6.0,4.0,9,1,16,15.0,8.0,7,8,4.0,3.0,0.0,3,2,2.0,1.0,2.0,10.0,4.0,1.0,4,4.0,13.0,7,18,4,18,5,1,3.0,4.0,14,21,4,25,21,11,10,11,4.0,2.0,3,2.0,8,5,2.0,7.0,9,7.0,11,10,11,2.0,0.0,5,7,2.0,1.0,2.0,0.0,1.0,1,1.0,2.0,9,1,8,3,0.0,2,7,3,1.0,0.0,2,2.0,1.0,1.0,3.0,5.0,0.0,3.0,3,19,3.0,8.0,10.0,2,4.0,1.0,7.0,3,0.0,2.0,6.0,7,11.0,3,10,24,5,7.0,15,4.0,3,3.0,6.0,12.0,7.0,6.0,6.0,17.0,19,7.0,17.0,17,4.0,4,8,12,5,9,18.0,17,5,2.0,7,11.0,19,10,32,17,1.0,4,6,5,5,0.0,3,4,1,2.0,4.0,17,6,2.0,13,20,3.0,15.0,15,11,15,12,20,10,7,4,10,22.0,19,9,41,4.0,0.0
archaea_archaeoglobus_chunk_60,archaea_archaeoglobus.fasta,60,archaea,15,4,20,17,11,2.0,4,11,15,9,17,8,2.0,10,10,14,11,5.0,6.0,7,2.0,8.0,6.0,4,8,6.0,5.0,5,5.0,1,8.0,9,19,6.0,20.0,7,10,7,5,11,23,3,13.0,13,6,4.0,7.0,11,6,7.0,7.0,3.0,6,11,4,7,7,9,9,3.0,8,4,7,19,10,9,6,7,3,8.0,4.0,1.0,18,6,7,3,9.0,8,3,9,2,3,8,7,5,3,2,17,9,2,4.0,4.0,5.0,10,11,7,10.0,5.0,5,7,5.0,3.0,0.0,5,9,7.0,4.0,4.0,6.0,2.0,1.0,7,11.0,5.0,7,7,7,11,10,15,7.0,10.0,8,10,8,14,23,7,18,6,6.0,4.0,8,7.0,17,15,21.0,11.0,5,2.0,9,12,11,3.0,8.0,10,4,9.0,5.0,2.0,4.0,1.0,9,3.0,5.0,9,11,10,15,10.0,21,8,6,4.0,6.0,5,9.0,7.0,9.0,3.0,7.0,4.0,8.0,9,8,3.0,6.0,8.0,3,5.0,2.0,4.0,7,7.0,5.0,2.0,7,9.0,7,9,8,8,5.0,6,9.0,6,8.0,4.0,2.0,3.0,7.0,6.0,7.0,8,6.0,3.0,8,5.0,12,5,9,7,6,10.0,6,4,5.0,4,5.0,12,12,14,10,4.0,18,6,11,6,6.0,14,13,4,2.0,8.0,6,4,5.0,5,9,6.0,5.0,8,14,9,6,22,14,6,6,5,5.0,28,9,34,4.0,0.0
archaea_archaeoglobus_chunk_61,archaea_archaeoglobus.fasta,61,archaea,14,8,14,12,6,13.0,11,12,14,9,12,10,2.0,9,2,12,7,1.0,5.0,3,12.0,6.0,4.0,8,5,3.0,8.0,8,6.0,8,6.0,7,16,6.0,9.0,12,10,6,4,13,14,10,7.0,6,7,5.0,2.0,6,9,2.0,3.0,2.0,8,6,3,8,5,7,3,8.0,3,15,10,14,17,17,13,4,1,7.0,4.0,6.0,14,9,10,2,5.0,10,6,11,6,10,7,11,6,5,6,7,4,6,4.0,3.0,2.0,23,11,14,4.0,4.0,9,5,4.0,6.0,3.0,7,10,10.0,6.0,5.0,6.0,4.0,1.0,9,7.0,5.0,20,15,8,14,3,21,12.0,4.0,6,21,11,13,9,8,17,5,6.0,4.0,2,6.0,13,14,12.0,7.0,5,1.0,13,9,17,2.0,11.0,8,6,5.0,3.0,15.0,5.0,4.0,8,2.0,3.0,15,9,15,12,4.0,20,6,11,4.0,6.0,13,7.0,6.0,3.0,2.0,2.0,4.0,6.0,6,4,5.0,3.0,6.0,5,7.0,8.0,4.0,2,3.0,0.0,4.0,2,9.0,12,7,8,9,1.0,4,3.0,6,7.0,3.0,2.0,1.0,3.0,1.0,4.0,5,2.0,10.0,21,5.0,12,10,10,8,4,20.0,8,7,11.0,7,4.0,11,14,15,7,4.0,8,5,13,13,6.0,9,11,8,2.0,5.0,3,11,0.0,9,6,5.0,1.0,8,15,14,14,18,14,10,11,7,9.0,16,9,25,3.0,0.0
archaea_archaeoglobus_chunk_62,archaea_archaeoglobus.fasta,62,archaea,10,9,11,11,13,11.0,10,3,7,18,21,10,6.0,10,4,4,12,7.0,11.0,10,5.0,7.0,3.0,9,7,5.0,14.0,6,3.0,5,9.0,4,17,4.0,9.0,6,9,15,8,10,23,7,14.0,9,1,6.0,10.0,11,8,1.0,10.0,3.0,6,7,6,6,11,13,7,8.0,1,11,3,6,11,13,18,4,7,6.0,9.0,4.0,7,11,9,3,6.0,11,4,4,12,5,3,3,7,7,5,14,8,3,6.0,3.0,4.0,17,7,10,7.0,7.0,12,12,3.0,8.0,0.0,1,9,14.0,6.0,4.0,2.0,3.0,3.0,7,11.0,5.0,7,13,5,8,14,10,10.0,4.0,9,8,6,6,11,9,22,7,12.0,2.0,8,3.0,20,8,20.0,11.0,7,2.0,26,10,12,8.0,8.0,4,7,11.0,8.0,5.0,19.0,3.0,7,3.0,5.0,2,13,10,15,11.0,24,17,11,2.0,12.0,12,16.0,7.0,8.0,5.0,5.0,2.0,10.0,10,2,5.0,0.0,3.0,8,2.0,0.0,3.0,4,5.0,17.0,6.0,6,6.0,12,13,9,6,5.0,2,8.0,5,5.0,11.0,2.0,5.0,4.0,4.0,3.0,2,5.0,3.0,10,6.0,8,8,4,8,4,10.0,4,1,6.0,3,6.0,9,9,5,10,3.0,14,10,9,6,12.0,7,19,9,8.0,9.0,2,2,9.0,9,10,12.0,5.0,2,11,4,2,12,8,6,11,4,13.0,4,8,7,2.0,0.0
archaea_archaeoglobus_chunk_63,archaea_archaeoglobus.fasta,63,archaea,13,8,8,9,6,15.0,12,8,4,11,12,8,4.0,15,6,9,3,5.0,4.0,3,6.0,4.0,6.0,18,8,5.0,0.0,4,1.0,10,3.0,8,11,4.0,3.0,1,9,18,6,12,8,7,7.0,9,5,5.0,5.0,5,5,4.0,2.0,3.0,9,10,4,9,7,4,6,10.0,4,7,4,8,8,11,5,11,2,9.0,1.0,7.0,7,14,8,6,5.0,8,5,7,6,6,5,11,7,9,5,19,5,6,6.0,8.0,0.0,35,13,19,5.0,2.0,7,8,5.0,3.0,0.0,12,5,2.0,3.0,3.0,11.0,10.0,6.0,12,3.0,4.0,20,16,16,24,15,21,4.0,6.0,11,25,13,17,11,12,17,8,5.0,4.0,3,3.0,6,11,6.0,2.0,4,1.0,8,4,9,3.0,9.0,6,7,6.0,7.0,15.0,1.0,1.0,4,10.0,3.0,16,12,14,8,3.0,7,2,6,7.0,4.0,6,2.0,6.0,0.0,7.0,3.0,6.0,6.0,7,12,3.0,15.0,3.0,5,10.0,9.0,7.0,7,5.0,5.0,2.0,2,10.0,12,5,6,10,5.0,6,2.0,6,1.0,4.0,2.0,9.0,5.0,4.0,1.0,8,8.0,3.0,17,5.0,17,5,8,21,7,15.0,8,8,3.0,17,7.0,15,18,25,24,6.0,8,6,7,7,6.0,15,5,8,6.0,3.0,14,10,2.0,5,5,3.0,3.0,10,10,15,7,25,15,5,7,13,4.0,15,11,7,4.0,0.0
archaea_archaeoglobus_chunk_64,archaea_archaeoglobus.fasta,64,archaea,9,7,9,6,9,17.0,3,5,10,10,9,8,1.0,7,7,3,9,4.0,5.0,5,10.0,5.0,2.0,12,5,1.0,4.0,3,4.0,4,5.0,6,11,2.0,12.0,5,15,15,6,16,4,14,13.0,3,9,3.0,4.0,6,7,3.0,0.0,1.0,9,7,8,10,6,7,14,9.0,5,6,7,8,11,14,6,8,8,10.0,6.0,7.0,8,23,7,6,5.0,22,8,9,5,13,8,13,8,19,9,17,5,10,4.0,3.0,2.0,28,8,24,5.0,4.0,8,8,8.0,5.0,0.0,10,3,8.0,7.0,2.0,5.0,7.0,3.0,5,2.0,7.0,24,17,13,14,7,12,0.0,10.0,7,20,7,17,3,5,18,3,5.0,0.0,3,3.0,8,18,9.0,7.0,3,1.0,15,5,12,8.0,17.0,13,10,12.0,6.0,16.0,5.0,2.0,7,5.0,4.0,14,8,14,7,1.0,11,4,16,11.0,10.0,6,9.0,10.0,7.0,4.0,2.0,2.0,7.0,5,5,2.0,10.0,2.0,5,6.0,10.0,2.0,10,4.0,4.0,5.0,2,5.0,10,8,8,8,4.0,1,1.0,2,1.0,4.0,4.0,1.0,9.0,1.0,2.0,4,6.0,9.0,13,6.0,14,13,11,17,5,17.0,10,10,5.0,9,2.0,22,8,7,6,4.0,11,7,10,13,3.0,8,7,11,3.0,7.0,3,11,9.0,9,6,1.0,5.0,11,8,20,3,13,5,11,10,8,10.0,13,10,15,3.0,0.0
archaea_archaeoglobus_chunk_65,archaea_archaeoglobus.fasta,65,archaea,16,6,14,13,6,2.0,4,8,19,8,19,4,4.0,7,10,11,3,7.0,6.0,15,1.0,3.0,3.0,4,8,4.0,9.0,6,3.0,9,7.0,3,16,7.0,22.0,14,7,9,7,22,17,12,11.0,15,4,3.0,10.0,6,4,6.0,8.0,5.0,4,11,4,1,11,8,12,6.0,4,10,13,7,10,5,12,4,5,1.0,6.0,5.0,11,7,5,8,5.0,7,6,10,4,5,7,2,6,7,7,10,6,2,7.0,2.0,4.0,8,5,8,2.0,8.0,11,6,1.0,3.0,0.0,6,11,10.0,5.0,3.0,4.0,2.0,4.0,7,8.0,4.0,9,8,7,5,12,14,10.0,7.0,4,9,8,12,15,4,21,8,11.0,5.0,8,5.0,24,23,30.0,10.0,7,0.0,18,11,13,3.0,11.0,5,6,8.0,3.0,6.0,7.0,1.0,8,3.0,8.0,6,25,17,15,8.0,31,8,15,6.0,4.0,13,13.0,7.0,12.0,4.0,6.0,1.0,11.0,12,6,6.0,2.0,2.0,1,2.0,2.0,3.0,10,5.0,15.0,4.0,7,9.0,9,8,8,5,3.0,7,9.0,3,9.0,4.0,5.0,7.0,1.0,1.0,7.0,6,3.0,2.0,11,2.0,7,6,5,12,4,5.0,6,3,5.0,6,5.0,6,6,5,15,6.0,23,9,9,5,8.0,15,21,9,8.0,8.0,2,2,9.0,8,5,5.0,4.0,7,12,5,7,13,20,10,8,4,6.0,9,12,9,8.0,0.0
archaea_archaeoglobus_chunk_66,archaea_archaeoglobus.fasta,66,archaea,16,7,27,10,10,9.0,9,8,28,12,23,10,7.0,7,6,7,8,7.0,5.0,10,8.0,7.0,3.0,7,10,2.0,10.0,8,5.0,5,7.0,11,30,9.0,20.0,11,10,10,4,15,12,10,12.0,16,6,5.0,3.0,8,12,8.0,10.0,5.0,6,4,2,7,12,7,9,3.0,3,10,7,10,15,10,14,3,2,6.0,6.0,3.0,10,8,5,4,10.0,8,8,7,12,4,3,8,5,6,6,3,9,3,2.0,2.0,1.0,8,10,5,11.0,5.0,14,2,5.0,2.0,1.0,3,6,6.0,5.0,4.0,1.0,8.0,3.0,5,12.0,6.0,11,6,9,4,17,11,13.0,2.0,5,13,8,9,17,14,27,12,9.0,6.0,6,10.0,21,16,20.0,7.0,13,1.0,9,9,11,2.0,12.0,5,7,4.0,5.0,8.0,6.0,2.0,3,1.0,10.0,9,13,11,16,8.0,12,11,7,7.0,2.0,14,17.0,8.0,12.0,2.0,5.0,1.0,11.0,13,3,4.0,2.0,4.0,5,4.0,2.0,7.0,4,5.0,10.0,1.0,8,11.0,5,3,12,5,5.0,2,9.0,4,9.0,7.0,10.0,3.0,2.0,1.0,5.0,3,8.0,7.0,11,4.0,7,10,7,3,2,6.0,7,4,6.0,6,6.0,8,13,8,13,9.0,18,8,8,5,5.0,11,12,6,10.0,8.0,1,4,3.0,1,6,5.0,3.0,8,11,4,10,17,15,6,4,3,6.0,8,8,9,3.0,1.0
archaea_archaeoglobus_chunk_67,archaea_archaeoglobus.fasta,67,archaea,8,4,6,5,5,8.0,5,4,11,10,14,1,4.0,9,8,6,6,7.0,4.0,5,4.0,5.0,7.0,10,4,6.0,5.0,4,2.0,4,4.0,5,10,0.0,12.0,6,7,8,12,15,15,10,16.0,8,2,2.0,2.0,2,8,2.0,2.0,3.0,6,3,9,8,7,8,7,7.0,3,13,12,10,7,4,8,9,8,7.0,6.0,1.0,3,17,13,2,5.0,7,5,13,6,5,4,7,3,6,4,7,5,12,6.0,3.0,7.0,12,7,15,5.0,3.0,8,8,8.0,9.0,3.0,13,12,9.0,7.0,8.0,2.0,6.0,3.0,10,8.0,5.0,15,11,12,13,12,3,14.0,7.0,4,22,11,16,4,8,17,4,4.0,8.0,4,3.0,14,13,20.0,3.0,3,3.0,12,16,10,3.0,14.0,4,8,4.0,8.0,14.0,10.0,2.0,18,4.0,8.0,14,19,16,10,9.0,20,9,9,6.0,12.0,18,7.0,14.0,12.0,9.0,8.0,2.0,9.0,15,5,2.0,1.0,5.0,5,1.0,4.0,2.0,7,6.0,8.0,1.0,7,8.0,11,11,4,6,5.0,9,5.0,3,4.0,7.0,0.0,2.0,2.0,2.0,3.0,7,4.0,3.0,6,7.0,13,14,7,5,7,10.0,4,13,7.0,10,2.0,21,6,17,9,7.0,10,11,7,11,7.0,11,14,12,7.0,9.0,1,2,8.0,10,6,7.0,2.0,4,14,14,9,23,11,19,13,6,5.0,17,15,14,5.0,1.0
archaea_archaeoglobus_chunk_68,archaea_archaeoglobus.fasta,68,archaea,18,10,7,6,7,9.0,6,13,13,12,7,6,5.0,4,6,10,8,3.0,5.0,2,2.0,7.0,5.0,9,2,4.0,3.0,3,3.0,10,4.0,10,12,1.0,10.0,5,12,7,3,14,5,7,6.0,13,4,9.0,3.0,6,5,2.0,4.0,3.0,6,7,5,7,6,4,4,6.0,8,6,4,14,8,9,18,7,8,7.0,0.0,1.0,6,11,8,3,3.0,8,7,9,5,7,4,5,5,7,6,25,6,9,6.0,9.0,1.0,27,14,25,9.0,2.0,11,7,6.0,5.0,4.0,7,3,9.0,1.0,7.0,9.0,9.0,2.0,8,2.0,6.0,21,23,14,23,11,11,6.0,10.0,4,29,11,23,7,10,10,7,3.0,1.0,2,5.0,5,7,15.0,6.0,2,3.0,5,9,12,3.0,10.0,5,4,12.0,6.0,8.0,3.0,2.0,4,5.0,3.0,17,8,13,5,3.0,4,4,8,10.0,4.0,6,2.0,6.0,2.0,2.0,12.0,6.0,2.0,10,6,6.0,11.0,7.0,5,15.0,8.0,7.0,2,5.0,3.0,2.0,5,9.0,4,11,8,6,3.0,6,0.0,6,4.0,8.0,4.0,6.0,1.0,7.0,4.0,10,2.0,4.0,17,3.0,9,15,10,17,13,25.0,18,7,7.0,11,4.0,27,12,19,8,5.0,8,3,4,8,3.0,14,6,6,3.0,8.0,5,11,4.0,5,10,8.0,2.0,4,12,20,16,25,5,9,10,7,7.0,29,12,26,2.0,1.0
archaea_archaeoglobus_chunk_69,archaea_archaeoglobus.fasta,69,archaea,14,11,15,8,7,13.0,6,7,9,17,12,12,6.0,5,4,11,7,6.0,7.0,2,13.0,9.0,6.0,10,5,2.0,1.0,7,3.0,6,5.0,2,15,5.0,6.0,6,18,18,9,15,7,11,8.0,5,13,6.0,6.0,7,6,3.0,3.0,8.0,7,14,7,6,6,9,5,8.0,7,7,7,7,14,11,13,5,9,15.0,3.0,0.0,13,27,7,10,3.0,15,13,5,14,7,18,9,9,9,8,17,9,10,8.0,7.0,1.0,21,12,15,6.0,3.0,8,4,4.0,3.0,3.0,12,5,7.0,4.0,4.0,6.0,9.0,4.0,6,2.0,7.0,21,23,5,14,13,9,2.0,10.0,6,19,4,9,13,5,17,10,3.0,5.0,2,5.0,5,10,4.0,6.0,5,2.0,8,7,9,6.0,10.0,15,14,10.0,7.0,6.0,1.0,6.0,5,6.0,6.0,16,11,12,7,4.0,5,6,9,7.0,5.0,6,6.0,3.0,2.0,4.0,6.0,2.0,4.0,3,7,4.0,15.0,5.0,8,7.0,7.0,7.0,7,6.0,1.0,2.0,5,8.0,6,7,7,6,5.0,3,3.0,5,4.0,4.0,5.0,6.0,8.0,4.0,6.0,12,3.0,5.0,13,8.0,22,10,12,15,13,16.0,6,4,6.0,5,2.0,20,6,9,17,3.0,6,6,9,9,1.0,13,4,6,1.0,2.0,6,12,2.0,10,5,7.0,4.0,6,17,12,2,10,6,8,5,10,4.0,7,12,9,3.0,0.0
archaea_archaeoglobus_chunk_70,archaea_archaeoglobus.fasta,70,archaea,3,3,8,5,11,8.0,7,6,12,10,8,7,4.0,11,7,4,6,4.0,10.0,5,8.0,5.0,6.0,12,4,4.0,4.0,5,2.0,6,3.0,4,10,4.0,13.0,6,8,11,7,17,9,7,6.0,9,6,7.0,5.0,7,5,7.0,1.0,2.0,4,13,8,12,6,11,5,8.0,6,9,5,7,8,15,10,10,4,13.0,3.0,5.0,8,13,6,9,6.0,16,11,5,11,11,9,14,14,15,7,11,5,9,8.0,8.0,1.0,23,13,18,2.0,4.0,8,2,5.0,7.0,0.0,5,5,5.0,10.0,4.0,8.0,6.0,5.0,10,1.0,6.0,19,20,6,22,15,10,10.0,6.0,5,18,10,13,4,7,13,9,8.0,4.0,6,1.0,9,13,13.0,6.0,4,1.0,8,12,12,7.0,5.0,10,8,10.0,10.0,12.0,2.0,1.0,6,4.0,3.0,14,7,12,7,3.0,9,13,10,12.0,0.0,5,8.0,8.0,10.0,8.0,3.0,8.0,8.0,7,7,1.0,11.0,7.0,8,7.0,6.0,6.0,5,5.0,8.0,5.0,4,5.0,10,11,4,7,6.0,2,2.0,6,1.0,3.0,4.0,7.0,4.0,3.0,1.0,9,4.0,6.0,14,4.0,12,9,15,17,7,20.0,5,3,6.0,12,2.0,24,18,12,14,8.0,11,4,11,10,6.0,9,10,7,8.0,5.0,9,6,5.0,6,5,3.0,6.0,5,8,19,6,16,11,10,7,7,4.0,17,10,9,1.0,0.0
archaea_archaeoglobus_chunk_71,archaea_archaeoglobus.fasta,71,archaea,17,9,5,11,13,11.0,5,10,9,7,5,4,10.0,8,7,14,12,4.0,12.0,7,9.0,6.0,9.0,4,9,4.0,3.0,9,2.0,4,11.0,7,10,6.0,12.0,4,17,13,4,13,11,4,7.0,6,4,10.0,4.0,3,11,5.0,2.0,7.0,5,10,8,1,8,7,7,12.0,8,5,10,15,10,16,7,11,9,11.0,9.0,4.0,10,28,8,9,7.0,13,12,10,11,14,14,19,12,1,3,8,8,9,3.0,5.0,0.0,21,8,8,6.0,2.0,10,5,7.0,8.0,2.0,8,2,3.0,7.0,4.0,11.0,8.0,2.0,12,2.0,2.0,10,15,11,8,7,12,7.0,9.0,5,12,14,6,4,7,10,7,8.0,3.0,6,3.0,8,9,11.0,6.0,5,1.0,9,8,12,9.0,15.0,9,18,7.0,6.0,10.0,4.0,1.0,4,8.0,5.0,13,9,11,7,3.0,4,7,6,6.0,5.0,9,2.0,12.0,5.0,8.0,1.0,9.0,9.0,5,7,6.0,9.0,3.0,12,13.0,7.0,6.0,1,6.0,7.0,6.0,6,6.0,13,5,11,7,3.0,10,5.0,3,5.0,7.0,5.0,3.0,4.0,2.0,3.0,3,6.0,6.0,9,6.0,14,7,19,10,7,15.0,2,10,6.0,11,0.0,6,7,11,5,9.0,8,7,15,14,6.0,8,6,7,8.0,6.0,9,11,5.0,10,10,7.0,3.0,6,9,13,3,9,13,18,6,8,7.0,11,8,8,3.0,0.0
archaea_archaeoglobus_chunk_72,archaea_archaeoglobus.fasta,72,archaea,8,10,4,7,6,13.0,9,7,7,10,12,5,6.0,14,10,6,7,1.0,2.0,5,9.0,0.0,3.0,13,6,3.0,6.0,6,0.0,9,9.0,3,16,1.0,13.0,10,8,10,3,17,17,5,8.0,13,6,4.0,2.0,10,10,3.0,6.0,2.0,12,6,3,9,8,6,4,12.0,5,6,8,11,7,10,9,8,5,7.0,3.0,6.0,7,17,9,5,4.0,13,5,7,6,11,9,5,7,6,5,12,6,1,7.0,9.0,2.0,13,10,12,4.0,5.0,4,9,2.0,6.0,1.0,4,12,3.0,5.0,6.0,7.0,10.0,6.0,12,1.0,1.0,17,16,11,18,11,16,8.0,10.0,4,23,4,10,5,9,18,12,2.0,1.0,5,5.0,15,7,16.0,8.0,7,0.0,13,12,4,3.0,8.0,9,6,7.0,7.0,7.0,1.0,4.0,3,6.0,0.0,14,15,13,13,4.0,20,7,5,2.0,6.0,8,10.0,3.0,4.0,3.0,4.0,7.0,8.0,11,8,2.0,17.0,5.0,5,5.0,13.0,6.0,4,3.0,7.0,7.0,9,12.0,14,9,10,6,3.0,9,2.0,4,4.0,3.0,11.0,4.0,6.0,4.0,4.0,3,2.0,5.0,16,6.0,19,10,9,17,8,5.0,9,5,10.0,14,2.0,26,11,13,11,3.0,9,6,9,9,4.0,13,5,10,3.0,8.0,15,8,5.0,11,8,7.0,2.0,6,17,12,11,19,6,10,7,10,5.0,18,7,19,2.0,0.0
archaea_archaeoglobus_chunk_73,archaea_archaeoglobus.fasta,73,archaea,24,9,22,18,4,6.0,8,9,21,12,19,6,6.0,11,8,11,3,2.0,11.0,3,5.0,8.0,5.0,19,9,4.0,7.0,7,3.0,6,11.0,4,27,10.0,23.0,7,9,6,5,14,12,9,21.0,12,5,4.0,8.0,6,5,1.0,5.0,8.0,4,6,7,4,7,9,8,3.0,3,8,8,6,11,7,9,5,3,11.0,4.0,3.0,8,12,15,4,2.0,6,2,2,5,7,5,1,4,8,7,9,5,5,4.0,7.0,9.0,11,6,14,11.0,13.0,7,7,1.0,4.0,0.0,8,11,2.0,7.0,5.0,4.0,3.0,5.0,6,13.0,6.0,16,5,9,9,13,10,6.0,7.0,5,15,6,7,30,7,24,10,4.0,12.0,7,9.0,29,9,20.0,10.0,8,0.0,12,5,9,6.0,7.0,1,3,7.0,5.0,8.0,6.0,3.0,6,1.0,5.0,13,13,10,17,5.0,17,5,5,5.0,5.0,13,15.0,9.0,13.0,11.0,3.0,6.0,9.0,17,6,5.0,5.0,2.0,7,1.0,6.0,2.0,9,6.0,10.0,4.0,5,6.0,9,14,8,4,3.0,3,8.0,8,8.0,3.0,9.0,1.0,0.0,3.0,3.0,4,5.0,7.0,15,6.0,16,7,6,5,4,4.0,18,1,8.0,3,4.0,9,6,5,16,4.0,21,6,8,8,6.0,6,6,8,6.0,7.0,6,3,7.0,5,5,8.0,3.0,3,17,7,8,9,18,4,3,7,6.0,12,9,5,2.0,0.0
archaea_archaeoglobus_chunk_74,archaea_archaeoglobus.fasta,74,archaea,3,2,8,4,6,7.0,8,6,12,11,15,10,0.0,6,5,4,8,7.0,10.0,17,3.0,7.0,7.0,8,18,7.0,5.0,5,5.0,4,12.0,1,16,6.0,19.0,11,11,9,8,17,25,15,11.0,9,9,5.0,10.0,2,8,3.0,1.0,0.0,6,5,7,7,7,14,9,4.0,2,3,10,7,2,14,16,2,11,4.0,9.0,6.0,18,9,18,6,3.0,13,12,3,9,3,9,2,6,5,5,7,7,7,6.0,4.0,5.0,7,8,10,4.0,12.0,13,5,10.0,5.0,0.0,10,11,2.0,1.0,10.0,1.0,7.0,4.0,4,11.0,4.0,7,2,6,11,20,21,11.0,4.0,3,14,10,4,7,7,19,5,13.0,10.0,10,6.0,21,24,27.0,10.0,8,2.0,11,13,8,13.0,23.0,5,11,7.0,9.0,7.0,2.0,3.0,11,3.0,5.0,11,25,10,13,13.0,25,10,10,6.0,2.0,13,11.0,9.0,6.0,6.0,3.0,4.0,9.0,13,2,8.0,0.0,4.0,7,3.0,2.0,7.0,7,8.0,10.0,3.0,4,11.0,8,5,5,4,5.0,4,12.0,4,8.0,4.0,1.0,1.0,0.0,0.0,1.0,4,6.0,2.0,9,7.0,9,7,3,4,3,8.0,7,8,2.0,4,7.0,4,11,10,5,8.0,24,8,18,14,9.0,11,14,5,14.0,4.0,1,3,5.0,9,1,6.0,1.0,5,12,8,6,7,11,9,7,7,4.0,5,7,10,7.0,0.0
archaea_archaeoglobus_chunk_75,archaea_archaeoglobus.fasta,75,archaea,23,5,13,14,10,9.0,5,8,13,9,15,5,5.0,15,3,8,8,3.0,9.0,6,3.0,5.0,1.0,14,6,4.0,5.0,6,2.0,6,8.0,9,15,7.0,19.0,7,8,9,2,16,17,15,7.0,10,2,9.0,4.0,7,4,4.0,7.0,4.0,6,14,4,13,3,2,7,3.0,4,11,9,9,13,14,11,5,3,6.0,3.0,6.0,16,12,16,4,7.0,14,3,8,9,3,12,8,8,8,2,9,10,5,2.0,1.0,2.0,19,8,14,5.0,9.0,11,6,9.0,3.0,1.0,4,6,8.0,4.0,2.0,8.0,6.0,3.0,3,7.0,2.0,19,16,15,23,12,16,6.0,5.0,5,23,12,15,14,9,16,8,10.0,5.0,7,6.0,17,11,14.0,8.0,6,1.0,6,13,14,9.0,12.0,4,9,3.0,5.0,6.0,6.0,1.0,5,3.0,2.0,18,9,14,13,5.0,13,12,13,6.0,6.0,13,10.0,5.0,3.0,2.0,0.0,3.0,5.0,6,7,2.0,4.0,1.0,5,5.0,8.0,8.0,5,2.0,4.0,4.0,4,8.0,5,3,5,4,2.0,4,3.0,3,6.0,5.0,2.0,3.0,4.0,5.0,1.0,8,3.0,4.0,12,3.0,15,14,12,11,10,14.0,9,7,8.0,10,3.0,30,14,18,14,7.0,7,1,9,5,5.0,10,10,10,6.0,0.0,4,8,3.0,4,4,4.0,3.0,9,14,12,7,21,9,9,9,7,7.0,12,8,8,0.0,0.0
archaea_archaeoglobus_chunk_76,archaea_archaeoglobus.fasta,76,archaea,21,9,12,11,7,9.0,7,6,15,10,6,11,13.0,15,7,6,6,2.0,6.0,12,8.0,7.0,8.0,7,8,5.0,3.0,7,5.0,7,4.0,5,10,5.0,12.0,7,5,5,5,9,8,7,5.0,5,7,10.0,4.0,13,16,5.0,5.0,8.0,9,15,10,9,8,5,9,7.0,5,13,11,9,10,9,8,10,4,12.0,4.0,5.0,6,6,6,6,6.0,15,3,11,9,11,6,8,11,5,5,7,10,7,8.0,9.0,5.0,13,7,6,7.0,7.0,7,13,5.0,7.0,2.0,9,9,3.0,5.0,4.0,10.0,7.0,7.0,12,8.0,5.0,5,13,14,8,14,8,5.0,5.0,5,12,8,8,12,3,15,7,6.0,6.0,5,4.0,9,5,9.0,13.0,10,4.0,15,9,11,4.0,6.0,4,4,4.0,10.0,6.0,4.0,4.0,4,5.0,3.0,11,14,4,7,4.0,11,4,8,4.0,5.0,4,2.0,6.0,3.0,5.0,4.0,7.0,6.0,5,11,7.0,2.0,8.0,10,8.0,7.0,6.0,4,5.0,7.0,7.0,7,12.0,8,15,10,8,7.0,13,9.0,3,7.0,6.0,4.0,3.0,4.0,4.0,5.0,9,4.0,12.0,11,8.0,6,11,11,12,11,11.0,12,7,6.0,15,5.0,9,7,17,13,6.0,6,14,7,8,5.0,10,7,5,3.0,8.0,7,7,6.0,12,8,5.0,6.0,9,12,9,9,15,13,12,2,13,11.0,8,13,11,3.0,2.0
archaea_archaeoglobus_chunk_77,archaea_archaeoglobus.fasta,77,archaea,15,9,19,10,4,2.0,5,6,19,13,21,9,3.0,17,6,7,7,4.0,3.0,4,10.0,4.0,9.0,4,4,6.0,7.0,5,4.0,6,10.0,7,17,7.0,14.0,15,10,10,5,11,19,8,6.0,14,8,1.0,9.0,8,5,1.0,5.0,1.0,9,2,14,9,9,9,8,3.0,5,8,6,7,14,3,10,12,6,12.0,4.0,9.0,11,11,7,5,3.0,13,4,2,10,12,3,6,3,4,8,8,9,8,8.0,5.0,1.0,10,8,8,11.0,7.0,12,6,4.0,9.0,4.0,8,8,5.0,4.0,9.0,7.0,3.0,6.0,10,6.0,1.0,7,11,6,16,6,19,4.0,9.0,2,7,8,16,15,4,24,6,3.0,8.0,6,11.0,21,7,18.0,9.0,4,0.0,18,14,12,8.0,18.0,5,13,9.0,7.0,8.0,9.0,8.0,5,12.0,2.0,10,6,10,10,10.0,16,7,14,5.0,5.0,2,8.0,4.0,8.0,5.0,3.0,8.0,6.0,14,8,6.0,3.0,6.0,9,3.0,2.0,3.0,7,11.0,7.0,1.0,5,7.0,17,9,9,1,9.0,5,5.0,5,7.0,1.0,3.0,5.0,1.0,3.0,2.0,4,1.0,3.0,10,7.0,10,7,5,6,6,7.0,14,3,6.0,4,4.0,14,14,8,11,4.0,13,8,15,13,19.0,7,8,9,7.0,3.0,5,5,5.0,6,8,5.0,3.0,2,9,8,5,12,14,15,8,8,6.0,12,14,8,3.0,1.0
archaea_archaeoglobus_chunk_78,archaea_archaeoglobus.fasta,78,archaea,12,2,22,12,6,3.0,6,5,13,10,30,4,4.0,8,9,7,7,5.0,11.0,3,1.0,5.0,4.0,2,12,6.0,8.0,8,3.0,9,8.0,4,18,6.0,14.0,13,5,4,9,19,32,24,15.0,17,1,6.0,4.0,7,7,6.0,4.0,2.0,8,5,7,6,7,8,8,2.0,2,5,7,4,9,11,4,8,6,2.0,7.0,6.0,10,5,18,1,1.0,8,5,3,4,6,4,1,2,3,6,5,7,6,5.0,5.0,1.0,2,9,5,5.0,12.0,19,2,4.0,8.0,0.0,7,5,2.0,7.0,9.0,1.0,4.0,8.0,12,8.0,4.0,12,5,10,7,16,9,12.0,5.0,4,11,16,3,22,5,26,5,8.0,5.0,14,5.0,25,19,37.0,13.0,9,1.0,11,7,10,6.0,7.0,7,8,2.0,11.0,4.0,10.0,2.0,5,6.0,6.0,14,19,14,21,7.0,33,6,15,5.0,10.0,16,16.0,10.0,9.0,6.0,4.0,6.0,12.0,18,2,5.0,1.0,1.0,3,4.0,2.0,10.0,6,6.0,15.0,2.0,8,10.0,20,5,5,2,5.0,3,6.0,2,7.0,8.0,3.0,3.0,3.0,0.0,5.0,9,0.0,1.0,11,4.0,12,6,4,6,2,5.0,9,5,5.0,6,6.0,9,6,11,14,7.0,28,7,6,8,5.0,11,14,10,10.0,8.0,3,3,5.0,6,3,4.0,3.0,8,10,3,6,9,27,7,7,8,4.0,2,6,2,3.0,1.0
archaea_archaeoglobus_chunk_79,archaea_archaeoglobus.fasta,79,archaea,8,4,2,9,6,13.0,10,3,7,6,12,1,5.0,12,7,6,7,7.0,4.0,4,8.0,1.0,7.0,16,9,2.0,4.0,5,2.0,4,5.0,3,14,3.0,0.0,2,7,7,6,14,6,8,7.0,8,3,4.0,2.0,7,4,0.0,1.0,6.0,10,9,4,14,7,7,7,6.0,2,9,10,11,7,18,15,10,11,8.0,3.0,7.0,9,18,5,8,1.0,17,4,10,8,10,10,9,4,3,2,17,3,8,2.0,5.0,0.0,37,10,26,2.0,8.0,11,8,5.0,5.0,1.0,10,2,9.0,0.0,9.0,1.0,11.0,1.0,4,6.0,3.0,17,32,13,34,11,21,9.0,5.0,4,32,17,10,4,7,6,10,3.0,9.0,4,2.0,3,5,11.0,6.0,1,4.0,11,10,21,1.0,10.0,9,7,8.0,3.0,16.0,2.0,4.0,7,1.0,4.0,20,14,8,3,1.0,4,6,13,9.0,2.0,9,1.0,8.0,2.0,7.0,1.0,14.0,10.0,7,2,1.0,5.0,2.0,9,11.0,11.0,10.0,2,7.0,6.0,3.0,4,5.0,7,5,4,3,3.0,1,2.0,2,3.0,2.0,0.0,5.0,1.0,1.0,4.0,5,5.0,6.0,14,11.0,16,10,18,14,6,24.0,15,7,7.0,6,4.0,35,17,26,8,6.0,10,10,16,13,5.0,13,5,8,9.0,8.0,5,12,5.0,3,4,2.0,1.0,9,15,9,7,24,14,12,8,11,6.0,9,11,13,1.0,0.0
archaea_archaeoglobus_chunk_80,archaea_archaeoglobus.fasta,80,archaea,17,5,21,10,8,3.0,4,2,15,13,20,14,4.0,7,12,7,12,5.0,9.0,6,5.0,3.0,2.0,7,16,3.0,5.0,2,0.0,4,8.0,6,16,10.0,12.0,10,11,6,4,12,22,17,16.0,11,5,6.0,12.0,12,11,8.0,5.0,4.0,5,6,2,7,20,9,7,4.0,2,10,11,9,8,7,10,4,5,7.0,7.0,3.0,11,7,18,5,9.0,8,5,5,5,7,6,6,4,6,6,8,4,3,6.0,5.0,4.0,6,6,11,6.0,2.0,19,9,3.0,4.0,0.0,3,5,4.0,3.0,3.0,4.0,3.0,0.0,5,7.0,0.0,10,6,3,6,10,11,14.0,3.0,3,8,14,12,15,3,22,11,7.0,4.0,10,10.0,20,13,27.0,11.0,12,1.0,18,15,3,9.0,15.0,8,7,5.0,7.0,8.0,9.0,1.0,3,2.0,7.0,10,12,9,13,12.0,17,17,12,5.0,6.0,12,16.0,10.0,5.0,5.0,4.0,2.0,12.0,9,5,2.0,2.0,5.0,3,3.0,4.0,5.0,8,7.0,11.0,4.0,7,9.0,8,11,13,2,9.0,5,12.0,3,5.0,3.0,2.0,1.0,1.0,4.0,3.0,4,5.0,5.0,9,1.0,11,7,8,10,3,4.0,7,3,1.0,3,3.0,5,12,11,16,7.0,23,10,9,12,5.0,11,16,4,12.0,8.0,1,4,6.0,9,7,6.0,0.0,8,10,10,5,13,18,10,8,9,9.0,11,12,12,6.0,1.0
archaea_archaeoglobus_chunk_81,archaea_archaeoglobus.fasta,81,archaea,18,8,9,8,4,6.0,9,12,7,5,27,5,4.0,6,7,5,6,3.0,4.0,8,12.0,2.0,8.0,12,13,6.0,6.0,8,7.0,3,12.0,13,17,3.0,16.0,12,8,8,7,9,23,14,20.0,17,4,2.0,5.0,5,5,3.0,2.0,5.0,7,4,7,6,3,8,10,4.0,5,3,9,9,11,10,8,2,3,12.0,7.0,8.0,14,9,10,1,5.0,9,3,6,6,12,8,4,4,5,2,3,13,4,5.0,1.0,2.0,9,8,7,7.0,9.0,18,6,3.0,5.0,1.0,6,4,8.0,10.0,5.0,2.0,5.0,2.0,9,15.0,1.0,12,2,7,7,19,8,13.0,4.0,2,11,8,10,10,10,17,10,8.0,8.0,6,9.0,25,17,34.0,10.0,3,2.0,13,14,9,8.0,7.0,5,8,5.0,9.0,9.0,9.0,1.0,12,3.0,8.0,9,10,7,12,10.0,29,10,13,9.0,9.0,13,19.0,11.0,12.0,8.0,4.0,5.0,17.0,13,8,2.0,3.0,0.0,7,3.0,4.0,4.0,10,3.0,14.0,3.0,3,5.0,10,14,4,3,10.0,2,5.0,8,11.0,6.0,2.0,1.0,3.0,0.0,3.0,7,2.0,1.0,10,7.0,15,6,6,2,4,2.0,5,4,4.0,6,2.0,7,14,4,11,9.0,23,4,5,9,8.0,6,15,11,8.0,9.0,3,6,6.0,5,3,10.0,1.0,7,12,5,1,11,15,9,6,9,11.0,10,12,13,3.0,0.0
archaea_archaeoglobus_chunk_82,archaea_archaeoglobus.fasta,82,archaea,8,3,15,8,8,7.0,8,1,18,12,25,11,0.0,9,5,6,9,9.0,5.0,16,5.0,7.0,6.0,7,7,5.0,12.0,7,4.0,4,8.0,1,28,6.0,27.0,12,10,13,8,13,19,20,7.0,19,9,2.0,6.0,9,3,4.0,2.0,2.0,8,2,7,9,12,6,11,8.0,5,5,6,3,4,7,21,7,3,8.0,3.0,7.0,16,13,8,6,4.0,13,10,4,9,3,8,4,8,4,9,6,9,7,9.0,4.0,2.0,6,4,7,7.0,9.0,15,4,7.0,1.0,1.0,7,13,6.0,0.0,9.0,5.0,5.0,6.0,4,14.0,0.0,5,5,4,5,9,7,12.0,7.0,3,9,13,6,17,13,25,2,15.0,5.0,7,6.0,33,18,32.0,9.0,4,2.0,18,7,11,5.0,19.0,3,9,9.0,10.0,3.0,8.0,1.0,4,7.0,4.0,5,17,14,11,11.0,27,8,14,7.0,10.0,12,7.0,6.0,3.0,1.0,5.0,6.0,12.0,13,5,11.0,3.0,6.0,7,3.0,2.0,2.0,9,9.0,11.0,6.0,5,11.0,11,7,5,1,4.0,3,13.0,5,13.0,3.0,6.0,1.0,0.0,0.0,3.0,2,4.0,2.0,10,4.0,11,8,2,7,4,3.0,11,3,3.0,2,4.0,4,6,9,11,7.0,23,7,7,10,1.0,8,18,11,7.0,7.0,6,1,11.0,8,5,5.0,2.0,3,13,6,6,7,18,4,9,5,2.0,8,6,8,0.0,0.0
archaea_archaeoglobus_chunk_83,archaea_archaeoglobus.fasta,83,archaea,16,5,15,10,6,8.0,5,10,15,9,12,4,3.0,14,6,5,7,4.0,8.0,9,5.0,5.0,3.0,8,9,4.0,6.0,5,4.0,1,9.0,9,19,5.0,20.0,9,11,8,7,20,20,16,12.0,14,2,4.0,7.0,4,6,4.0,5.0,4.0,5,8,7,10,2,12,13,1.0,7,6,7,11,3,11,9,10,14,6.0,5.0,2.0,13,17,15,7,7.0,9,3,9,4,4,6,5,2,4,5,6,9,5,2.0,2.0,2.0,15,8,7,7.0,4.0,14,7,7.0,5.0,0.0,6,7,3.0,1.0,5.0,2.0,4.0,0.0,5,6.0,2.0,15,7,4,8,16,13,14.0,9.0,3,19,13,10,19,10,11,7,5.0,2.0,7,8.0,21,17,33.0,6.0,6,2.0,14,15,12,9.0,20.0,6,4,6.0,5.0,8.0,7.0,2.0,6,2.0,3.0,9,22,21,13,9.0,19,12,12,0.0,6.0,17,10.0,6.0,9.0,5.0,3.0,8.0,10.0,10,2,1.0,1.0,4.0,7,4.0,0.0,9.0,8,7.0,7.0,3.0,5,5.0,9,7,8,3,5.0,1,3.0,5,7.0,3.0,4.0,3.0,2.0,0.0,3.0,5,5.0,2.0,10,10.0,18,8,8,2,5,10.0,7,7,2.0,2,3.0,9,13,9,8,4.0,23,9,17,10,4.0,12,16,10,8.0,7.0,1,4,8.0,7,5,7.0,3.0,5,19,6,7,7,18,11,7,7,5.0,9,14,13,4.0,0.0
archaea_archaeoglobus_chunk_84,archaea_archaeoglobus.fasta,84,archaea,16,8,14,12,9,6.0,7,4,13,10,18,6,5.0,9,10,11,10,2.0,9.0,15,8.0,3.0,3.0,13,8,8.0,7.0,2,5.0,3,5.0,4,17,7.0,12.0,9,12,10,5,12,18,8,11.0,12,3,2.0,5.0,5,6,2.0,7.0,4.0,6,9,12,4,9,10,13,5.0,5,9,17,7,11,7,10,5,9,9.0,6.0,3.0,14,7,8,4,5.0,15,13,11,8,12,5,8,6,9,9,6,9,7,7.0,2.0,3.0,12,10,9,6.0,8.0,11,12,6.0,9.0,2.0,6,11,7.0,7.0,10.0,1.0,3.0,2.0,2,7.0,3.0,8,9,11,13,10,14,6.0,7.0,4,11,8,7,16,8,19,9,12.0,7.0,7,7.0,15,15,20.0,3.0,6,1.0,11,12,13,8.0,13.0,11,9,14.0,3.0,7.0,9.0,4.0,8,1.0,4.0,16,13,10,21,7.0,18,4,13,5.0,6.0,9,9.0,11.0,3.0,6.0,11.0,5.0,6.0,10,7,6.0,6.0,5.0,6,5.0,1.0,3.0,6,7.0,1.0,6.0,6,3.0,12,2,7,4,4.0,9,6.0,5,5.0,3.0,3.0,7.0,3.0,2.0,3.0,6,3.0,3.0,2,5.0,6,10,10,4,10,8.0,11,4,13.0,3,2.0,10,9,7,8,11.0,12,5,14,9,9.0,16,12,7,8.0,4.0,9,5,7.0,6,7,4.0,2.0,3,3,9,7,8,11,17,11,9,1.0,4,11,4,4.0,0.0
archaea_archaeoglobus_chunk_85,archaea_archaeoglobus.fasta,85,archaea,14,7,6,8,8,6.0,12,5,11,11,22,3,4.0,6,11,3,10,4.0,9.0,7,5.0,8.0,3.0,5,12,8.0,11.0,5,2.0,4,9.0,2,13,7.0,18.0,8,12,9,8,20,17,12,11.0,16,6,2.0,3.0,11,5,1.0,7.0,4.0,9,5,8,3,12,14,13,6.0,4,8,10,4,7,15,18,9,4,7.0,11.0,6.0,8,19,6,10,4.0,7,8,12,9,7,7,7,7,8,3,9,9,2,5.0,4.0,2.0,8,9,7,1.0,7.0,12,16,6.0,6.0,0.0,1,9,7.0,9.0,6.0,1.0,5.0,4.0,8,8.0,3.0,12,7,5,6,11,16,10.0,4.0,4,8,12,1,9,8,15,4,12.0,5.0,6,4.0,22,16,26.0,8.0,7,3.0,20,10,15,6.0,16.0,10,12,6.0,10.0,9.0,8.0,1.0,10,2.0,7.0,10,18,13,15,8.0,21,7,11,7.0,9.0,13,9.0,13.0,8.0,5.0,4.0,5.0,11.0,15,3,1.0,4.0,6.0,9,0.0,4.0,1.0,6,11.0,6.0,3.0,12,12.0,17,2,5,1,8.0,3,6.0,3,6.0,2.0,5.0,3.0,2.0,1.0,2.0,9,6.0,1.0,15,11.0,11,7,6,5,4,3.0,7,2,5.0,7,1.0,8,5,3,7,6.0,21,9,18,15,4.0,14,16,8,7.0,8.0,3,2,8.0,9,8,7.0,0.0,5,14,6,4,7,14,10,10,9,0.0,3,4,5,1.0,0.0
archaea_archaeoglobus_chunk_86,archaea_archaeoglobus.fasta,86,archaea,21,10,18,11,6,15.0,6,5,18,12,9,8,7.0,19,6,8,7,0.0,8.0,3,4.0,8.0,6.0,14,9,2.0,2.0,3,4.0,6,5.0,6,22,2.0,20.0,7,4,6,4,13,13,6,12.0,13,9,3.0,5.0,6,10,4.0,3.0,3.0,8,12,9,10,8,5,7,7.0,6,5,2,11,20,10,11,5,2,10.0,2.0,6.0,11,5,8,2,4.0,6,3,6,9,9,1,5,5,7,3,12,6,3,6.0,8.0,3.0,18,11,20,4.0,8.0,6,7,5.0,3.0,1.0,7,2,8.0,4.0,4.0,5.0,2.0,6.0,3,7.0,6.0,11,13,6,15,10,19,8.0,9.0,5,23,7,14,11,8,12,15,6.0,3.0,5,5.0,19,10,21.0,8.0,6,0.0,11,5,12,5.0,8.0,4,4,1.0,8.0,9.0,5.0,2.0,4,2.0,2.0,8,17,12,9,6.0,15,4,7,7.0,6.0,6,10.0,7.0,10.0,12.0,10.0,5.0,14.0,9,10,2.0,11.0,9.0,2,4.0,3.0,5.0,6,4.0,18.0,7.0,4,7.0,6,8,8,5,6.0,9,4.0,4,3.0,5.0,3.0,0.0,6.0,5.0,3.0,14,7.0,5.0,18,6.0,9,7,11,11,6,17.0,5,9,6.0,3,6.0,13,13,11,11,3.0,17,4,13,6,2.0,13,9,5,13.0,9.0,8,4,10.0,7,6,3.0,0.0,11,19,16,5,13,10,6,3,6,5.0,18,10,15,2.0,0.0
archaea_archaeoglobus_chunk_87,archaea_archaeoglobus.fasta,87,archaea,16,6,11,14,4,11.0,10,7,7,7,13,6,9.0,9,10,12,6,3.0,6.0,4,5.0,4.0,12.0,10,8,4.0,11.0,4,1.0,8,2.0,9,24,4.0,18.0,6,10,6,6,8,15,5,14.0,7,5,4.0,3.0,7,6,4.0,2.0,8.0,5,3,8,8,6,10,10,9.0,4,6,9,10,14,10,5,9,3,9.0,6.0,3.0,14,9,7,1,1.0,7,5,3,5,4,3,4,5,4,3,4,8,4,9.0,6.0,3.0,16,3,12,7.0,7.0,16,5,5.0,3.0,1.0,5,18,8.0,7.0,8.0,4.0,8.0,6.0,10,7.0,4.0,14,13,13,9,9,12,4.0,7.0,1,16,7,17,14,11,14,13,7.0,4.0,7,5.0,28,12,19.0,10.0,8,0.0,16,8,13,4.0,11.0,3,1,2.0,4.0,8.0,10.0,1.0,8,5.0,2.0,13,17,9,16,6.0,23,13,7,3.0,9.0,9,12.0,6.0,11.0,7.0,1.0,6.0,6.0,12,5,4.0,2.0,3.0,5,4.0,7.0,8.0,6,4.0,9.0,6.0,5,9.0,13,13,3,5,3.0,4,5.0,7,4.0,5.0,3.0,2.0,2.0,2.0,2.0,8,4.0,6.0,14,10.0,10,5,5,6,8,12.0,9,5,13.0,13,6.0,12,10,11,5,6.0,12,8,9,3,8.0,19,13,9,5.0,3.0,4,6,10.0,11,4,6.0,4.0,5,15,11,12,14,10,13,7,9,9.0,21,10,15,0.0,1.0
archaea_archaeoglobus_chunk_88,archaea_archaeoglobus.fasta,88,archaea,15,6,15,12,9,5.0,6,6,15,13,14,5,5.0,10,8,7,7,2.0,8.0,4,2.0,6.0,5.0,15,5,1.0,6.0,8,2.0,6,4.0,11,16,9.0,22.0,12,10,8,6,15,14,8,13.0,10,5,4.0,5.0,10,3,3.0,4.0,4.0,7,7,6,12,8,6,6,4.0,7,7,3,11,8,11,9,11,2,9.0,2.0,8.0,14,9,7,6,2.0,7,3,7,5,9,5,4,9,8,2,14,3,7,4.0,9.0,3.0,17,2,23,6.0,8.0,9,4,5.0,5.0,0.0,5,8,3.0,5.0,5.0,6.0,9.0,1.0,9,2.0,5.0,19,10,12,17,9,10,5.0,6.0,7,26,10,17,22,5,14,4,6.0,7.0,10,7.0,24,11,22.0,11.0,5,4.0,9,9,8,1.0,12.0,4,7,10.0,5.0,7.0,5.0,4.0,4,0.0,4.0,10,13,11,10,4.0,20,6,7,5.0,6.0,9,5.0,9.0,9.0,6.0,7.0,0.0,10.0,9,6,2.0,10.0,5.0,6,3.0,4.0,5.0,7,4.0,7.0,2.0,3,9.0,16,5,3,4,9.0,2,4.0,7,2.0,2.0,6.0,6.0,2.0,2.0,2.0,11,4.0,5.0,19,9.0,11,7,5,9,11,9.0,14,3,7.0,8,1.0,25,11,15,13,9.0,17,5,3,11,1.0,10,13,7,2.0,5.0,5,5,4.0,5,6,8.0,2.0,8,14,14,10,18,20,5,9,7,7.0,14,12,9,3.0,0.0
archaea_archaeoglobus_chunk_89,archaea_archaeoglobus.fasta,89,archaea,16,10,11,13,8,9.0,10,9,10,13,5,5,5.0,12,2,11,6,1.0,9.0,8,10.0,9.0,6.0,12,4,7.0,8.0,3,2.0,5,3.0,7,15,4.0,20.0,8,15,13,5,14,14,8,4.0,6,10,3.0,4.0,8,9,7.0,5.0,2.0,6,10,7,5,6,11,3,4.0,3,6,10,11,8,11,6,7,4,9.0,2.0,2.0,16,17,8,4,7.0,11,9,8,6,6,15,12,7,11,6,18,4,7,8.0,9.0,4.0,17,13,17,7.0,6.0,11,5,3.0,11.0,2.0,8,10,8.0,7.0,7.0,5.0,8.0,9.0,6,7.0,4.0,14,14,12,14,12,11,8.0,4.0,5,13,9,13,14,11,13,6,5.0,6.0,5,4.0,16,14,16.0,12.0,10,0.0,11,7,12,6.0,9.0,8,10,9.0,7.0,14.0,11.0,2.0,10,7.0,3.0,12,8,10,11,6.0,15,10,7,5.0,6.0,7,8.0,4.0,3.0,2.0,3.0,6.0,4.0,6,6,3.0,9.0,5.0,3,6.0,6.0,6.0,5,6.0,5.0,4.0,4,8.0,8,5,12,4,3.0,4,7.0,12,5.0,2.0,5.0,3.0,3.0,4.0,1.0,5,2.0,4.0,8,4.0,12,7,12,13,9,7.0,10,8,6.0,9,3.0,20,11,6,11,4.0,13,5,10,11,17.0,4,10,5,3.0,4.0,5,4,3.0,5,7,9.0,1.0,1,8,11,8,15,10,14,6,5,6.0,15,8,10,1.0,0.0
archaea_archaeoglobus_chunk_90,archaea_archaeoglobus.fasta,90,archaea,11,13,12,10,12,6.0,11,9,8,8,13,7,8.0,5,7,10,9,3.0,6.0,9,5.0,3.0,6.0,8,9,1.0,5.0,6,4.0,7,3.0,4,13,3.0,11.0,8,6,7,12,12,11,6,9.0,11,17,1.0,7.0,8,7,3.0,7.0,10.0,11,6,5,5,6,13,4,6.0,10,15,8,14,11,13,2,3,4,6.0,6.0,1.0,9,12,3,7,6.0,15,4,11,4,4,10,9,12,10,5,6,6,2,8.0,6.0,2.0,15,5,10,6.0,7.0,6,4,1.0,2.0,0.0,6,7,3.0,10.0,4.0,9.0,8.0,4.0,8,3.0,6.0,10,15,5,12,12,6,4.0,8.0,5,13,7,15,12,7,16,8,4.0,5.0,3,5.0,9,11,15.0,11.0,6,0.0,13,13,2,5.0,8.0,8,5,10.0,3.0,3.0,5.0,2.0,7,7.0,3.0,7,11,10,8,2.0,13,13,2,4.0,4.0,5,11.0,3.0,10.0,10.0,8.0,4.0,9.0,10,11,3.0,19.0,6.0,4,3.0,2.0,8.0,9,9.0,8.0,5.0,8,6.0,9,14,12,4,6.0,9,7.0,5,1.0,3.0,10.0,6.0,6.0,8.0,7.0,7,5.0,13.0,14,5.0,7,10,5,10,8,15.0,3,4,4.0,10,4.0,13,11,16,16,5.0,16,7,14,8,5.0,8,7,3,5.0,6.0,5,4,11.0,11,9,7.0,4.0,10,11,14,9,19,17,7,5,12,7.0,19,17,30,4.0,0.0
archaea_archaeoglobus_chunk_91,archaea_archaeoglobus.fasta,91,archaea,9,6,3,9,9,17.0,6,14,5,16,3,2,4.0,7,2,9,6,4.0,5.0,6,10.0,11.0,7.0,12,7,3.0,1.0,3,5.0,11,6.0,10,2,5.0,4.0,5,10,13,5,20,6,3,4.0,6,2,5.0,2.0,5,6,5.0,1.0,2.0,18,6,4,8,3,4,5,4.0,1,5,9,14,6,19,11,7,7,12.0,5.0,9.0,8,15,7,5,6.0,15,5,8,6,10,9,13,10,15,6,20,5,5,4.0,8.0,3.0,33,15,26,7.0,1.0,9,5,0.0,8.0,3.0,4,9,2.0,4.0,1.0,3.0,8.0,2.0,10,4.0,5.0,21,28,9,32,17,16,5.0,8.0,11,35,12,16,7,11,8,4,2.0,3.0,3,3.0,2,13,8.0,7.0,3,3.0,8,6,9,2.0,6.0,3,7,15.0,2.0,18.0,3.0,3.0,4,4.0,2.0,19,7,12,8,3.0,10,5,5,2.0,2.0,8,3.0,7.0,3.0,2.0,1.0,2.0,4.0,9,4,2.0,3.0,1.0,6,4.0,6.0,6.0,2,4.0,5.0,2.0,6,8.0,5,12,5,10,4.0,2,3.0,8,0.0,6.0,2.0,4.0,1.0,0.0,1.0,11,1.0,6.0,22,17.0,15,12,10,10,7,27.0,7,4,7.0,8,2.0,27,18,26,13,2.0,7,5,5,19,4.0,8,8,5,4.0,7.0,4,7,5.0,7,8,6.0,3.0,11,21,16,7,27,5,12,9,9,10.0,23,9,20,3.0,0.0
archaea_archaeoglobus_chunk_92,archaea_archaeoglobus.fasta,92,archaea,23,5,17,8,6,13.0,9,2,10,6,26,6,8.0,4,7,8,5,2.0,5.0,8,6.0,7.0,9.0,8,3,8.0,10.0,10,1.0,4,9.0,6,20,5.0,17.0,3,17,10,4,11,21,12,16.0,20,6,4.0,4.0,11,9,2.0,9.0,5.0,5,4,5,8,9,4,7,4.0,8,9,5,8,10,10,4,7,4,5.0,7.0,4.0,9,18,15,4,4.0,9,7,11,6,11,9,8,7,8,3,5,3,4,7.0,5.0,0.0,11,6,12,2.0,3.0,5,5,6.0,6.0,0.0,5,9,4.0,5.0,9.0,3.0,4.0,4.0,11,3.0,1.0,10,7,7,11,15,9,7.0,7.0,3,7,11,11,15,9,17,6,4.0,7.0,7,4.0,21,14,25.0,12.0,7,2.0,8,7,10,5.0,17.0,11,10,3.0,5.0,7.0,4.0,2.0,4,2.0,3.0,5,13,10,15,5.0,29,10,10,4.0,5.0,8,16.0,6.0,8.0,4.0,13.0,3.0,7.0,21,8,10.0,4.0,5.0,5,3.0,2.0,4.0,4,3.0,11.0,2.0,10,9.0,19,12,5,6,10.0,6,6.0,5,8.0,10.0,5.0,4.0,3.0,3.0,6.0,7,2.0,4.0,10,2.0,15,4,11,5,2,9.0,5,3,6.0,5,2.0,15,10,4,10,9.0,21,6,10,5,3.0,7,13,5,5.0,11.0,5,3,5.0,7,8,14.0,2.0,8,11,13,5,8,19,9,9,7,11.0,11,9,13,2.0,0.0
archaea_archaeoglobus_chunk_93,archaea_archaeoglobus.fasta,93,archaea,8,6,11,6,5,10.0,9,12,9,12,12,4,3.0,16,6,6,5,0.0,0.0,4,3.0,0.0,1.0,10,8,3.0,3.0,2,2.0,9,5.0,6,13,2.0,3.0,6,7,14,5,19,10,10,7.0,13,6,2.0,4.0,4,3,5.0,5.0,4.0,13,13,10,19,8,6,12,6.0,1,4,7,11,10,12,7,9,1,2.0,3.0,2.0,8,16,7,5,7.0,20,4,3,7,4,13,8,6,9,2,15,1,2,3.0,4.0,1.0,34,11,24,8.0,1.0,9,6,3.0,2.0,1.0,8,2,5.0,2.0,4.0,8.0,2.0,2.0,10,2.0,12.0,22,30,12,23,12,16,5.0,7.0,9,19,17,17,9,8,17,10,0.0,1.0,2,2.0,5,7,19.0,3.0,3,1.0,16,9,7,2.0,6.0,8,8,8.0,3.0,13.0,5.0,0.0,3,5.0,6.0,22,9,17,7,1.0,6,11,6,4.0,4.0,11,5.0,2.0,3.0,5.0,6.0,8.0,4.0,10,6,3.0,8.0,9.0,5,8.0,6.0,2.0,5,4.0,2.0,1.0,7,11.0,2,10,4,10,2.0,6,3.0,1,2.0,6.0,2.0,9.0,2.0,4.0,4.0,18,7.0,5.0,19,2.0,17,14,15,15,4,32.0,10,9,4.0,11,7.0,22,15,15,16,1.0,16,6,7,12,3.0,16,8,8,3.0,6.0,6,9,2.0,6,11,2.0,4.0,9,12,15,6,15,14,12,6,9,9.0,14,15,21,2.0,0.0
archaea_archaeoglobus_chunk_94,archaea_archaeoglobus.fasta,94,archaea,10,8,7,7,14,13.0,10,10,4,13,5,4,6.0,7,6,8,13,6.0,1.0,5,8.0,4.0,10.0,14,4,4.0,4.0,4,1.0,9,2.0,12,10,0.0,8.0,2,6,16,5,17,4,3,2.0,5,2,4.0,2.0,4,7,2.0,1.0,5.0,10,3,7,9,5,8,3,6.0,3,13,6,9,11,19,15,10,5,15.0,3.0,8.0,4,15,1,2,4.0,10,6,6,1,15,6,5,6,7,6,9,10,7,4.0,6.0,3.0,33,17,22,6.0,5.0,9,6,6.0,6.0,2.0,9,2,7.0,2.0,4.0,5.0,8.0,4.0,8,8.0,7.0,22,34,6,26,9,20,5.0,10.0,11,30,11,28,4,9,4,9,2.0,2.0,2,1.0,10,9,6.0,5.0,2,1.0,4,11,10,2.0,6.0,7,5,7.0,5.0,19.0,3.0,2.0,1,4.0,3.0,14,13,20,2,0.0,5,7,5,4.0,0.0,5,3.0,1.0,2.0,3.0,0.0,6.0,0.0,9,1,2.0,3.0,2.0,8,3.0,10.0,8.0,2,5.0,0.0,6.0,7,10.0,5,11,7,11,0.0,1,4.0,6,1.0,5.0,2.0,7.0,2.0,1.0,3.0,11,6.0,6.0,31,8.0,9,9,8,10,6,33.0,9,10,6.0,11,10.0,32,12,26,8,2.0,8,3,8,10,3.0,19,5,3,3.0,3.0,1,11,7.0,12,10,4.0,7.0,12,17,17,13,38,5,7,6,9,12.0,31,5,29,1.0,1.0
archaea_archaeoglobus_chunk_95,archaea_archaeoglobus.fasta,95,archaea,16,12,17,12,10,6.0,10,9,22,9,27,5,8.0,8,13,8,14,5.0,8.0,9,4.0,2.0,3.0,3,13,2.0,9.0,3,5.0,3,7.0,7,18,13.0,17.0,7,3,6,7,15,18,16,25.0,8,4,0.0,6.0,7,18,6.0,9.0,4.0,4,3,4,6,13,8,13,5.0,7,7,5,4,8,9,9,9,2,2.0,5.0,4.0,6,5,9,4,10.0,2,4,7,4,4,3,5,2,1,3,4,4,1,5.0,3.0,3.0,7,3,7,7.0,5.0,13,6,1.0,5.0,0.0,2,11,2.0,6.0,6.0,1.0,4.0,3.0,12,4.0,8.0,6,4,6,8,17,13,12.0,5.0,3,12,14,8,21,8,28,9,13.0,3.0,5,9.0,21,13,30.0,7.0,16,0.0,16,7,7,4.0,9.0,4,5,5.0,5.0,9.0,8.0,2.0,3,6.0,5.0,8,27,13,19,6.0,22,17,12,3.0,4.0,25,16.0,17.0,13.0,6.0,2.0,3.0,7.0,15,6,3.0,0.0,1.0,4,1.0,3.0,1.0,6,6.0,12.0,0.0,4,8.0,17,13,12,6,9.0,7,11.0,1,7.0,0.0,6.0,4.0,1.0,1.0,3.0,7,6.0,1.0,10,0.0,4,5,5,2,2,4.0,5,3,8.0,8,2.0,6,10,10,22,6.0,19,9,8,10,8.0,11,19,9,8.0,7.0,3,2,8.0,8,7,6.0,3.0,4,5,5,11,13,20,10,7,11,6.0,7,12,13,3.0,0.0
archaea_archaeoglobus_chunk_96,archaea_archaeoglobus.fasta,96,archaea,18,9,10,21,3,13.0,6,6,7,9,3,6,11.0,15,14,14,6,2.0,4.0,4,12.0,4.0,9.0,9,8,0.0,2.0,4,1.0,12,0.0,6,14,3.0,5.0,3,10,7,6,14,5,6,3.0,1,8,4.0,6.0,3,9,8.0,3.0,5.0,10,11,5,10,5,8,5,16.0,5,10,4,23,14,10,4,10,4,12.0,2.0,5.0,7,16,2,7,7.0,11,5,9,8,10,8,11,6,10,4,15,13,11,6.0,5.0,2.0,23,14,21,10.0,3.0,6,9,6.0,7.0,2.0,10,4,5.0,5.0,3.0,8.0,2.0,7.0,7,2.0,7.0,12,31,9,27,10,16,4.0,7.0,4,17,8,17,13,6,7,15,3.0,5.0,3,3.0,7,7,6.0,4.0,5,3.0,7,9,10,5.0,11.0,8,6,8.0,8.0,10.0,1.0,1.0,4,7.0,5.0,17,5,10,6,1.0,7,6,5,6.0,3.0,6,8.0,0.0,5.0,6.0,3.0,5.0,1.0,2,6,4.0,11.0,6.0,3,8.0,6.0,2.0,6,5.0,3.0,2.0,4,7.0,6,7,13,3,4.0,8,6.0,4,3.0,5.0,4.0,5.0,4.0,4.0,2.0,7,8.0,10.0,14,6.0,9,9,13,13,14,26.0,6,13,5.0,8,5.0,27,19,9,11,7.0,6,6,13,12,2.0,7,3,9,6.0,1.0,8,8,2.0,11,10,4.0,2.0,9,13,16,12,21,9,5,7,4,12.0,28,7,21,3.0,1.0
archaea_archaeoglobus_chunk_97,archaea_archaeoglobus.fasta,97,archaea,24,11,28,12,9,4.0,5,7,15,14,25,5,7.0,15,8,8,9,5.0,8.0,7,4.0,2.0,3.0,7,9,4.0,8.0,4,2.0,3,7.0,4,20,8.0,26.0,10,16,4,9,18,30,20,16.0,4,3,6.0,5.0,5,9,2.0,7.0,5.0,5,9,7,5,10,8,11,6.0,7,2,14,9,13,8,2,11,8,1.0,6.0,2.0,12,16,8,5,6.0,7,5,7,4,5,8,3,6,2,1,4,9,2,0.0,1.0,2.0,9,6,6,11.0,4.0,11,6,5.0,4.0,1.0,4,8,2.0,4.0,5.0,2.0,4.0,2.0,5,8.0,0.0,9,2,4,13,8,8,13.0,9.0,6,13,10,7,28,4,22,11,8.0,8.0,5,4.0,35,14,34.0,8.0,7,1.0,16,15,13,4.0,17.0,7,4,4.0,5.0,5.0,9.0,2.0,8,4.0,3.0,7,16,14,17,8.0,31,17,13,4.0,7.0,11,16.0,5.0,11.0,6.0,3.0,3.0,5.0,12,7,0.0,0.0,4.0,7,5.0,2.0,4.0,7,2.0,11.0,2.0,3,7.0,15,5,10,2,7.0,4,4.0,3,9.0,3.0,2.0,3.0,3.0,1.0,3.0,3,6.0,2.0,8,3.0,8,8,6,5,3,7.0,5,6,3.0,4,2.0,9,9,12,17,5.0,23,6,7,6,6.0,7,19,8,7.0,8.0,3,5,10.0,8,6,9.0,2.0,5,6,5,5,11,26,7,7,9,6.0,5,10,5,1.0,0.0
archaea_archaeoglobus_chunk_98,archaea_archaeoglobus.fasta,98,archaea,19,9,14,8,8,12.0,4,6,10,21,11,8,5.0,12,2,8,7,4.0,6.0,6,2.0,6.0,6.0,8,6,7.0,1.0,3,1.0,11,3.0,8,10,3.0,7.0,5,11,15,10,13,11,6,6.0,14,6,4.0,5.0,8,7,3.0,1.0,2.0,7,8,7,16,7,6,4,1.0,6,7,2,17,10,14,13,6,6,5.0,4.0,6.0,7,12,7,3,3.0,15,5,5,3,5,3,5,4,15,9,25,11,6,7.0,4.0,5.0,25,14,17,11.0,7.0,13,8,5.0,6.0,1.0,10,9,6.0,3.0,3.0,6.0,4.0,7.0,7,3.0,8.0,22,21,13,20,9,15,7.0,5.0,8,16,7,17,15,4,20,7,3.0,2.0,5,6.0,6,8,18.0,6.0,4,0.0,8,12,14,4.0,5.0,9,6,13.0,6.0,14.0,10.0,2.0,7,6.0,4.0,13,8,12,8,1.0,9,7,8,9.0,6.0,6,3.0,7.0,2.0,3.0,6.0,4.0,4.0,9,3,4.0,12.0,4.0,3,4.0,7.0,3.0,5,5.0,3.0,4.0,2,4.0,11,11,6,3,3.0,6,6.0,3,4.0,5.0,2.0,8.0,1.0,6.0,1.0,11,3.0,7.0,19,8.0,15,8,4,19,7,14.0,12,7,6.0,11,3.0,27,11,11,17,5.0,9,4,8,10,8.0,7,2,10,4.0,3.0,5,5,1.0,4,6,8.0,4.0,8,18,11,9,13,14,7,5,5,10.0,24,11,16,2.0,0.0
archaea_archaeoglobus_chunk_99,archaea_archaeoglobus.fasta,99,archaea,10,5,9,10,9,11.0,5,7,5,10,4,13,17.0,11,6,14,13,3.0,9.0,11,12.0,8.0,4.0,5,3,2.0,4.0,3,0.0,9,5.0,13,8,2.0,5.0,6,6,5,3,4,5,5,6.0,3,11,10.0,5.0,14,14,11.0,7.0,18.0,10,10,5,10,3,7,3,12.0,8,9,17,18,10,12,9,16,9,8.0,1.0,7.0,6,4,4,15,17.0,10,9,12,16,11,6,14,9,1,10,7,4,1,7.0,11.0,2.0,8,6,8,5.0,2.0,1,3,1.0,3.0,1.0,6,8,6.0,2.0,3.0,8.0,9.0,4.0,9,3.0,5.0,13,11,7,13,10,8,5.0,9.0,6,8,9,13,9,6,6,9,6.0,3.0,3,2.0,4,1,6.0,5.0,2,1.0,3,12,2,4.0,4.0,8,7,6.0,2.0,6.0,1.0,2.0,2,8.0,5.0,10,7,3,9,5.0,3,2,4,1.0,5.0,8,2.0,3.0,5.0,6.0,2.0,7.0,6.0,8,9,7.0,10.0,11.0,12,8.0,7.0,10.0,4,4.0,4.0,12.0,9,13.0,16,14,5,9,8.0,13,12.0,7,3.0,11.0,6.0,3.0,5.0,7.0,14.0,13,7.0,14.0,16,7.0,10,15,19,12,7,6.0,3,6,6.0,8,5.0,17,14,12,8,5.0,7,7,7,13,4.0,7,4,4,3.0,11.0,16,11,9.0,21,9,12.0,3.0,14,13,15,4,15,10,12,10,24,14.0,17,14,18,3.0,1.0
archaea_archaeoglobus_chunk_100,archaea_archaeoglobus.fasta,100,archaea,17,15,12,18,7,11.0,8,9,15,9,19,6,9.0,10,17,10,8,4.0,9.0,9,6.0,8.0,2.0,8,9,3.0,7.0,5,0.0,5,6.0,6,14,3.0,22.0,6,10,8,10,13,25,7,13.0,8,5,3.0,8.0,9,12,3.0,3.0,3.0,8,5,3,5,14,23,15,3.0,4,8,8,12,14,8,11,6,3,4.0,5.0,3.0,6,12,6,9,2.0,6,11,9,9,4,5,7,7,7,8,6,9,5,6.0,3.0,5.0,3,12,7,11.0,2.0,9,9,7.0,2.0,0.0,7,9,7.0,2.0,6.0,1.0,0.0,6.0,5,7.0,5.0,4,6,3,10,20,7,15.0,0.0,3,6,6,10,18,8,20,15,13.0,6.0,8,1.0,19,19,23.0,9.0,8,0.0,22,10,13,6.0,12.0,4,6,6.0,7.0,8.0,10.0,5.0,6,3.0,9.0,8,15,9,16,12.0,21,15,6,3.0,9.0,12,9.0,9.0,11.0,6.0,5.0,2.0,8.0,10,6,2.0,5.0,3.0,3,1.0,2.0,0.0,9,5.0,8.0,2.0,4,6.0,10,8,13,4,6.0,7,7.0,3,3.0,4.0,5.0,1.0,5.0,1.0,2.0,6,5.0,3.0,9,1.0,7,8,6,7,6,5.0,3,3,5.0,1,2.0,7,9,3,20,11.0,18,10,12,14,5.0,9,21,7,9.0,5.0,5,1,2.0,4,7,5.0,4.0,5,10,12,4,6,16,5,4,7,10.0,12,8,30,5.0,0.0
