unique_id,file_name,sample_id,class,AAAA,AAAC,AAAG,AACA,AACC,AACG,AACT,AAGA,AAGC,AAGG,AAGT,AATA,AATC,AATG,AATT,ACAA,ACAC,ACAG,ACAT,ACCA,ACCC,ACCG,ACCT,ACGA,ACGC,ACGG,ACGT,ACTA,ACTC,ACTG,ACTT,AGAA,AGAC,AGAG,AGAT,AGCA,AGCC,AGCG,AGCT,AGGA,AGGC,AGGG,AGGT,AGTA,AGTC,AGTG,AGTT,ATAA,ATAC,ATAG,ATAT,ATCA,ATCC,ATCG,ATCT,ATGA,ATGC,ATGG,ATGT,ATTA,ATTC,ATTG,ATTT,CAAA,CAAC,CAAG,CACA,CACC,CACG,CACT,CAGA,CAGC,CAGG,CAGT,CATA,CATC,CATG,CATT,CCAC,CCAG,CCAT,CCCA,CCCC,CCCG,CCCT,CCGA,CCGC,CCGG,CCGT,CCTC,CCTG,CCTT,CGAA,CGAC,CGAG,CGAT,CGCA,CGCC,CGCG,CGCT,CGGA,CGGC,CGGG,CGGT,CGTA,CGTC,CGTT,CTAC,CTAG,CTCA,CTCC,CTCG,CTCT,CTGA,CTGC,CTGG,CTGT,CTTC,CTTG,CTTT,GAAA,GAAC,GAAG,GAAT,GACA,GACC,GACG,GACT,GAGA,GAGC,GAGG,GAGT,GATA,GATC,GATG,GATT,GCAA,GCAC,GCAG,GCAT,GCCA,GCCC,GCCG,GCCT,GCGA,GCGC,GCGG,GCGT,GCTA,GCTC,GCTG,GCTT,GGAA,GGAC,GGAG,GGAT,GGCA,GGCC,GGCG,GGCT,GGGA,GGGC,GGGG,GGGT,GGTA,GGTC,GGTG,GGTT,GTAA,GTAC,GTAG,GTAT,GTCA,GTCC,GTCG,GTCT,GTGA,GTGC,GTGG,GTGT,GTTA,GTTC,GTTG,TAAA,TAAC,TAAT,TACA,TACC,TACG,TACT,TAGA,TAGC,TAGG,TATG,TATT,TCAA,TCAC,TCAG,TCAT,TCCA,TCCC,TCCG,TCCT,TCGA,TCGC,TCGG,TCGT,TCTA,TCTC,TCTG,TCTT,TGAA,TGAC,TGAG,TGAT,TGCA,TGCC,TGCG,TGCT,TGGA,TGGC,TGGG,TGGT,TGTA,TGTC,TGTG,TGTT,TTAC,TTCA,TTCC,TTCG,TTCT,TTGA,TTGC,TTGG,TTGT,TTTC,TTTT,CCAA,CGTG,GTTT,TAGT,TATC,TTTG,CAAT,CCTA,CTAA,CTAT,TAAG,TTAT,TTTA,CTTA,AAAT,TATA,TTAG,TTAA
bacteria_pseudomonas_chunk_1,bacteria_pseudomonas.fasta,1,bacteria,5.0,1.0,4.0,4.0,3.0,2.0,5,5.0,10,3.0,2.0,1.0,1.0,2.0,2.0,2.0,4.0,8.0,5.0,8.0,10.0,12,8,12.0,11,6,6.0,2.0,5.0,3,9.0,6.0,7.0,2.0,6.0,18,8,19,4.0,5,13,5.0,10,3.0,1.0,3.0,1.0,1.0,4.0,4.0,1.0,12.0,12.0,9,5.0,3.0,10,3,3.0,2.0,4.0,1.0,4.0,3.0,3.0,2.0,6.0,20,9,5.0,5.0,27,23,4.0,3.0,19,9,3.0,12,18,12.0,10.0,7.0,12,6.0,12,20,22,4,11,7,14,11,15,10,19,11,24,34,22,14,33,12,18,8.0,11,4.0,4.0,1.0,4.0,7,25,4.0,4.0,18,14,3.0,15,19.0,4.0,1.0,8.0,14,5.0,8,10,15,8.0,4.0,8,3,2.0,6.0,18,7,4.0,4.0,16,21,11.0,11,12,24,13,14,38,29,8,2.0,17,23,9,8,9,2,7,18,13,24,13,2.0,8,4.0,8,7.0,18,10,5.0,3.0,5.0,10.0,2.0,7.0,6,17,5.0,5,7,2,1.0,1.0,6,8.0,1.0,2.0,1.0,1.0,5.0,9.0,1.0,7.0,4.0,4.0,1.0,2.0,2.0,8.0,12.0,6,13,6.0,10,5,17,22,20,5.0,1.0,7,6.0,6.0,3,10.0,3.0,3,5,15,11,12,5,14,1,4,2.0,5.0,2.0,5.0,3.0,5,9,13,6,8.0,8,5.0,7.0,8.0,1.0,0.0,0.0,0.0,0.0,0.0,0.0,0.0,0.0,0.0,0.0,0.0,0.0,0.0,0.0,0.0,0.0,0.0,0.0
bacteria_pseudomonas_chunk_2,bacteria_pseudomonas.fasta,2,bacteria,3.0,3.0,2.0,6.0,8.0,6.0,2,6.0,5,7.0,1.0,0.0,4.0,0.0,1.0,1.0,2.0,5.0,7.0,15.0,8.0,16,7,6.0,9,7,3.0,0.0,3.0,2,2.0,4.0,4.0,5.0,7.0,18,11,14,2.0,5,25,10.0,14,1.0,2.0,1.0,3.0,0.0,1.0,2.0,1.0,14.0,10.0,18,2.0,4.0,12,6,3.0,0.0,4.0,1.0,2.0,1.0,6.0,1.0,5.0,26,7,2.0,5.0,31,32,2.0,3.0,18,14,1.0,19,29,15.0,13.0,15.0,22,5.0,27,29,26,6,8,14,1,25,13,15,13,14,41,18,10,6,37,12,12,6.0,13,4.0,0.0,0.0,1.0,10,14,0.0,1.0,14,13,2.0,2,7.0,1.0,4.0,13.0,16,5.0,4,10,10,3.0,3.0,9,13,3.0,1.0,19,11,4.0,4.0,13,26,9.0,26,24,43,6,16,27,19,14,0.0,9,12,6,5,5,3,8,12,28,37,6,5.0,8,5.0,13,4.0,14,25,5.0,0.0,3.0,7.0,2.0,3.0,7,20,4.0,10,11,9,4.0,0.0,7,11.0,0.0,0.0,0.0,0.0,2.0,2.0,0.0,6.0,0.0,2.0,0.0,1.0,2.0,6.0,10.0,5,10,8.0,7,5,17,18,15,7.0,0.0,6,2.0,1.0,4,5.0,5.0,7,8,19,7,9,5,13,4,9,1.0,5.0,1.0,7.0,0.0,5,3,5,3,6.0,6,3.0,5.0,3.0,1.0,1.0,7.0,1.0,1.0,2.0,1.0,0.0,0.0,0.0,0.0,0.0,0.0,0.0,0.0,0.0,0.0,0.0,0.0
bacteria_pseudomonas_chunk_3,bacteria_pseudomonas.fasta,3,bacteria,3.0,2.0,3.0,5.0,9.0,7.0,7,3.0,10,10.0,2.0,1.0,4.0,3.0,1.0,10.0,4.0,1.0,1.0,20.0,3.0,16,16,7.0,11,11,7.0,3.0,5.0,11,6.0,4.0,8.0,1.0,4.0,8,14,16,10.0,8,9,0.0,4,2.0,2.0,4.0,2.0,0.0,0.0,2.0,1.0,4.0,15.0,12,4.0,6.0,6,3,3.0,1.0,2.0,2.0,2.0,0.0,16.0,11.0,3.0,23,5,4.0,7.0,20,6,6.0,0.0,10,7,4.0,15,18,10.0,5.0,3.0,13,7.0,23,28,24,5,12,18,9,12,21,20,12,5,45,29,10,7,39,13,6,3.0,14,0.0,18.0,1.0,5.0,6,16,2.0,5.0,15,35,2.0,16,3.0,3.0,5.0,9.0,10,4.0,5,17,13,8.0,6.0,16,4,1.0,2.0,17,5,2.0,5.0,10,17,5.0,20,15,41,19,18,34,21,3,3.0,8,25,5,9,9,5,4,18,25,25,11,3.0,14,3.0,8,6.0,10,10,3.0,3.0,6.0,2.0,1.0,6.0,5,12,6.0,4,11,8,2.0,0.0,5,1.0,0.0,1.0,2.0,3.0,6.0,11.0,5.0,1.0,2.0,1.0,3.0,0.0,6.0,6.0,3.0,5,7,7.0,10,9,17,16,9,10.0,6.0,4,3.0,2.0,3,6.0,1.0,6,6,11,6,10,9,17,12,11,1.0,3.0,3.0,2.0,1.0,5,7,12,3,1.0,1,3.0,2.0,4.0,5.0,9.0,8.0,1.0,1.0,4.0,1.0,3.0,12.0,1.0,4.0,1.0,1.0,1.0,0.0,0.0,0.0,0.0,0.0
bacteria_pseudomonas_chunk_4,bacteria_pseudomonas.fasta,4,bacteria,1.0,2.0,4.0,3.0,7.0,12.0,7,7.0,11,9.0,5.0,1.0,2.0,0.0,1.0,7.0,0.0,9.0,4.0,4.0,7.0,9,13,14.0,13,8,9.0,4.0,2.0,4,1.0,4.0,1.0,6.0,8.0,7,11,19,10.0,6,15,8.0,4,3.0,1.0,3.0,2.0,0.0,1.0,0.0,0.0,4.0,10.0,15,5.0,2.0,7,7,5.0,0.0,2.0,0.0,2.0,0.0,15.0,15.0,4.0,12,9,4.0,5.0,16,11,1.0,0.0,10,9,0.0,12,15,3.0,7.0,3.0,13,6.0,20,19,22,9,10,20,6,12,17,24,10,13,38,24,16,12,43,11,9,1.0,12,7.0,13.0,0.0,3.0,5,13,3.0,11.0,12,23,8.0,20,1.0,0.0,6.0,11.0,13,1.0,6,11,15,0.0,7.0,20,12,3.0,0.0,19,11,1.0,9.0,12,9,8.0,21,11,37,15,17,38,30,9,4.0,7,25,9,11,8,9,7,13,25,40,7,5.0,15,3.0,4,2.0,12,16,1.0,0.0,3.0,1.0,2.0,4.0,8,11,7.0,7,16,12,1.0,0.0,11,3.0,0.0,1.0,0.0,7.0,3.0,8.0,0.0,0.0,0.0,1.0,1.0,2.0,7.0,5.0,0.0,4,8,8.0,11,7,12,21,15,6.0,5.0,5,5.0,6.0,4,6.0,4.0,6,5,10,10,12,12,12,5,14,0.0,5.0,4.0,6.0,1.0,5,11,15,6,0.0,2,1.0,1.0,4.0,0.0,10.0,13.0,2.0,0.0,3.0,0.0,3.0,5.0,1.0,4.0,0.0,0.0,0.0,1.0,0.0,0.0,0.0,0.0
bacteria_pseudomonas_chunk_5,bacteria_pseudomonas.fasta,5,bacteria,0.0,1.0,1.0,3.0,2.0,6.0,4,1.0,2,7.0,3.0,4.0,1.0,0.0,1.0,0.0,5.0,7.0,2.0,6.0,5.0,14,3,5.0,9,3,3.0,0.0,1.0,5,0.0,3.0,4.0,1.0,1.0,12,4,18,7.0,6,17,16.0,12,1.0,5.0,1.0,8.0,0.0,1.0,4.0,2.0,2.0,5.0,9,8.0,4.0,15,9,4.0,0.0,1.0,0.0,1.0,0.0,2.0,1.0,4.0,12,6,0.0,3.0,22,26,8.0,1.0,7,13,0.0,8,26,6.0,7.0,4.0,13,0.0,20,32,23,12,8,8,3,16,14,19,18,14,44,37,14,12,29,14,16,7.0,15,15.0,0.0,0.0,2.0,11,24,1.0,2.0,9,15,2.0,7,7.0,3.0,3.0,12.0,11,4.0,5,13,7,2.0,3.0,13,15,3.0,1.0,13,18,1.0,2.0,9,22,8.0,16,9,46,10,23,45,30,17,0.0,17,10,8,6,6,7,11,8,21,46,9,6.0,20,9.0,11,1.0,21,17,10.0,0.0,4.0,6.0,2.0,5.0,8,23,11.0,7,7,14,0.0,0.0,20,11.0,0.0,0.0,0.0,2.0,2.0,1.0,0.0,2.0,4.0,3.0,1.0,0.0,2.0,0.0,4.0,5,11,6.0,14,6,19,23,15,14.0,1.0,12,5.0,6.0,5,3.0,7.0,3,7,12,14,5,6,18,7,10,3.0,6.0,1.0,1.0,0.0,2,13,15,4,5.0,7,3.0,5.0,5.0,0.0,0.0,9.0,3.0,1.0,3.0,2.0,1.0,0.0,0.0,1.0,0.0,0.0,0.0,0.0,1.0,1.0,0.0,0.0
bacteria_pseudomonas_chunk_6,bacteria_pseudomonas.fasta,6,bacteria,1.0,1.0,1.0,3.0,4.0,7.0,5,7.0,8,11.0,2.0,1.0,2.0,5.0,1.0,5.0,0.0,5.0,5.0,8.0,5.0,21,9,10.0,13,9,3.0,2.0,1.0,7,2.0,7.0,5.0,0.0,10.0,8,11,15,6.0,8,19,3.0,6,1.0,2.0,2.0,5.0,1.0,0.0,0.0,1.0,6.0,11.0,22,2.0,2.0,7,5,3.0,0.0,1.0,1.0,2.0,0.0,7.0,10.0,4.0,18,9,0.0,5.0,22,13,4.0,0.0,21,5,0.0,13,16,8.0,10.0,3.0,12,8.0,20,32,33,3,8,25,3,12,28,21,6,12,44,25,16,8,45,14,14,0.0,16,2.0,8.0,0.0,1.0,3,13,2.0,7.0,20,28,4.0,8,0.0,2.0,3.0,10.0,17,3.0,7,16,14,7.0,10.0,10,12,4.0,1.0,15,6,3.0,11.0,12,16,8.0,19,19,39,19,20,37,25,10,2.0,7,26,2,9,9,11,5,19,30,40,4,7.0,11,2.0,6,2.0,17,21,1.0,0.0,3.0,0.0,1.0,12.0,7,14,2.0,4,12,17,1.0,0.0,7,4.0,0.0,1.0,0.0,1.0,5.0,5.0,0.0,0.0,0.0,0.0,1.0,0.0,5.0,6.0,7.0,5,2,6.0,16,5,17,15,14,10.0,1.0,3,1.0,3.0,5,2.0,4.0,4,8,10,12,11,11,18,7,15,1.0,0.0,3.0,4.0,0.0,4,8,7,2,2.0,2,1.0,0.0,5.0,0.0,2.0,8.0,1.0,0.0,3.0,0.0,5.0,5.0,0.0,2.0,0.0,0.0,0.0,0.0,1.0,0.0,0.0,0.0
bacteria_pseudomonas_chunk_7,bacteria_pseudomonas.fasta,7,bacteria,0.0,3.0,2.0,3.0,6.0,5.0,6,3.0,4,5.0,2.0,0.0,2.0,1.0,0.0,2.0,4.0,2.0,4.0,14.0,9.0,8,10,6.0,10,5,7.0,1.0,7.0,4,2.0,2.0,2.0,4.0,7.0,9,9,19,5.0,5,11,3.0,13,3.0,5.0,3.0,7.0,2.0,0.0,1.0,0.0,7.0,3.0,19,10.0,4.0,8,6,6.0,0.0,3.0,0.0,1.0,1.0,10.0,2.0,4.0,22,13,3.0,2.0,24,20,7.0,0.0,11,9,1.0,17,23,5.0,4.0,3.0,14,7.0,11,21,22,3,16,11,16,11,14,17,14,23,39,25,20,16,29,11,9,7.0,13,6.0,3.0,0.0,4.0,14,35,4.0,5.0,18,9,2.0,11,20.0,3.0,4.0,6.0,10,2.0,3,11,10,3.0,7.0,10,6,4.0,3.0,24,14,2.0,5.0,14,24,7.0,15,14,28,18,13,45,20,6,1.0,22,11,12,6,5,1,13,13,19,21,7,2.0,11,8.0,8,6.0,15,13,4.0,0.0,3.0,12.0,2.0,5.0,10,21,6.0,7,8,3,1.0,0.0,9,13.0,0.0,1.0,1.0,2.0,2.0,0.0,2.0,3.0,4.0,1.0,0.0,1.0,3.0,7.0,4.0,5,15,2.0,7,10,26,31,18,13.0,0.0,12,8.0,4.0,3,6.0,5.0,9,5,8,19,14,2,9,7,8,1.0,9.0,0.0,5.0,0.0,3,7,13,4,7.0,12,8.0,6.0,4.0,1.0,3.0,3.0,0.0,5.0,2.0,0.0,0.0,2.0,0.0,1.0,0.0,0.0,0.0,0.0,0.0,0.0,0.0,0.0
bacteria_pseudomonas_chunk_8,bacteria_pseudomonas.fasta,8,bacteria,4.0,3.0,4.0,2.0,4.0,2.0,2,4.0,7,3.0,1.0,1.0,2.0,1.0,0.0,1.0,1.0,2.0,3.0,12.0,4.0,6,7,1.0,7,7,4.0,0.0,3.0,5,4.0,3.0,3.0,5.0,4.0,8,10,20,6.0,6,15,11.0,10,3.0,1.0,1.0,11.0,0.0,2.0,2.0,0.0,13.0,0.0,8,10.0,4.0,7,9,7.0,0.0,3.0,3.0,2.0,2.0,2.0,2.0,1.0,8,5,7.0,3.0,17,21,12.0,1.0,8,9,1.0,8,26,4.0,2.0,1.0,4,6.0,17,17,14,6,11,14,7,10,11,17,20,5,32,23,16,14,35,13,16,2.0,14,15.0,0.0,1.0,4.0,4,25,2.0,5.0,24,23,5.0,12,8.0,5.0,5.0,5.0,9,2.0,3,14,8,0.0,5.0,16,16,3.0,2.0,19,16,6.0,3.0,7,15,3.0,17,8,35,13,27,31,37,9,1.0,12,27,11,5,6,12,9,9,20,49,10,2.0,15,5.0,18,10.0,15,18,6.0,1.0,9.0,5.0,2.0,4.0,7,21,7.0,7,5,8,4.0,0.0,15,21.0,1.0,0.0,0.0,1.0,3.0,4.0,3.0,3.0,4.0,2.0,0.0,1.0,2.0,5.0,10.0,9,8,0.0,9,6,13,21,20,14.0,1.0,9,11.0,3.0,3,5.0,6.0,10,6,11,12,19,10,23,11,6,2.0,9.0,3.0,6.0,0.0,5,12,14,5,8.0,12,10.0,4.0,6.0,1.0,1.0,2.0,2.0,0.0,2.0,2.0,1.0,0.0,0.0,1.0,0.0,0.0,1.0,0.0,1.0,0.0,1.0,0.0
bacteria_pseudomonas_chunk_9,bacteria_pseudomonas.fasta,9,bacteria,1.0,3.0,1.0,9.0,6.0,5.0,6,3.0,6,7.0,4.0,0.0,0.0,0.0,2.0,3.0,3.0,11.0,4.0,9.0,10.0,11,3,10.0,5,5,4.0,0.0,3.0,6,6.0,3.0,4.0,3.0,3.0,20,19,10,8.0,9,25,7.0,14,1.0,4.0,4.0,4.0,1.0,1.0,4.0,1.0,8.0,4.0,15,2.0,1.0,6,6,3.0,0.0,4.0,2.0,0.0,1.0,9.0,2.0,4.0,14,3,3.0,8.0,39,35,5.0,1.0,14,7,2.0,5,33,7.0,9.0,5.0,11,7.0,17,32,28,8,11,15,3,13,15,11,13,8,43,28,14,15,36,15,12,9.0,12,5.0,1.0,0.0,6.0,11,19,1.0,4.0,17,17,1.0,8,8.0,0.0,3.0,13.0,17,2.0,6,11,15,2.0,0.0,9,8,2.0,5.0,14,8,2.0,5.0,10,29,8.0,24,14,57,10,11,30,28,15,0.0,18,15,7,14,12,2,8,14,29,36,9,3.0,13,4.0,8,5.0,17,10,7.0,0.0,7.0,7.0,2.0,8.0,6,21,1.0,5,13,5,0.0,0.0,8,8.0,0.0,1.0,0.0,2.0,2.0,1.0,4.0,2.0,2.0,5.0,1.0,0.0,1.0,6.0,14.0,5,6,3.0,6,9,14,26,17,7.0,1.0,5,3.0,0.0,5,3.0,3.0,5,10,14,10,9,10,14,2,5,1.0,3.0,1.0,1.0,0.0,4,3,9,5,6.0,7,3.0,2.0,1.0,0.0,3.0,8.0,1.0,2.0,1.0,0.0,0.0,0.0,0.0,0.0,0.0,0.0,0.0,0.0,0.0,1.0,0.0,0.0
bacteria_pseudomonas_chunk_10,bacteria_pseudomonas.fasta,10,bacteria,1.0,2.0,3.0,9.0,8.0,5.0,2,6.0,5,9.0,2.0,2.0,1.0,8.0,0.0,0.0,2.0,10.0,3.0,19.0,11.0,16,2,11.0,8,12,2.0,1.0,3.0,4,1.0,4.0,4.0,6.0,1.0,21,9,19,4.0,17,23,11.0,9,2.0,3.0,5.0,7.0,1.0,2.0,2.0,0.0,15.0,4.0,6,5.0,6.0,7,12,3.0,0.0,1.0,4.0,1.0,0.0,10.0,3.0,0.0,21,11,1.0,3.0,31,43,5.0,2.0,8,6,2.0,11,41,6.0,8.0,7.0,22,1.0,28,24,22,6,8,8,5,21,20,17,25,9,33,23,10,10,48,9,6,2.0,10,7.0,1.0,1.0,1.0,14,12,2.0,2.0,13,10,3.0,1,9.0,1.0,8.0,9.0,16,4.0,6,16,17,5.0,5.0,13,6,8.0,1.0,21,12,4.0,11.0,13,19,6.0,25,14,36,9,35,31,28,10,1.0,14,11,4,7,14,4,11,14,31,52,8,6.0,9,2.0,6,4.0,9,8,4.0,2.0,1.0,6.0,1.0,4.0,11,11,1.0,4,7,4,2.0,1.0,12,7.0,0.0,3.0,1.0,0.0,3.0,0.0,1.0,1.0,4.0,2.0,2.0,0.0,0.0,7.0,12.0,3,11,6.0,6,10,9,12,11,5.0,0.0,4,5.0,1.0,5,6.0,5.0,1,5,11,10,8,3,24,1,4,2.0,5.0,0.0,3.0,0.0,2,4,8,2,5.0,7,6.0,2.0,2.0,0.0,5.0,4.0,1.0,2.0,0.0,0.0,3.0,1.0,0.0,1.0,0.0,0.0,0.0,0.0,3.0,0.0,0.0,1.0
bacteria_pseudomonas_chunk_11,bacteria_pseudomonas.fasta,11,bacteria,3.0,4.0,1.0,2.0,17.0,4.0,5,9.0,11,17.0,2.0,1.0,4.0,2.0,1.0,4.0,2.0,3.0,5.0,13.0,12.0,18,12,10.0,5,8,4.0,1.0,4.0,10,0.0,5.0,7.0,6.0,9.0,6,11,21,10.0,11,15,5.0,5,2.0,3.0,0.0,2.0,1.0,2.0,1.0,1.0,8.0,10.0,18,3.0,4.0,3,6,1.0,3.0,8.0,2.0,0.0,0.0,8.0,16.0,5.0,18,4,4.0,6.0,17,11,3.0,2.0,12,6,5.0,10,18,7.0,8.0,8.0,15,11.0,19,22,27,3,9,35,5,20,22,22,9,12,41,23,7,4,40,11,12,3.0,6,4.0,5.0,1.0,2.0,8,13,3.0,15.0,22,22,10.0,7,1.0,2.0,7.0,15.0,22,2.0,3,17,17,4.0,10.0,17,7,2.0,2.0,21,5,3.0,12.0,13,13,9.0,15,21,22,22,25,37,16,7,3.0,9,20,3,13,9,6,2,19,21,31,8,1.0,12,3.0,5,2.0,16,13,1.0,0.0,3.0,4.0,2.0,2.0,4,19,3.0,4,10,9,1.0,0.0,7,3.0,0.0,1.0,0.0,4.0,3.0,2.0,2.0,2.0,3.0,1.0,1.0,4.0,4.0,6.0,3.0,4,7,1.0,16,5,19,19,16,6.0,3.0,4,4.0,2.0,8,3.0,2.0,11,10,8,10,10,14,12,2,10,2.0,3.0,4.0,4.0,1.0,4,7,10,4,1.0,3,1.0,1.0,3.0,0.0,8.0,7.0,1.0,0.0,2.0,0.0,4.0,1.0,0.0,2.0,0.0,2.0,0.0,0.0,2.0,0.0,0.0,0.0
bacteria_pseudomonas_chunk_12,bacteria_pseudomonas.fasta,12,bacteria,0.0,0.0,0.0,11.0,1.0,6.0,1,5.0,4,1.0,3.0,0.0,0.0,1.0,1.0,0.0,5.0,7.0,9.0,13.0,5.0,6,6,11.0,8,8,8.0,0.0,1.0,2,3.0,5.0,2.0,5.0,7.0,21,9,11,8.0,9,16,4.0,8,4.0,3.0,3.0,6.0,0.0,0.0,3.0,0.0,17.0,3.0,5,9.0,6.0,11,12,13.0,1.0,1.0,0.0,1.0,0.0,3.0,0.0,3.0,21,14,0.0,2.0,28,20,7.0,0.0,13,22,1.0,14,21,8.0,8.0,6.0,14,4.0,18,21,23,10,10,8,8,13,16,17,17,7,35,28,13,11,31,11,14,4.0,16,6.0,0.0,0.0,8.0,9,21,2.0,2.0,13,15,1.0,10,11.0,0.0,0.0,15.0,13,2.0,7,7,14,5.0,6.0,14,13,4.0,3.0,20,19,1.0,3.0,9,17,6.0,12,16,46,5,19,42,24,7,0.0,21,13,4,8,6,5,13,3,19,41,7,5.0,7,4.0,8,3.0,13,15,15.0,0.0,2.0,11.0,1.0,5.0,14,16,4.0,5,8,12,2.0,0.0,9,23.0,0.0,1.0,0.0,0.0,1.0,1.0,0.0,6.0,3.0,3.0,0.0,0.0,0.0,10.0,13.0,13,10,5.0,6,10,15,12,12,8.0,0.0,8,8.0,6.0,4,9.0,10.0,6,4,16,12,10,7,16,5,16,3.0,7.0,2.0,7.0,0.0,6,5,5,7,16.0,10,5.0,3.0,3.0,1.0,0.0,7.0,2.0,2.0,1.0,0.0,0.0,0.0,0.0,0.0,0.0,0.0,0.0,0.0,0.0,0.0,0.0,1.0
bacteria_pseudomonas_chunk_13,bacteria_pseudomonas.fasta,13,bacteria,2.0,1.0,4.0,4.0,2.0,5.0,3,8.0,5,9.0,0.0,0.0,3.0,2.0,1.0,1.0,2.0,7.0,3.0,9.0,2.0,4,4,4.0,8,10,7.0,1.0,0.0,5,3.0,5.0,4.0,6.0,3.0,11,10,16,6.0,6,20,17.0,16,0.0,2.0,6.0,7.0,0.0,1.0,1.0,2.0,8.0,4.0,7,1.0,0.0,8,7,3.0,0.0,1.0,2.0,1.0,0.0,1.0,1.0,2.0,2,9,3.0,4.0,26,36,8.0,0.0,10,6,0.0,8,27,5.0,3.0,4.0,6,9.0,14,17,25,6,7,11,8,12,12,12,8,11,38,33,16,21,32,21,15,3.0,16,11.0,2.0,1.0,3.0,4,14,0.0,7.0,9,20,4.0,7,11.0,2.0,5.0,11.0,17,2.0,7,13,13,3.0,3.0,10,13,5.0,2.0,6,10,3.0,4.0,6,27,3.0,21,12,46,10,12,50,35,14,1.0,13,22,8,11,13,8,6,10,26,51,13,4.0,27,5.0,16,6.0,16,20,10.0,2.0,1.0,5.0,1.0,3.0,10,32,2.0,8,11,11,5.0,0.0,11,17.0,0.0,1.0,1.0,0.0,2.0,2.0,0.0,3.0,2.0,1.0,1.0,0.0,0.0,0.0,13.0,5,7,4.0,6,4,14,23,19,9.0,1.0,1,2.0,1.0,7,7.0,5.0,4,8,15,11,9,7,21,9,5,0.0,13.0,3.0,2.0,0.0,4,3,12,2,8.0,15,4.0,6.0,2.0,2.0,0.0,6.0,2.0,1.0,1.0,3.0,3.0,1.0,0.0,1.0,0.0,0.0,0.0,0.0,0.0,2.0,0.0,0.0
bacteria_pseudomonas_chunk_14,bacteria_pseudomonas.fasta,14,bacteria,3.0,4.0,5.0,6.0,5.0,6.0,5,1.0,5,6.0,5.0,0.0,1.0,4.0,3.0,2.0,2.0,7.0,4.0,14.0,9.0,11,5,1.0,12,8,8.0,0.0,4.0,5,5.0,3.0,3.0,2.0,5.0,9,14,16,5.0,2,18,7.0,9,3.0,3.0,3.0,8.0,0.0,2.0,2.0,1.0,8.0,7.0,7,5.0,7.0,9,6,8.0,1.0,5.0,3.0,1.0,3.0,8.0,0.0,2.0,18,12,3.0,5.0,24,21,9.0,5.0,16,12,5.0,17,27,15.0,9.0,8.0,14,8.0,17,12,24,7,7,10,9,13,16,9,7,9,27,22,20,10,41,8,6,5.0,16,9.0,2.0,0.0,8.0,2,16,1.0,5.0,25,14,2.0,12,16.0,4.0,8.0,9.0,12,3.0,2,13,8,5.0,6.0,9,5,2.0,0.0,6,12,2.0,5.0,6,15,14.0,28,20,31,10,9,39,22,13,2.0,15,25,11,11,4,7,2,10,25,35,12,4.0,9,4.0,6,8.0,8,8,4.0,2.0,6.0,10.0,2.0,5.0,6,19,3.0,4,14,7,1.0,1.0,10,10.0,0.0,1.0,1.0,5.0,3.0,3.0,1.0,1.0,6.0,4.0,2.0,0.0,4.0,10.0,10.0,5,10,2.0,4,3,17,15,11,13.0,1.0,1,6.0,8.0,5,5.0,4.0,6,12,23,10,16,8,15,4,7,4.0,6.0,4.0,3.0,2.0,8,4,14,7,4.0,13,7.0,6.0,6.0,2.0,2.0,11.0,3.0,1.0,4.0,1.0,2.0,0.0,0.0,1.0,0.0,2.0,1.0,1.0,2.0,0.0,0.0,0.0
bacteria_pseudomonas_chunk_15,bacteria_pseudomonas.fasta,15,bacteria,1.0,1.0,1.0,8.0,3.0,8.0,6,2.0,4,14.0,1.0,1.0,1.0,3.0,0.0,3.0,5.0,6.0,4.0,19.0,5.0,7,9,13.0,12,7,0.0,2.0,2.0,3,3.0,5.0,2.0,3.0,4.0,25,13,14,4.0,11,28,8.0,7,1.0,2.0,4.0,4.0,2.0,1.0,3.0,1.0,4.0,11.0,10,3.0,3.0,6,7,1.0,0.0,1.0,1.0,2.0,0.0,15.0,10.0,4.0,18,5,2.0,4.0,31,29,8.0,4.0,9,6,1.0,10,34,5.0,8.0,5.0,16,7.0,13,29,25,3,17,24,4,6,24,21,8,12,51,23,14,6,39,12,7,1.0,3,4.0,6.0,0.0,3.0,9,17,4.0,8.0,22,28,2.0,7,5.0,1.0,1.0,8.0,10,3.0,4,17,14,2.0,5.0,21,8,1.0,2.0,16,7,3.0,9.0,10,28,9.0,21,20,40,22,21,42,19,11,2.0,10,29,5,7,9,6,9,11,31,44,15,4.0,13,2.0,7,2.0,13,12,4.0,0.0,2.0,3.0,0.0,4.0,4,10,1.0,5,8,10,0.0,0.0,10,2.0,1.0,1.0,0.0,2.0,2.0,5.0,0.0,3.0,0.0,3.0,1.0,0.0,5.0,4.0,4.0,2,11,6.0,7,9,12,17,13,0.0,2.0,4,4.0,1.0,4,3.0,5.0,7,8,8,12,13,10,21,4,10,1.0,1.0,1.0,2.0,0.0,4,9,5,3,3.0,5,0.0,2.0,3.0,3.0,10.0,6.0,2.0,1.0,2.0,2.0,2.0,2.0,0.0,2.0,0.0,0.0,0.0,0.0,0.0,0.0,0.0,0.0
bacteria_pseudomonas_chunk_16,bacteria_pseudomonas.fasta,16,bacteria,4.0,6.0,4.0,4.0,9.0,13.0,13,7.0,9,7.0,5.0,0.0,2.0,5.0,0.0,4.0,2.0,5.0,3.0,13.0,10.0,10,12,10.0,15,8,9.0,1.0,3.0,14,3.0,6.0,6.0,4.0,3.0,16,14,21,8.0,11,9,3.0,8,1.0,5.0,2.0,4.0,0.0,0.0,2.0,0.0,8.0,9.0,12,0.0,2.0,7,3,3.0,1.0,1.0,1.0,3.0,0.0,10.0,8.0,2.0,17,8,3.0,7.0,30,18,5.0,1.0,11,8,3.0,11,29,7.0,11.0,4.0,13,9.0,14,30,14,5,13,31,5,24,25,12,10,13,49,21,14,8,34,6,7,3.0,10,5.0,4.0,0.0,5.0,1,26,2.0,12.0,14,27,6.0,12,4.0,1.0,13.0,23.0,16,1.0,6,16,17,3.0,3.0,17,6,2.0,1.0,14,2,3.0,5.0,12,19,10.0,22,16,38,22,24,30,18,7,2.0,15,13,5,14,7,10,2,10,22,31,3,0.0,10,3.0,4,2.0,17,5,1.0,0.0,4.0,2.0,1.0,6.0,9,19,2.0,6,7,8,0.0,0.0,5,7.0,0.0,0.0,0.0,2.0,3.0,4.0,2.0,2.0,2.0,0.0,0.0,0.0,6.0,5.0,7.0,3,7,7.0,3,8,23,22,15,6.0,0.0,3,1.0,5.0,9,4.0,2.0,5,7,13,6,10,14,13,5,6,1.0,4.0,5.0,3.0,3.0,2,6,9,5,0.0,8,0.0,4.0,4.0,1.0,6.0,9.0,1.0,0.0,2.0,0.0,3.0,2.0,0.0,1.0,0.0,0.0,1.0,1.0,3.0,0.0,0.0,0.0
bacteria_pseudomonas_chunk_17,bacteria_pseudomonas.fasta,17,bacteria,2.0,5.0,1.0,6.0,9.0,7.0,8,5.0,5,6.0,1.0,0.0,1.0,1.0,3.0,6.0,3.0,13.0,4.0,5.0,10.0,18,13,2.0,11,7,6.0,2.0,4.0,8,4.0,4.0,3.0,1.0,6.0,12,7,22,5.0,9,12,0.0,15,1.0,4.0,0.0,2.0,0.0,1.0,0.0,1.0,4.0,10.0,12,3.0,2.0,3,4,2.0,0.0,3.0,0.0,2.0,0.0,9.0,6.0,5.0,14,8,3.0,2.0,24,18,3.0,0.0,11,4,0.0,7,21,5.0,10.0,3.0,10,8.0,18,26,25,7,14,19,13,11,25,20,6,8,44,27,17,10,38,10,12,5.0,21,4.0,10.0,2.0,3.0,8,20,6.0,7.0,24,20,4.0,18,8.0,1.0,5.0,16.0,10,3.0,12,14,6,6.0,5.0,14,10,1.0,2.0,15,6,1.0,6.0,17,9,3.0,10,13,43,12,20,35,18,13,7.0,12,24,6,12,8,7,4,9,19,29,13,4.0,7,5.0,5,5.0,15,13,9.0,1.0,7.0,6.0,0.0,3.0,8,27,5.0,6,7,9,1.0,1.0,11,6.0,1.0,0.0,0.0,4.0,9.0,5.0,1.0,2.0,3.0,2.0,0.0,1.0,3.0,3.0,4.0,3,10,5.0,5,15,22,24,20,11.0,3.0,7,4.0,5.0,7,2.0,2.0,8,6,8,8,14,8,13,6,10,3.0,3.0,2.0,3.0,1.0,3,9,18,5,4.0,2,4.0,4.0,3.0,3.0,2.0,8.0,0.0,2.0,2.0,0.0,2.0,2.0,0.0,2.0,0.0,0.0,0.0,1.0,0.0,0.0,1.0,0.0
bacteria_pseudomonas_chunk_18,bacteria_pseudomonas.fasta,18,bacteria,1.0,3.0,1.0,2.0,5.0,9.0,3,5.0,7,10.0,3.0,1.0,2.0,3.0,4.0,1.0,3.0,4.0,4.0,2.0,11.0,14,9,8.0,9,11,2.0,2.0,1.0,5,3.0,2.0,5.0,6.0,2.0,1,13,13,4.0,8,14,4.0,10,5.0,4.0,6.0,4.0,0.0,1.0,1.0,1.0,7.0,9.0,6,4.0,0.0,12,5,4.0,0.0,2.0,5.0,0.0,1.0,7.0,13.0,4.0,11,6,0.0,4.0,12,12,7.0,0.0,12,6,1.0,7,13,4.0,7.0,7.0,15,11.0,15,32,23,12,8,24,11,11,17,21,11,19,34,27,24,6,33,9,14,4.0,18,5.0,6.0,0.0,3.0,8,10,4.0,8.0,22,29,2.0,17,8.0,4.0,7.0,9.0,10,2.0,4,14,8,7.0,6.0,8,13,7.0,1.0,10,10,2.0,11.0,9,15,7.0,9,15,42,16,19,46,17,13,6.0,12,28,10,10,5,6,9,10,21,34,13,5.0,8,4.0,3,5.0,16,12,6.0,0.0,7.0,6.0,1.0,4.0,11,22,4.0,3,13,12,2.0,1.0,10,5.0,0.0,0.0,0.0,2.0,6.0,7.0,1.0,0.0,4.0,1.0,2.0,0.0,7.0,2.0,3.0,4,12,7.0,11,8,18,17,12,8.0,1.0,4,4.0,5.0,5,6.0,1.0,1,12,14,20,15,11,23,3,12,0.0,3.0,4.0,2.0,2.0,2,10,17,2,2.0,14,3.0,1.0,2.0,1.0,6.0,8.0,1.0,2.0,2.0,2.0,4.0,1.0,1.0,3.0,1.0,0.0,1.0,0.0,4.0,1.0,0.0,0.0
bacteria_pseudomonas_chunk_19,bacteria_pseudomonas.fasta,19,bacteria,9.0,7.0,5.0,9.0,12.0,7.0,7,6.0,8,5.0,6.0,5.0,6.0,11.0,3.0,7.0,10.0,9.0,8.0,23.0,4.0,14,5,8.0,12,6,3.0,2.0,6.0,7,5.0,5.0,10.0,4.0,6.0,19,16,12,5.0,8,12,6.0,3,9.0,5.0,5.0,9.0,7.0,6.0,10.0,3.0,17.0,11.0,12,4.0,8.0,14,9,2.0,1.0,3.0,2.0,4.0,9.0,15.0,11.0,14.0,16,11,4.0,12.0,28,17,10.0,5.0,18,10,4.0,17,27,12.0,12.0,14.0,9,6.0,11,17,10,10,5,9,5,7,10,7,16,11,24,11,9,9,14,5,12,1.0,13,5.0,2.0,5.0,8.0,8,8,2.0,8.0,11,10,2.0,7,12.0,1.0,9.0,8.0,6,5.0,9,11,8,6.0,3.0,7,2,5.0,13.0,14,10,2.0,14.0,11,19,9.0,27,18,20,6,10,15,17,6,3.0,11,8,12,6,5,3,10,13,11,18,7,5.0,6,6.0,4,9.0,1,10,4.0,4.0,7.0,8.0,2.0,5.0,3,9,4.0,8,12,4,2.0,0.0,6,11.0,2.0,4.0,4.0,2.0,7.0,3.0,3.0,4.0,9.0,5.0,2.0,1.0,8.0,7.0,12.0,8,8,5.0,5,6,11,11,7,7.0,1.0,4,7.0,1.0,10,9.0,4.0,7,10,20,7,13,2,17,4,5,2.0,2.0,4.0,1.0,0.0,5,2,7,3,6.0,13,5.0,3.0,1.0,4.0,14.0,7.0,2.0,7.0,6.0,2.0,8.0,4.0,1.0,2.0,3.0,5.0,4.0,3.0,8.0,3.0,2.0,1.0
bacteria_pseudomonas_chunk_20,bacteria_pseudomonas.fasta,20,bacteria,1.0,1.0,0.0,6.0,4.0,3.0,4,1.0,5,9.0,5.0,3.0,0.0,3.0,1.0,0.0,1.0,3.0,5.0,9.0,3.0,3,6,11.0,10,6,3.0,0.0,5.0,3,2.0,3.0,4.0,4.0,1.0,14,10,13,3.0,13,17,14.0,11,2.0,5.0,3.0,4.0,3.0,2.0,2.0,2.0,6.0,4.0,9,4.0,7.0,14,10,3.0,0.0,2.0,4.0,1.0,0.0,2.0,5.0,0.0,7,8,0.0,3.0,23,21,5.0,1.0,9,12,4.0,3,21,7.0,4.0,2.0,6,10.0,16,18,13,10,2,18,13,11,11,17,16,13,32,33,15,8,26,15,19,6.0,9,9.0,2.0,0.0,4.0,3,10,2.0,9.0,6,21,5.0,14,13.0,2.0,3.0,12.0,15,2.0,2,9,17,3.0,4.0,9,22,3.0,3.0,13,18,1.0,5.0,6,19,8.0,12,14,40,15,14,47,35,17,1.0,10,16,8,13,12,8,9,7,25,53,8,7.0,23,3.0,9,6.0,13,22,7.0,0.0,3.0,9.0,3.0,5.0,9,18,0.0,8,10,21,2.0,0.0,18,10.0,2.0,2.0,0.0,1.0,1.0,2.0,3.0,4.0,3.0,3.0,1.0,1.0,1.0,5.0,9.0,6,8,3.0,9,3,14,18,14,8.0,0.0,2,4.0,6.0,5,4.0,9.0,9,4,14,14,9,14,27,10,9,1.0,4.0,2.0,8.0,0.0,6,7,17,6,3.0,11,8.0,5.0,2.0,0.0,2.0,14.0,0.0,1.0,1.0,0.0,1.0,1.0,0.0,0.0,0.0,0.0,1.0,0.0,4.0,2.0,0.0,1.0
bacteria_pseudomonas_chunk_21,bacteria_pseudomonas.fasta,21,bacteria,3.0,3.0,3.0,6.0,5.0,14.0,4,3.0,9,4.0,1.0,0.0,1.0,6.0,2.0,3.0,5.0,1.0,6.0,6.0,9.0,11,14,11.0,5,16,4.0,1.0,2.0,7,1.0,2.0,4.0,4.0,3.0,8,10,17,5.0,3,16,5.0,4,1.0,2.0,3.0,1.0,0.0,5.0,0.0,1.0,4.0,8.0,13,3.0,6.0,9,13,1.0,0.0,2.0,3.0,1.0,0.0,13.0,8.0,2.0,18,5,4.0,6.0,21,11,1.0,0.0,12,14,1.0,9,21,9.0,6.0,5.0,16,9.0,8,21,28,6,11,31,4,6,21,11,11,12,29,38,9,9,54,20,10,1.0,12,3.0,6.0,1.0,8.0,7,11,6.0,7.0,29,21,3.0,7,6.0,2.0,6.0,13.0,6,3.0,4,12,13,3.0,2.0,9,11,4.0,6.0,11,6,2.0,9.0,12,14,10.0,26,16,28,19,17,44,37,12,4.0,11,18,7,12,2,6,6,14,39,41,14,3.0,16,11.0,14,8.0,12,18,1.0,1.0,1.0,5.0,3.0,3.0,7,17,5.0,10,3,15,2.0,0.0,3,1.0,0.0,0.0,1.0,3.0,5.0,4.0,0.0,2.0,1.0,2.0,3.0,1.0,9.0,3.0,3.0,2,6,6.0,8,8,13,18,12,3.0,2.0,8,4.0,3.0,8,5.0,5.0,5,11,11,14,11,11,22,8,11,0.0,6.0,0.0,1.0,0.0,2,6,5,3,1.0,6,3.0,1.0,4.0,1.0,5.0,9.0,2.0,1.0,4.0,1.0,5.0,4.0,0.0,4.0,0.0,0.0,0.0,0.0,0.0,0.0,0.0,0.0
bacteria_pseudomonas_chunk_22,bacteria_pseudomonas.fasta,22,bacteria,1.0,1.0,0.0,3.0,4.0,8.0,1,1.0,2,3.0,6.0,0.0,3.0,2.0,0.0,0.0,2.0,8.0,4.0,12.0,6.0,13,7,11.0,11,21,6.0,1.0,3.0,4,8.0,2.0,9.0,1.0,4.0,12,6,12,11.0,6,15,7.0,10,6.0,5.0,1.0,6.0,0.0,4.0,1.0,0.0,13.0,5.0,12,9.0,10.0,6,6,6.0,1.0,0.0,2.0,1.0,0.0,0.0,0.0,1.0,9,14,6.0,10.0,26,28,3.0,2.0,15,7,2.0,11,16,13.0,6.0,1.0,3,8.0,9,9,16,7,5,11,19,12,24,15,14,11,14,24,9,21,26,9,19,1.0,13,13.0,1.0,0.0,1.0,4,18,4.0,2.0,6,16,0.0,33,20.0,4.0,4.0,14.0,12,1.0,6,19,21,6.0,5.0,12,5,7.0,3.0,20,19,0.0,1.0,7,23,3.0,14,10,18,12,17,23,22,7,0.0,10,5,18,12,12,11,7,5,25,25,8,2.0,9,1.0,10,5.0,23,15,9.0,1.0,9.0,4.0,3.0,9.0,8,25,4.0,4,7,9,3.0,2.0,9,22.0,0.0,1.0,0.0,4.0,6.0,6.0,3.0,0.0,1.0,2.0,0.0,2.0,0.0,10.0,20.0,6,8,1.0,7,8,28,15,16,13.0,0.0,9,4.0,13.0,5,7.0,2.0,16,6,9,8,5,13,13,5,13,5.0,5.0,1.0,6.0,5.0,14,7,17,9,14.0,9,13.0,8.0,5.0,4.0,0.0,6.0,1.0,2.0,1.0,0.0,1.0,0.0,0.0,0.0,0.0,0.0,1.0,1.0,3.0,0.0,0.0,0.0
bacteria_pseudomonas_chunk_23,bacteria_pseudomonas.fasta,23,bacteria,2.0,4.0,1.0,3.0,15.0,9.0,6,8.0,10,13.0,6.0,2.0,2.0,1.0,0.0,10.0,4.0,4.0,6.0,9.0,16.0,8,15,8.0,16,8,3.0,4.0,5.0,6,4.0,8.0,3.0,1.0,7.0,5,8,10,7.0,5,19,3.0,6,3.0,4.0,3.0,1.0,1.0,2.0,2.0,2.0,7.0,12.0,7,4.0,5.0,4,6,1.0,0.0,2.0,0.0,0.0,1.0,23.0,17.0,4.0,15,5,4.0,5.0,11,16,2.0,0.0,13,9,0.0,15,15,3.0,8.0,7.0,24,17.0,14,21,30,8,23,22,2,9,22,8,5,10,36,18,20,5,48,7,13,2.0,10,5.0,20.0,0.0,6.0,7,26,5.0,13.0,16,24,7.0,13,1.0,1.0,3.0,6.0,19,2.0,9,11,13,4.0,6.0,7,4,2.0,3.0,15,6,0.0,12.0,5,12,7.0,17,25,33,10,12,25,23,10,8.0,13,26,5,5,10,5,4,15,33,31,10,2.0,7,7.0,5,3.0,9,21,4.0,1.0,6.0,0.0,1.0,5.0,6,11,5.0,4,16,14,1.0,0.0,6,5.0,2.0,0.0,0.0,8.0,7.0,8.0,5.0,0.0,2.0,0.0,0.0,2.0,11.0,4.0,3.0,6,9,8.0,8,9,10,22,12,4.0,4.0,4,6.0,4.0,8,2.0,5.0,8,6,8,11,15,12,15,4,13,0.0,4.0,3.0,4.0,0.0,6,9,4,4,1.0,4,0.0,2.0,2.0,1.0,10.0,8.0,3.0,1.0,0.0,1.0,2.0,5.0,0.0,1.0,0.0,0.0,1.0,0.0,1.0,2.0,1.0,0.0
bacteria_pseudomonas_chunk_24,bacteria_pseudomonas.fasta,24,bacteria,1.0,0.0,7.0,1.0,5.0,2.0,1,3.0,12,12.0,2.0,1.0,1.0,3.0,2.0,4.0,5.0,3.0,3.0,10.0,16.0,20,11,10.0,6,10,6.0,4.0,4.0,9,4.0,3.0,4.0,1.0,5.0,7,12,15,4.0,6,12,6.0,7,2.0,5.0,3.0,3.0,0.0,4.0,0.0,3.0,8.0,12.0,13,4.0,5.0,7,5,4.0,1.0,0.0,1.0,1.0,0.0,9.0,11.0,3.0,23,7,4.0,5.0,17,9,7.0,2.0,12,6,0.0,14,14,5.0,7.0,8.0,22,10.0,20,28,27,8,10,26,1,7,29,21,14,10,29,22,16,11,48,11,7,3.0,12,3.0,18.0,0.0,3.0,9,18,3.0,9.0,24,20,3.0,9,1.0,0.0,7.0,0.0,10,3.0,8,16,18,8.0,5.0,8,10,4.0,2.0,20,12,0.0,10.0,12,15,7.0,14,21,27,13,23,32,19,11,6.0,12,19,4,6,13,4,4,17,20,38,10,4.0,12,5.0,9,3.0,14,17,3.0,0.0,5.0,1.0,2.0,6.0,6,15,7.0,5,10,13,5.0,1.0,9,5.0,1.0,0.0,0.0,3.0,13.0,5.0,8.0,0.0,1.0,0.0,0.0,1.0,5.0,6.0,6.0,5,6,2.0,14,7,18,11,21,4.0,7.0,7,2.0,2.0,4,4.0,1.0,11,10,14,10,11,6,13,8,13,0.0,4.0,2.0,6.0,2.0,5,2,8,4,1.0,4,2.0,0.0,1.0,0.0,4.0,11.0,0.0,0.0,4.0,0.0,3.0,4.0,1.0,2.0,1.0,0.0,0.0,1.0,1.0,2.0,0.0,1.0
bacteria_pseudomonas_chunk_25,bacteria_pseudomonas.fasta,25,bacteria,0.0,4.0,2.0,0.0,3.0,9.0,5,3.0,5,8.0,0.0,1.0,4.0,4.0,1.0,2.0,0.0,4.0,1.0,0.0,6.0,8,6,9.0,11,9,2.0,0.0,5.0,17,3.0,5.0,2.0,6.0,2.0,5,11,8,8.0,6,14,9.0,8,0.0,4.0,5.0,4.0,1.0,0.0,3.0,4.0,1.0,5.0,8,7.0,2.0,15,11,3.0,1.0,6.0,5.0,3.0,1.0,2.0,4.0,1.0,4,6,7.0,5.0,8,12,4.0,2.0,7,6,6.0,2,9,9.0,2.0,1.0,11,5.0,14,15,22,11,6,16,7,10,16,21,15,14,17,22,9,16,22,15,10,3.0,9,9.0,5.0,1.0,5.0,8,7,7.0,6.0,26,35,7.0,9,15.0,5.0,6.0,10.0,9,4.0,6,9,12,7.0,5.0,17,16,5.0,4.0,6,17,6.0,6.0,11,14,6.0,13,9,28,15,22,25,26,12,2.0,10,30,14,11,12,13,13,10,16,35,19,10.0,19,11.0,8,9.0,11,13,6.0,0.0,5.0,5.0,3.0,3.0,8,16,5.0,4,9,16,3.0,2.0,8,8.0,0.0,1.0,0.0,0.0,4.0,4.0,6.0,2.0,2.0,1.0,3.0,2.0,2.0,5.0,2.0,5,7,3.0,15,8,17,11,6,9.0,2.0,6,11.0,6.0,3,4.0,3.0,3,8,21,20,20,17,25,14,13,1.0,8.0,1.0,7.0,4.0,5,12,12,6,1.0,19,7.0,4.0,12.0,8.0,2.0,13.0,8.0,4.0,4.0,3.0,5.0,5.0,1.0,2.0,1.0,1.0,1.0,1.0,1.0,1.0,0.0,0.0
bacteria_pseudomonas_chunk_26,bacteria_pseudomonas.fasta,26,bacteria,1.0,2.0,2.0,8.0,8.0,11.0,2,11.0,7,14.0,3.0,4.0,1.0,2.0,1.0,12.0,9.0,11.0,6.0,9.0,16.0,18,18,15.0,11,16,2.0,7.0,3.0,4,3.0,6.0,9.0,6.0,0.0,12,19,16,9.0,5,10,8.0,4,0.0,3.0,6.0,7.0,1.0,6.0,1.0,1.0,7.0,7.0,10,4.0,5.0,5,5,1.0,0.0,1.0,0.0,2.0,3.0,19.0,21.0,5.0,23,4,4.0,7.0,24,11,6.0,1.0,15,8,1.0,7,23,9.0,14.0,8.0,17,11.0,16,18,21,5,10,28,6,6,31,18,10,16,29,22,8,8,37,11,10,1.0,10,4.0,24.0,0.0,8.0,2,6,4.0,11.0,12,19,8.0,17,1.0,2.0,4.0,7.0,12,1.0,16,19,15,8.0,3.0,23,2,7.0,4.0,11,5,1.0,15.0,15,10,8.0,18,18,20,16,16,29,20,10,5.0,4,15,9,6,11,8,7,19,16,26,13,6.0,16,3.0,4,1.0,11,7,2.0,0.0,4.0,1.0,0.0,4.0,7,12,3.0,4,4,7,4.0,2.0,10,5.0,0.0,1.0,1.0,8.0,11.0,14.0,3.0,0.0,2.0,0.0,1.0,0.0,11.0,5.0,4.0,2,6,8.0,5,8,18,17,9,1.0,5.0,3,3.0,2.0,6,7.0,3.0,4,1,8,11,4,13,11,7,3,3.0,2.0,3.0,5.0,2.0,3,11,17,2,0.0,3,3.0,0.0,5.0,0.0,8.0,3.0,1.0,0.0,1.0,0.0,3.0,9.0,1.0,1.0,0.0,0.0,0.0,0.0,3.0,0.0,0.0,0.0
bacteria_pseudomonas_chunk_27,bacteria_pseudomonas.fasta,27,bacteria,2.0,5.0,3.0,13.0,6.0,6.0,11,6.0,10,5.0,1.0,1.0,4.0,1.0,2.0,3.0,4.0,15.0,2.0,12.0,9.0,13,6,5.0,12,5,10.0,2.0,4.0,6,2.0,11.0,7.0,2.0,4.0,12,9,22,4.0,6,21,5.0,6,3.0,4.0,1.0,3.0,1.0,4.0,2.0,0.0,6.0,6.0,10,3.0,6.0,8,4,3.0,0.0,3.0,1.0,0.0,0.0,11.0,6.0,7.0,16,9,1.0,7.0,19,25,9.0,2.0,10,9,2.0,15,21,6.0,7.0,6.0,17,14.0,22,28,23,5,13,25,3,12,16,17,8,8,40,22,19,6,49,12,12,2.0,11,5.0,4.0,2.0,5.0,8,18,3.0,5.0,14,28,3.0,12,2.0,1.0,9.0,20.0,13,3.0,3,13,13,2.0,8.0,15,5,1.0,3.0,10,8,0.0,7.0,9,16,13.0,18,26,43,15,14,35,25,7,2.0,11,17,8,17,5,6,5,15,40,29,9,5.0,11,2.0,8,4.0,12,20,1.0,0.0,2.0,5.0,3.0,6.0,5,11,6.0,4,9,13,1.0,0.0,6,5.0,0.0,0.0,1.0,1.0,5.0,4.0,0.0,3.0,3.0,3.0,3.0,0.0,7.0,5.0,8.0,2,8,3.0,5,7,12,14,25,2.0,3.0,6,2.0,2.0,5,3.0,4.0,4,10,13,8,6,16,12,7,11,1.0,1.0,1.0,4.0,0.0,5,4,14,1,1.0,6,1.0,0.0,3.0,0.0,3.0,6.0,2.0,0.0,1.0,0.0,3.0,1.0,0.0,2.0,0.0,0.0,0.0,0.0,1.0,1.0,0.0,0.0
bacteria_pseudomonas_chunk_28,bacteria_pseudomonas.fasta,28,bacteria,3.0,1.0,4.0,15.0,2.0,8.0,8,13.0,12,22.0,10.0,1.0,4.0,2.0,0.0,16.0,4.0,4.0,16.0,13.0,8.0,12,10,15.0,11,8,6.0,3.0,4.0,7,5.0,5.0,8.0,2.0,8.0,10,4,11,7.0,12,12,6.0,11,5.0,4.0,5.0,6.0,1.0,3.0,0.0,1.0,13.0,13.0,16,3.0,9.0,6,8,2.0,0.0,3.0,2.0,1.0,1.0,17.0,30.0,5.0,17,9,5.0,3.0,11,9,6.0,1.0,29,10,0.0,15,11,9.0,9.0,4.0,13,5.0,11,22,19,8,7,19,5,13,18,16,8,13,21,22,11,8,25,2,15,4.0,11,3.0,8.0,0.0,5.0,11,4,6.0,10.0,18,15,7.0,15,4.0,1.0,5.0,13.0,23,3.0,10,18,16,4.0,7.0,9,10,4.0,3.0,10,12,2.0,13.0,10,9,9.0,12,13,19,7,16,23,13,11,2.0,8,18,6,13,12,9,6,13,16,21,7,3.0,9,2.0,4,7.0,8,17,6.0,1.0,13.0,0.0,5.0,2.0,7,10,8.0,9,3,18,4.0,1.0,12,4.0,0.0,2.0,0.0,10.0,6.0,7.0,2.0,0.0,0.0,0.0,1.0,4.0,13.0,7.0,5.0,6,10,6.0,16,10,13,11,11,2.0,3.0,7,6.0,4.0,13,10.0,3.0,5,5,10,9,9,17,11,8,8,3.0,4.0,3.0,4.0,1.0,11,11,7,3,3.0,6,2.0,1.0,2.0,0.0,9.0,9.0,2.0,0.0,2.0,2.0,3.0,1.0,0.0,1.0,0.0,0.0,0.0,0.0,1.0,0.0,0.0,0.0
bacteria_pseudomonas_chunk_29,bacteria_pseudomonas.fasta,29,bacteria,0.0,4.0,1.0,12.0,8.0,6.0,4,2.0,9,4.0,2.0,1.0,1.0,3.0,1.0,3.0,9.0,9.0,3.0,9.0,10.0,14,7,8.0,11,12,5.0,2.0,3.0,13,2.0,2.0,4.0,1.0,6.0,14,13,16,13.0,3,12,6.0,9,1.0,3.0,2.0,5.0,0.0,1.0,2.0,1.0,5.0,10.0,13,3.0,4.0,7,5,0.0,0.0,3.0,2.0,0.0,1.0,15.0,10.0,3.0,17,7,6.0,7.0,26,17,5.0,1.0,11,7,1.0,9,20,5.0,8.0,5.0,20,6.0,12,30,22,7,13,29,2,7,27,16,9,12,31,24,19,12,30,11,9,2.0,10,7.0,4.0,2.0,7.0,9,19,3.0,14.0,27,32,8.0,5,2.0,2.0,4.0,11.0,6,3.0,7,12,19,8.0,4.0,17,8,4.0,2.0,16,5,3.0,13.0,6,16,9.0,22,18,26,22,17,26,16,9,2.0,17,36,3,7,9,11,5,10,29,21,9,2.0,13,3.0,8,6.0,15,13,3.0,0.0,6.0,1.0,3.0,8.0,6,17,3.0,4,12,6,2.0,0.0,10,6.0,0.0,0.0,0.0,2.0,3.0,4.0,2.0,0.0,4.0,1.0,1.0,0.0,3.0,9.0,10.0,3,5,6.0,11,11,22,19,12,4.0,0.0,5,3.0,2.0,8,6.0,5.0,6,8,15,7,18,15,13,6,11,1.0,6.0,3.0,3.0,0.0,5,8,8,1,3.0,2,2.0,3.0,4.0,1.0,10.0,6.0,2.0,0.0,3.0,0.0,3.0,2.0,0.0,0.0,0.0,0.0,0.0,0.0,0.0,0.0,0.0,0.0
bacteria_pseudomonas_chunk_30,bacteria_pseudomonas.fasta,30,bacteria,1.0,0.0,2.0,5.0,2.0,13.0,4,1.0,6,5.0,2.0,0.0,4.0,3.0,2.0,4.0,1.0,5.0,5.0,10.0,4.0,14,12,7.0,14,12,5.0,5.0,1.0,7,3.0,2.0,5.0,2.0,2.0,6,8,20,4.0,4,11,12.0,6,2.0,4.0,7.0,3.0,0.0,2.0,1.0,0.0,4.0,8.0,12,3.0,3.0,6,6,3.0,2.0,5.0,6.0,1.0,0.0,16.0,4.0,3.0,17,6,2.0,3.0,14,16,6.0,0.0,11,8,3.0,8,14,6.0,4.0,6.0,11,5.0,14,17,21,9,8,27,4,6,12,25,8,10,38,28,12,13,51,17,17,5.0,8,6.0,10.0,0.0,5.0,4,9,1.0,7.0,14,25,10.0,6,4.0,3.0,3.0,8.0,8,2.0,3,14,14,4.0,7.0,17,11,6.0,2.0,10,6,6.0,8.0,13,17,9.0,15,8,30,21,19,41,45,7,5.0,9,19,4,8,13,11,5,22,18,49,11,9.0,24,11.0,7,4.0,10,16,8.0,1.0,8.0,2.0,2.0,5.0,4,18,1.0,8,9,13,5.0,1.0,11,8.0,0.0,0.0,1.0,4.0,7.0,5.0,6.0,0.0,1.0,1.0,1.0,3.0,7.0,6.0,3.0,2,5,8.0,6,6,11,16,20,5.0,0.0,1,3.0,2.0,5,5.0,3.0,8,9,10,15,10,11,14,11,8,2.0,6.0,5.0,5.0,2.0,4,9,13,1,3.0,16,0.0,0.0,5.0,0.0,6.0,7.0,2.0,2.0,2.0,1.0,5.0,5.0,0.0,5.0,0.0,0.0,0.0,0.0,1.0,1.0,1.0,0.0
bacteria_pseudomonas_chunk_31,bacteria_pseudomonas.fasta,31,bacteria,2.0,4.0,6.0,4.0,7.0,7.0,3,10.0,8,12.0,6.0,0.0,5.0,1.0,2.0,3.0,2.0,4.0,4.0,10.0,12.0,12,12,5.0,13,10,6.0,1.0,4.0,6,1.0,5.0,8.0,2.0,3.0,3,12,12,5.0,7,14,5.0,5,0.0,3.0,4.0,4.0,1.0,0.0,0.0,0.0,4.0,11.0,11,5.0,5.0,5,6,1.0,0.0,6.0,0.0,0.0,2.0,6.0,15.0,1.0,13,8,1.0,4.0,13,8,3.0,0.0,16,8,1.0,9,13,6.0,8.0,7.0,16,15.0,15,29,30,5,17,34,7,10,25,10,2,13,45,30,12,10,54,9,11,2.0,9,3.0,10.0,2.0,7.0,6,17,1.0,9.0,21,33,7.0,15,2.0,3.0,7.0,11.0,15,2.0,8,17,15,5.0,3.0,9,10,2.0,0.0,8,7,3.0,12.0,5,8,9.0,12,19,44,24,18,43,26,5,7.0,7,25,7,14,6,8,4,12,31,42,15,2.0,18,2.0,3,4.0,9,13,3.0,0.0,5.0,2.0,2.0,5.0,4,12,3.0,10,11,6,0.0,0.0,8,3.0,1.0,0.0,0.0,0.0,9.0,4.0,3.0,1.0,2.0,1.0,1.0,0.0,8.0,7.0,3.0,6,5,8.0,7,11,9,15,18,6.0,1.0,3,5.0,5.0,6,6.0,4.0,9,6,11,8,14,13,14,9,10,3.0,3.0,2.0,2.0,1.0,8,10,8,5,1.0,2,1.0,2.0,2.0,0.0,7.0,8.0,1.0,0.0,1.0,1.0,6.0,4.0,0.0,1.0,0.0,0.0,1.0,0.0,0.0,1.0,0.0,0.0
bacteria_pseudomonas_chunk_32,bacteria_pseudomonas.fasta,32,bacteria,13.0,6.0,6.0,9.0,6.0,7.0,6,4.0,15,6.0,9.0,1.0,4.0,2.0,2.0,3.0,3.0,7.0,5.0,8.0,3.0,9,6,0.0,10,8,7.0,1.0,3.0,3,8.0,13.0,4.0,2.0,7.0,4,11,17,9.0,7,11,4.0,13,3.0,9.0,5.0,1.0,3.0,1.0,5.0,2.0,7.0,4.0,9,9.0,7.0,10,9,5.0,1.0,1.0,6.0,2.0,0.0,7.0,3.0,1.0,9,10,5.0,7.0,14,16,4.0,2.0,10,8,4.0,11,12,4.0,6.0,3.0,5,8.0,9,13,20,5,7,13,10,9,9,6,15,9,14,22,13,8,26,23,15,11.0,8,6.0,2.0,3.0,4.0,7,22,7.0,7.0,11,13,5.0,18,11.0,6.0,8.0,14.0,23,2.0,2,10,7,2.0,10.0,6,5,1.0,8.0,12,18,1.0,2.0,3,13,12.0,9,12,24,10,18,18,24,9,3.0,19,13,8,11,2,9,10,8,18,22,12,7.0,16,14.0,13,7.0,20,18,12.0,3.0,5.0,15.0,2.0,11.0,11,16,5.0,7,7,13,3.0,3.0,8,15.0,5.0,1.0,2.0,6.0,1.0,1.0,2.0,5.0,6.0,8.0,3.0,3.0,5.0,8.0,10.0,3,8,4.0,9,8,12,17,20,9.0,1.0,11,7.0,11.0,14,6.0,5.0,7,9,12,7,9,10,7,9,16,4.0,6.0,2.0,8.0,2.0,4,7,11,9,11.0,9,7.0,7.0,4.0,1.0,4.0,5.0,1.0,4.0,3.0,2.0,4.0,2.0,1.0,1.0,2.0,4.0,3.0,2.0,1.0,0.0,0.0,3.0
bacteria_pseudomonas_chunk_33,bacteria_pseudomonas.fasta,33,bacteria,3.0,1.0,3.0,3.0,1.0,2.0,3,4.0,4,11.0,1.0,0.0,5.0,2.0,3.0,1.0,3.0,6.0,2.0,8.0,0.0,6,7,4.0,6,7,9.0,0.0,0.0,4,7.0,1.0,2.0,2.0,8.0,8,5,6,5.0,10,23,8.0,10,3.0,7.0,4.0,11.0,1.0,2.0,0.0,1.0,14.0,1.0,12,1.0,6.0,9,10,10.0,0.0,8.0,1.0,3.0,1.0,2.0,2.0,2.0,11,9,4.0,2.0,11,22,6.0,1.0,4,13,4.0,11,10,7.0,2.0,1.0,3,8.0,15,15,25,4,13,17,14,15,17,17,17,8,27,14,6,11,36,23,12,8.0,13,10.0,1.0,0.0,2.0,4,21,3.0,2.0,8,24,0.0,17,15.0,2.0,5.0,5.0,15,7.0,7,8,12,3.0,6.0,6,15,12.0,2.0,19,20,3.0,3.0,6,14,6.0,9,10,40,22,19,20,26,10,0.0,11,10,9,9,7,11,13,7,39,43,12,9.0,22,10.0,11,4.0,15,23,3.0,0.0,2.0,13.0,2.0,1.0,7,30,7.0,7,11,9,4.0,0.0,13,16.0,0.0,1.0,0.0,0.0,1.0,3.0,1.0,1.0,3.0,3.0,0.0,2.0,2.0,6.0,11.0,7,9,3.0,10,8,28,14,24,11.0,0.0,6,4.0,4.0,7,4.0,9.0,6,6,10,12,7,10,20,11,12,2.0,10.0,1.0,6.0,0.0,9,18,14,3,11.0,7,10.0,5.0,6.0,2.0,0.0,3.0,2.0,6.0,0.0,1.0,1.0,1.0,0.0,0.0,0.0,0.0,0.0,0.0,2.0,1.0,0.0,0.0
bacteria_pseudomonas_chunk_34,bacteria_pseudomonas.fasta,34,bacteria,0.0,1.0,0.0,2.0,5.0,8.0,1,4.0,5,6.0,1.0,1.0,1.0,0.0,1.0,1.0,0.0,4.0,3.0,7.0,3.0,6,7,6.0,4,7,4.0,0.0,3.0,2,2.0,4.0,3.0,4.0,7.0,9,10,15,4.0,3,22,10.0,18,1.0,2.0,3.0,8.0,1.0,1.0,3.0,0.0,3.0,5.0,12,3.0,2.0,14,8,5.0,0.0,6.0,2.0,1.0,0.0,9.0,4.0,2.0,6,2,4.0,5.0,21,26,9.0,1.0,6,13,2.0,5,22,5.0,4.0,6.0,12,8.0,14,35,23,5,5,21,7,7,13,21,17,15,42,38,16,8,40,16,14,2.0,15,3.0,2.0,1.0,3.0,8,12,1.0,7.0,17,27,4.0,11,2.0,1.0,1.0,6.0,10,2.0,4,10,9,1.0,6.0,8,20,3.0,2.0,12,16,5.0,7.0,6,23,8.0,20,18,48,16,20,50,32,15,2.0,12,28,4,7,4,10,6,11,32,47,16,6.0,20,4.0,7,6.0,17,16,6.0,0.0,2.0,5.0,2.0,8.0,5,22,3.0,2,14,11,1.0,1.0,12,7.0,0.0,0.0,0.0,0.0,2.0,2.0,1.0,3.0,4.0,1.0,0.0,1.0,3.0,3.0,12.0,6,3,3.0,11,6,18,22,16,4.0,1.0,4,4.0,1.0,1,4.0,2.0,5,10,18,17,10,10,24,7,6,0.0,4.0,1.0,5.0,0.0,10,5,14,3,1.0,10,1.0,0.0,3.0,0.0,3.0,8.0,2.0,1.0,4.0,1.0,1.0,4.0,1.0,3.0,2.0,1.0,0.0,0.0,0.0,1.0,0.0,0.0
bacteria_pseudomonas_chunk_35,bacteria_pseudomonas.fasta,35,bacteria,1.0,4.0,3.0,3.0,4.0,10.0,6,5.0,7,2.0,3.0,1.0,1.0,0.0,1.0,1.0,0.0,6.0,4.0,6.0,11.0,13,6,8.0,11,12,0.0,4.0,1.0,12,2.0,2.0,4.0,2.0,3.0,11,10,24,7.0,4,7,11.0,6,1.0,5.0,2.0,2.0,0.0,1.0,3.0,0.0,4.0,7.0,12,2.0,4.0,7,10,0.0,2.0,1.0,4.0,1.0,0.0,9.0,6.0,2.0,12,3,4.0,4.0,24,18,4.0,1.0,11,7,3.0,9,22,4.0,6.0,4.0,14,10.0,10,20,26,6,10,32,2,11,21,14,7,13,27,31,19,6,47,13,11,1.0,7,7.0,7.0,0.0,2.0,1,10,3.0,14.0,30,30,12.0,8,4.0,2.0,5.0,10.0,8,3.0,5,12,14,6.0,2.0,19,7,2.0,2.0,8,13,3.0,9.0,8,18,12.0,19,11,31,25,21,50,26,15,4.0,3,39,7,7,6,11,5,18,33,39,13,7.0,18,12.0,7,4.0,8,18,4.0,2.0,4.0,0.0,2.0,5.0,9,9,1.0,5,12,14,3.0,1.0,10,6.0,2.0,0.0,0.0,1.0,8.0,4.0,3.0,0.0,1.0,1.0,1.0,1.0,4.0,4.0,4.0,2,5,8.0,4,6,14,9,13,5.0,1.0,2,3.0,3.0,6,6.0,3.0,11,5,16,18,14,12,31,8,10,2.0,4.0,4.0,6.0,4.0,3,6,10,3,3.0,4,7.0,1.0,3.0,1.0,1.0,10.0,2.0,1.0,5.0,1.0,0.0,3.0,0.0,5.0,0.0,0.0,1.0,0.0,0.0,0.0,0.0,0.0
bacteria_pseudomonas_chunk_36,bacteria_pseudomonas.fasta,36,bacteria,4.0,2.0,2.0,3.0,5.0,6.0,6,3.0,7,6.0,4.0,2.0,0.0,5.0,2.0,1.0,2.0,9.0,2.0,15.0,3.0,11,3,9.0,8,15,2.0,1.0,3.0,6,7.0,5.0,4.0,4.0,7.0,8,10,13,12.0,10,12,8.0,10,2.0,3.0,6.0,4.0,0.0,5.0,0.0,2.0,5.0,6.0,4,5.0,5.0,12,10,5.0,1.0,2.0,2.0,3.0,0.0,8.0,5.0,0.0,10,11,3.0,9.0,29,26,8.0,0.0,2,12,4.0,9,30,3.0,3.0,3.0,10,7.0,9,19,25,9,6,16,12,12,14,5,13,10,35,20,9,17,29,19,14,8.0,13,5.0,4.0,0.0,1.0,6,17,3.0,4.0,20,14,5.0,18,16.0,3.0,5.0,10.0,13,6.0,10,10,11,6.0,2.0,5,8,2.0,4.0,13,14,2.0,6.0,5,22,8.0,13,14,37,17,12,31,20,14,1.0,15,14,12,10,15,7,9,11,18,32,12,9.0,15,5.0,7,6.0,16,9,10.0,1.0,6.0,8.0,3.0,8.0,8,18,4.0,4,7,7,3.0,2.0,14,7.0,1.0,0.0,0.0,1.0,7.0,6.0,2.0,6.0,2.0,0.0,1.0,0.0,2.0,8.0,11.0,5,16,3.0,4,8,14,15,19,5.0,1.0,3,7.0,7.0,7,4.0,1.0,4,12,18,12,9,5,17,5,10,2.0,6.0,2.0,7.0,1.0,12,11,14,6,3.0,12,6.0,4.0,9.0,3.0,5.0,4.0,3.0,1.0,5.0,0.0,1.0,1.0,0.0,0.0,0.0,2.0,0.0,1.0,2.0,1.0,1.0,0.0
bacteria_pseudomonas_chunk_37,bacteria_pseudomonas.fasta,37,bacteria,3.0,8.0,4.0,5.0,10.0,7.0,5,3.0,6,3.0,5.0,4.0,4.0,5.0,2.0,2.0,5.0,7.0,6.0,9.0,6.0,17,8,4.0,9,9,3.0,4.0,9.0,5,3.0,8.0,6.0,6.0,1.0,9,12,15,10.0,7,8,4.0,5,3.0,4.0,4.0,7.0,3.0,7.0,6.0,2.0,4.0,8.0,14,5.0,5.0,10,8,4.0,0.0,5.0,1.0,2.0,9.0,7.0,1.0,4.0,7,3,7.0,7.0,18,13,5.0,5.0,9,11,3.0,6,18,9.0,8.0,12.0,8,15.0,20,18,18,9,11,22,15,10,14,19,11,11,25,14,15,8,28,6,12,7.0,7,9.0,5.0,0.0,5.0,18,13,3.0,16.0,14,18,8.0,20,10.0,4.0,7.0,10.0,10,5.0,8,16,11,4.0,7.0,19,6,4.0,7.0,10,11,2.0,10.0,7,13,8.0,13,13,25,16,13,22,15,9,3.0,8,20,12,11,4,7,9,9,17,23,7,7.0,4,4.0,4,5.0,10,6,6.0,1.0,5.0,5.0,4.0,3.0,9,9,6.0,6,7,7,3.0,3.0,15,5.0,0.0,2.0,1.0,3.0,7.0,4.0,4.0,4.0,4.0,2.0,0.0,1.0,4.0,3.0,5.0,5,9,12.0,15,12,17,16,12,9.0,1.0,11,9.0,5.0,3,15.0,4.0,9,9,13,7,11,9,16,5,6,0.0,6.0,6.0,4.0,1.0,5,13,18,12,4.0,9,3.0,1.0,8.0,2.0,6.0,7.0,3.0,4.0,8.0,1.0,5.0,3.0,1.0,5.0,2.0,0.0,0.0,1.0,4.0,2.0,3.0,0.0
bacteria_pseudomonas_chunk_38,bacteria_pseudomonas.fasta,38,bacteria,0.0,1.0,1.0,7.0,1.0,9.0,4,5.0,7,3.0,2.0,3.0,2.0,2.0,1.0,1.0,7.0,8.0,4.0,6.0,4.0,12,8,6.0,13,13,6.0,1.0,5.0,5,3.0,6.0,6.0,3.0,3.0,6,15,18,3.0,4,14,2.0,13,6.0,6.0,4.0,5.0,2.0,1.0,4.0,1.0,7.0,3.0,6,3.0,3.0,13,4,5.0,0.0,4.0,2.0,1.0,0.0,7.0,2.0,2.0,16,14,2.0,3.0,24,21,8.0,2.0,3,9,3.0,11,23,4.0,9.0,4.0,13,6.0,14,29,20,15,13,9,9,15,16,8,13,11,41,18,12,10,28,15,23,6.0,17,11.0,1.0,0.0,3.0,7,19,1.0,6.0,13,14,3.0,9,15.0,1.0,3.0,13.0,12,6.0,7,11,13,3.0,4.0,6,4,5.0,2.0,11,14,3.0,5.0,12,14,5.0,15,18,50,11,16,23,29,10,2.0,8,18,7,7,5,7,6,11,22,25,10,6.0,14,5.0,7,9.0,16,19,9.0,0.0,10.0,17.0,2.0,4.0,9,27,4.0,7,12,12,3.0,0.0,12,15.0,1.0,0.0,0.0,4.0,2.0,2.0,5.0,6.0,5.0,5.0,0.0,0.0,0.0,4.0,11.0,4,11,6.0,2,6,16,17,14,12.0,0.0,4,4.0,7.0,6,8.0,1.0,8,8,16,17,10,5,12,10,10,8.0,5.0,2.0,3.0,1.0,5,6,7,7,7.0,13,7.0,7.0,0.0,0.0,3.0,9.0,1.0,6.0,3.0,2.0,0.0,0.0,1.0,1.0,2.0,0.0,1.0,1.0,2.0,1.0,1.0,0.0
bacteria_pseudomonas_chunk_39,bacteria_pseudomonas.fasta,39,bacteria,0.0,2.0,2.0,1.0,3.0,6.0,5,2.0,7,5.0,6.0,1.0,1.0,1.0,0.0,0.0,1.0,5.0,1.0,8.0,2.0,9,5,6.0,8,6,7.0,0.0,3.0,5,2.0,4.0,2.0,0.0,3.0,7,10,13,5.0,4,25,7.0,15,1.0,9.0,1.0,11.0,0.0,1.0,2.0,3.0,4.0,4.0,10,3.0,1.0,5,6,1.0,0.0,1.0,5.0,1.0,0.0,2.0,0.0,2.0,11,6,1.0,3.0,15,24,7.0,0.0,2,1,2.0,6,23,0.0,4.0,2.0,8,7.0,23,24,32,11,6,11,9,14,13,18,16,11,37,23,20,13,39,15,18,9.0,12,13.0,0.0,1.0,2.0,8,11,4.0,7.0,13,25,8.0,7,11.0,1.0,4.0,10.0,18,3.0,1,10,12,1.0,1.0,7,17,4.0,3.0,17,10,3.0,1.0,10,14,3.0,8,12,67,4,17,42,29,11,1.0,14,29,4,13,3,6,8,6,25,50,15,8.0,6,3.0,13,9.0,21,18,12.0,1.0,8.0,16.0,3.0,1.0,13,31,4.0,6,6,10,3.0,0.0,10,30.0,0.0,1.0,0.0,3.0,0.0,3.0,3.0,3.0,6.0,5.0,1.0,2.0,0.0,3.0,7.0,1,10,5.0,6,10,15,17,18,9.0,0.0,2,8.0,4.0,4,6.0,5.0,6,4,19,13,7,5,26,5,14,9.0,7.0,2.0,6.0,0.0,4,6,8,3,7.0,19,9.0,12.0,3.0,0.0,1.0,4.0,2.0,5.0,1.0,1.0,0.0,0.0,0.0,0.0,0.0,0.0,0.0,0.0,0.0,2.0,0.0,0.0
bacteria_pseudomonas_chunk_40,bacteria_pseudomonas.fasta,40,bacteria,2.0,1.0,2.0,4.0,3.0,5.0,6,6.0,5,1.0,4.0,0.0,3.0,2.0,1.0,0.0,2.0,6.0,0.0,12.0,6.0,16,5,5.0,10,14,0.0,1.0,1.0,6,3.0,3.0,4.0,1.0,5.0,10,9,16,9.0,9,16,8.0,8,2.0,3.0,2.0,5.0,1.0,2.0,0.0,1.0,14.0,3.0,19,6.0,1.0,11,9,2.0,0.0,4.0,1.0,0.0,1.0,7.0,1.0,3.0,19,10,3.0,2.0,30,27,6.0,0.0,14,8,3.0,11,26,11.0,5.0,6.0,13,6.0,21,24,23,10,8,12,3,12,10,18,16,16,35,27,20,13,44,16,13,4.0,11,4.0,3.0,1.0,3.0,8,18,2.0,4.0,18,20,6.0,9,2.0,3.0,1.0,10.0,13,4.0,1,11,10,2.0,4.0,7,10,1.0,3.0,22,13,1.0,8.0,12,21,7.0,20,13,40,11,15,37,28,6,1.0,15,27,7,10,9,2,15,13,27,37,12,7.0,15,5.0,10,7.0,18,11,10.0,1.0,5.0,5.0,2.0,7.0,6,22,3.0,1,6,12,1.0,0.0,16,6.0,1.0,0.0,1.0,0.0,6.0,4.0,0.0,1.0,2.0,3.0,1.0,0.0,1.0,10.0,12.0,7,12,5.0,9,5,15,27,21,8.0,0.0,7,3.0,2.0,3,1.0,1.0,3,8,13,6,9,7,14,8,15,0.0,6.0,2.0,4.0,0.0,6,14,12,1,2.0,1,3.0,3.0,4.0,0.0,1.0,5.0,1.0,1.0,3.0,0.0,1.0,4.0,0.0,2.0,0.0,0.0,0.0,1.0,0.0,1.0,1.0,0.0
bacteria_pseudomonas_chunk_41,bacteria_pseudomonas.fasta,41,bacteria,17.0,5.0,4.0,5.0,6.0,4.0,8,6.0,11,13.0,3.0,2.0,4.0,5.0,6.0,7.0,3.0,2.0,0.0,8.0,12.0,10,7,4.0,9,7,2.0,0.0,4.0,8,5.0,9.0,3.0,5.0,2.0,14,14,16,9.0,11,18,4.0,4,1.0,5.0,1.0,4.0,1.0,4.0,4.0,0.0,10.0,9.0,7,2.0,4.0,8,5,1.0,1.0,7.0,5.0,3.0,6.0,10.0,16.0,3.0,14,10,2.0,6.0,21,12,4.0,4.0,7,8,5.0,14,20,11.0,6.0,10.0,20,10.0,15,25,29,8,9,17,5,12,11,15,11,21,32,14,16,16,36,9,9,4.0,9,0.0,1.0,1.0,2.0,9,16,4.0,7.0,22,22,4.0,11,7.0,7.0,8.0,8.0,12,9.0,3,11,5,5.0,3.0,16,11,3.0,2.0,15,3,4.0,15.0,8,13,11.0,25,16,40,9,19,32,24,5,2.0,12,26,11,11,6,11,5,9,27,38,13,3.0,18,5.0,8,4.0,6,10,5.0,1.0,6.0,3.0,1.0,3.0,4,11,3.0,5,6,6,0.0,3.0,3,6.0,1.0,0.0,0.0,1.0,6.0,3.0,2.0,4.0,5.0,1.0,2.0,1.0,5.0,5.0,8.0,2,13,8.0,7,5,11,17,10,2.0,1.0,6,4.0,4.0,5,4.0,2.0,6,3,17,12,13,3,15,16,4,2.0,1.0,2.0,4.0,1.0,5,11,5,6,1.0,9,5.0,4.0,6.0,4.0,7.0,4.0,1.0,1.0,2.0,1.0,2.0,0.0,0.0,1.0,1.0,4.0,4.0,0.0,6.0,1.0,3.0,0.0
bacteria_pseudomonas_chunk_42,bacteria_pseudomonas.fasta,42,bacteria,0.0,1.0,1.0,6.0,3.0,3.0,4,3.0,7,4.0,3.0,0.0,2.0,1.0,1.0,2.0,5.0,5.0,1.0,11.0,5.0,8,2,6.0,10,10,2.0,1.0,3.0,4,5.0,5.0,4.0,3.0,6.0,8,12,12,6.0,8,25,11.0,10,0.0,1.0,1.0,5.0,1.0,1.0,3.0,1.0,8.0,4.0,9,5.0,12.0,7,4,4.0,0.0,3.0,4.0,2.0,0.0,4.0,4.0,5.0,8,8,2.0,4.0,20,36,0.0,2.0,9,9,5.0,7,22,4.0,3.0,4.0,15,2.0,20,30,24,10,8,8,6,9,14,16,16,12,36,18,12,7,39,17,20,4.0,17,7.0,2.0,0.0,1.0,9,15,4.0,0.0,11,17,4.0,10,12.0,3.0,3.0,8.0,12,2.0,2,13,14,5.0,11.0,7,9,2.0,4.0,12,15,2.0,3.0,7,20,10.0,13,11,51,15,17,24,29,16,3.0,12,15,7,5,9,6,4,12,30,50,13,5.0,19,11.0,10,6.0,16,15,11.0,2.0,4.0,8.0,0.0,9.0,3,21,8.0,7,9,10,5.0,0.0,9,11.0,0.0,3.0,1.0,0.0,2.0,3.0,2.0,0.0,4.0,5.0,2.0,1.0,1.0,4.0,13.0,10,8,4.0,10,4,12,14,20,10.0,2.0,6,5.0,7.0,6,7.0,4.0,7,8,12,7,6,4,22,6,8,4.0,7.0,5.0,5.0,0.0,10,10,11,3,5.0,6,9.0,8.0,12.0,3.0,2.0,10.0,8.0,2.0,2.0,1.0,0.0,1.0,1.0,4.0,0.0,0.0,0.0,0.0,1.0,0.0,0.0,0.0
bacteria_pseudomonas_chunk_43,bacteria_pseudomonas.fasta,43,bacteria,3.0,0.0,3.0,0.0,12.0,5.0,3,4.0,6,2.0,2.0,0.0,0.0,1.0,1.0,3.0,1.0,3.0,3.0,10.0,8.0,11,8,6.0,6,12,2.0,1.0,0.0,5,7.0,3.0,5.0,2.0,3.0,9,9,7,3.0,1,8,10.0,6,1.0,3.0,2.0,1.0,0.0,1.0,0.0,1.0,3.0,15.0,16,9.0,4.0,5,14,1.0,0.0,3.0,3.0,2.0,1.0,14.0,4.0,3.0,12,7,4.0,4.0,17,13,1.0,0.0,18,8,2.0,10,17,8.0,4.0,2.0,10,9.0,10,15,18,9,5,28,11,2,9,13,8,6,27,21,23,6,40,14,16,3.0,7,9.0,9.0,0.0,6.0,4,10,3.0,15.0,27,26,13.0,23,3.0,1.0,3.0,6.0,7,1.0,6,7,7,2.0,4.0,5,10,4.0,1.0,23,12,2.0,4.0,11,11,9.0,14,8,26,17,9,40,21,19,4.0,11,40,3,7,4,7,4,10,14,52,11,4.0,19,10.0,12,4.0,14,27,7.0,0.0,7.0,1.0,3.0,4.0,9,12,5.0,14,18,13,3.0,0.0,11,6.0,0.0,0.0,0.0,1.0,6.0,7.0,4.0,1.0,0.0,0.0,3.0,3.0,5.0,4.0,4.0,8,15,7.0,5,14,7,16,25,5.0,4.0,7,8.0,8.0,5,4.0,1.0,23,10,15,9,21,10,20,11,18,3.0,6.0,3.0,7.0,1.0,8,13,15,10,0.0,5,6.0,2.0,9.0,4.0,7.0,16.0,7.0,0.0,2.0,1.0,0.0,4.0,0.0,4.0,0.0,1.0,0.0,2.0,1.0,1.0,0.0,0.0
bacteria_pseudomonas_chunk_44,bacteria_pseudomonas.fasta,44,bacteria,1.0,5.0,0.0,3.0,5.0,5.0,8,1.0,7,4.0,2.0,0.0,4.0,4.0,1.0,0.0,3.0,4.0,1.0,3.0,3.0,6,5,3.0,10,8,8.0,0.0,5.0,7,8.0,4.0,2.0,3.0,6.0,5,9,11,10.0,6,13,6.0,16,4.0,4.0,2.0,1.0,2.0,1.0,2.0,2.0,10.0,5.0,13,7.0,4.0,10,6,4.0,1.0,4.0,2.0,1.0,0.0,5.0,1.0,1.0,6,11,4.0,4.0,14,22,5.0,1.0,17,8,3.0,7,12,15.0,3.0,3.0,11,8.0,13,14,20,5,14,5,19,11,5,12,8,14,30,22,17,13,38,14,15,11.0,19,4.0,0.0,0.0,3.0,10,36,2.0,2.0,9,17,1.0,28,29.0,2.0,6.0,9.0,12,4.0,3,4,10,4.0,4.0,8,11,3.0,3.0,13,11,2.0,4.0,6,20,7.0,16,16,30,13,5,32,28,5,1.0,18,13,19,9,8,5,9,9,26,28,14,6.0,10,4.0,12,11.0,19,13,11.0,2.0,8.0,15.0,4.0,4.0,10,25,6.0,6,5,6,2.0,1.0,4,14.0,1.0,2.0,1.0,1.0,2.0,3.0,4.0,6.0,6.0,4.0,1.0,2.0,2.0,6.0,9.0,6,14,3.0,5,12,15,28,24,17.0,0.0,13,4.0,13.0,7,6.0,6.0,6,9,10,9,10,6,16,8,11,3.0,3.0,3.0,4.0,1.0,6,9,10,15,13.0,14,12.0,6.0,4.0,1.0,2.0,1.0,1.0,1.0,1.0,0.0,2.0,0.0,0.0,1.0,1.0,0.0,0.0,0.0,2.0,3.0,0.0,1.0
bacteria_pseudomonas_chunk_45,bacteria_pseudomonas.fasta,45,bacteria,1.0,2.0,3.0,0.0,5.0,8.0,7,1.0,8,4.0,1.0,1.0,2.0,3.0,0.0,4.0,3.0,2.0,3.0,10.0,12.0,18,14,16.0,8,7,3.0,3.0,0.0,11,0.0,4.0,4.0,0.0,3.0,7,8,17,7.0,6,14,6.0,4,0.0,1.0,0.0,4.0,0.0,2.0,0.0,1.0,1.0,12.0,7,4.0,2.0,7,3,3.0,0.0,0.0,2.0,3.0,0.0,7.0,5.0,3.0,15,5,2.0,6.0,19,10,3.0,0.0,6,5,2.0,7,18,6.0,5.0,3.0,16,5.0,18,36,33,7,10,25,8,11,30,23,13,10,51,45,23,9,47,15,12,3.0,11,4.0,17.0,0.0,1.0,1,20,2.0,5.0,29,32,6.0,9,1.0,0.0,5.0,11.0,6,3.0,8,14,19,3.0,4.0,11,16,1.0,2.0,14,7,2.0,6.0,14,14,4.0,12,11,51,24,34,64,29,7,6.0,10,32,2,9,10,7,2,11,26,54,11,2.0,25,4.0,4,4.0,6,11,4.0,1.0,6.0,1.0,2.0,4.0,4,9,3.0,1,7,5,4.0,0.0,11,7.0,0.0,0.0,1.0,1.0,20.0,2.0,2.0,0.0,1.0,0.0,0.0,1.0,2.0,1.0,4.0,1,6,3.0,9,5,9,21,14,6.0,3.0,4,4.0,0.0,1,0.0,2.0,7,10,12,18,9,11,16,10,5,3.0,2.0,1.0,7.0,0.0,2,6,14,2,2.0,6,2.0,0.0,4.0,0.0,2.0,5.0,1.0,0.0,2.0,0.0,2.0,5.0,0.0,0.0,0.0,0.0,0.0,0.0,0.0,0.0,0.0,0.0
bacteria_pseudomonas_chunk_46,bacteria_pseudomonas.fasta,46,bacteria,0.0,5.0,0.0,11.0,3.0,7.0,5,4.0,7,6.0,3.0,0.0,2.0,2.0,1.0,0.0,5.0,7.0,1.0,7.0,4.0,12,5,3.0,8,9,5.0,0.0,6.0,6,1.0,4.0,3.0,5.0,6.0,16,13,15,4.0,9,26,13.0,6,1.0,5.0,0.0,2.0,0.0,0.0,1.0,2.0,9.0,6.0,11,4.0,6.0,6,9,3.0,0.0,2.0,5.0,2.0,0.0,5.0,1.0,0.0,15,11,7.0,7.0,22,28,4.0,1.0,12,12,2.0,16,27,6.0,4.0,7.0,12,1.0,19,37,18,4,6,10,6,22,5,15,8,14,47,33,20,10,40,10,15,7.0,9,8.0,0.0,0.0,2.0,11,16,4.0,6.0,21,18,3.0,10,4.0,1.0,6.0,16.0,19,2.0,1,9,7,0.0,2.0,14,16,0.0,2.0,14,9,3.0,3.0,8,19,16.0,26,11,50,8,20,49,35,13,0.0,15,24,3,9,4,5,10,9,29,50,8,3.0,17,1.0,12,8.0,11,21,3.0,1.0,3.0,14.0,4.0,5.0,4,13,5.0,7,9,8,2.0,0.0,7,7.0,0.0,0.0,1.0,1.0,1.0,0.0,1.0,5.0,5.0,4.0,1.0,3.0,2.0,4.0,8.0,4,14,2.0,4,8,8,20,13,6.0,0.0,6,8.0,5.0,8,5.0,7.0,4,7,6,19,10,6,14,9,10,5.0,2.0,1.0,1.0,0.0,2,7,7,6,5.0,6,4.0,1.0,3.0,0.0,2.0,4.0,0.0,1.0,2.0,0.0,1.0,0.0,0.0,0.0,0.0,0.0,0.0,0.0,1.0,0.0,0.0,0.0
bacteria_pseudomonas_chunk_47,bacteria_pseudomonas.fasta,47,bacteria,0.0,2.0,1.0,5.0,2.0,3.0,9,2.0,6,0.0,1.0,3.0,5.0,3.0,6.0,1.0,4.0,9.0,7.0,9.0,5.0,9,10,2.0,11,12,5.0,2.0,7.0,3,4.0,2.0,6.0,2.0,5.0,9,16,11,6.0,8,10,7.0,16,3.0,4.0,3.0,2.0,2.0,3.0,4.0,7.0,9.0,6.0,16,7.0,5.0,15,7,1.0,5.0,6.0,2.0,3.0,4.0,5.0,1.0,6.0,15,10,3.0,6.0,20,25,3.0,4.0,11,12,5.0,11,21,8.0,6.0,4.0,8,8.0,19,19,21,6,11,17,10,10,11,17,12,14,26,21,12,14,26,15,9,3.0,14,8.0,4.0,1.0,5.0,8,14,2.0,10.0,9,16,1.0,10,16.0,4.0,4.0,9.0,6,3.0,7,14,13,3.0,4.0,13,10,7.0,8.0,17,10,4.0,10.0,12,12,10.0,16,15,41,8,9,28,16,11,3.0,6,13,10,7,12,7,16,14,20,26,7,10.0,9,4.0,11,5.0,16,19,7.0,5.0,0.0,6.0,1.0,10.0,9,16,1.0,6,3,16,1.0,1.0,7,11.0,0.0,3.0,3.0,3.0,2.0,4.0,1.0,3.0,3.0,6.0,3.0,1.0,4.0,7.0,12.0,7,9,2.0,7,13,20,15,15,7.0,0.0,5,3.0,7.0,3,8.0,8.0,6,7,18,6,7,10,22,8,11,1.0,2.0,0.0,4.0,3.0,6,8,11,5,4.0,11,12.0,4.0,7.0,3.0,1.0,4.0,2.0,1.0,5.0,2.0,6.0,1.0,0.0,1.0,1.0,2.0,0.0,1.0,5.0,1.0,2.0,0.0
bacteria_pseudomonas_chunk_48,bacteria_pseudomonas.fasta,48,bacteria,1.0,7.0,3.0,2.0,9.0,11.0,4,3.0,7,9.0,3.0,3.0,2.0,1.0,1.0,1.0,1.0,6.0,2.0,6.0,5.0,18,5,2.0,13,8,3.0,0.0,3.0,4,3.0,6.0,2.0,4.0,6.0,13,9,15,5.0,11,23,10.0,11,0.0,5.0,2.0,6.0,1.0,2.0,3.0,1.0,0.0,7.0,15,2.0,1.0,5,10,1.0,0.0,2.0,3.0,0.0,2.0,3.0,5.0,3.0,8,9,1.0,7.0,20,33,6.0,2.0,11,5,0.0,9,29,2.0,8.0,2.0,7,5.0,14,30,29,6,14,11,6,10,15,13,6,14,52,35,17,14,43,22,6,8.0,9,10.0,0.0,2.0,7.0,7,21,0.0,6.0,10,16,4.0,11,5.0,2.0,11.0,16.0,13,2.0,4,16,5,4.0,3.0,11,11,2.0,2.0,9,9,3.0,9.0,9,27,11.0,14,13,44,19,9,50,30,13,0.0,16,20,7,20,8,8,7,24,24,46,16,9.0,21,6.0,7,4.0,11,12,3.0,0.0,1.0,8.0,4.0,2.0,6,22,2.0,4,1,12,2.0,0.0,8,10.0,0.0,0.0,0.0,1.0,1.0,1.0,1.0,5.0,4.0,2.0,2.0,1.0,1.0,2.0,4.0,3,13,2.0,10,4,19,25,18,9.0,0.0,2,1.0,3.0,6,4.0,2.0,4,4,5,7,5,9,23,5,6,1.0,7.0,1.0,2.0,1.0,1,9,13,2,5.0,5,5.0,4.0,4.0,2.0,1.0,4.0,3.0,2.0,2.0,1.0,2.0,2.0,0.0,0.0,1.0,0.0,0.0,1.0,3.0,0.0,0.0,0.0
bacteria_pseudomonas_chunk_49,bacteria_pseudomonas.fasta,49,bacteria,2.0,3.0,3.0,4.0,5.0,9.0,5,3.0,11,6.0,0.0,0.0,2.0,7.0,0.0,5.0,2.0,6.0,3.0,9.0,5.0,11,7,2.0,18,10,6.0,2.0,2.0,4,4.0,5.0,2.0,4.0,1.0,18,25,21,4.0,11,20,10.0,10,0.0,5.0,0.0,2.0,1.0,2.0,2.0,0.0,6.0,9.0,7,6.0,1.0,6,6,3.0,1.0,4.0,1.0,1.0,1.0,13.0,8.0,6.0,11,11,3.0,7.0,42,33,4.0,2.0,13,2,4.0,11,41,6.0,13.0,9.0,15,7.0,17,23,20,11,10,21,9,9,16,10,9,20,40,25,13,11,31,5,10,0.0,18,8.0,5.0,2.0,2.0,6,14,3.0,2.0,21,10,10.0,12,7.0,2.0,6.0,7.0,8,3.0,6,9,14,3.0,1.0,13,8,3.0,3.0,8,7,2.0,11.0,17,29,9.0,30,21,31,20,12,38,18,8,4.0,9,10,3,7,9,8,9,21,25,18,7,4.0,9,4.0,5,5.0,14,7,6.0,0.0,2.0,2.0,1.0,5.0,19,16,4.0,6,3,8,3.0,2.0,13,3.0,1.0,0.0,0.0,0.0,7.0,2.0,1.0,1.0,2.0,3.0,0.0,1.0,2.0,1.0,10.0,3,14,9.0,14,8,13,19,9,8.0,1.0,4,8.0,5.0,3,5.0,3.0,1,8,12,12,2,7,11,3,7,0.0,7.0,6.0,6.0,1.0,3,11,12,5,3.0,4,4.0,3.0,2.0,6.0,8.0,7.0,4.0,0.0,5.0,3.0,4.0,2.0,1.0,1.0,1.0,4.0,2.0,0.0,2.0,0.0,0.0,0.0
bacteria_pseudomonas_chunk_50,bacteria_pseudomonas.fasta,50,bacteria,0.0,1.0,0.0,3.0,1.0,3.0,8,1.0,7,2.0,1.0,0.0,0.0,0.0,0.0,0.0,3.0,3.0,1.0,9.0,0.0,13,11,1.0,6,6,6.0,0.0,1.0,6,2.0,2.0,0.0,5.0,2.0,12,11,18,5.0,8,18,10.0,8,1.0,4.0,1.0,1.0,0.0,0.0,0.0,0.0,6.0,1.0,13,4.0,0.0,4,4,6.0,0.0,2.0,1.0,0.0,0.0,8.0,0.0,0.0,23,6,0.0,0.0,23,26,2.0,0.0,5,3,0.0,9,25,3.0,3.0,0.0,7,8.0,19,27,29,11,5,21,8,7,16,13,15,5,41,34,21,12,64,18,15,8.0,13,8.0,0.0,1.0,3.0,4,21,1.0,2.0,26,22,3.0,9,13.0,1.0,1.0,6.0,11,0.0,3,10,9,1.0,4.0,11,13,3.0,0.0,18,11,0.0,5.0,11,18,3.0,17,17,61,6,14,46,49,15,1.0,21,21,9,7,4,9,11,15,30,58,13,4.0,18,15.0,19,5.0,17,18,6.0,0.0,2.0,12.0,4.0,3.0,12,24,5.0,6,8,8,5.0,0.0,6,13.0,0.0,0.0,0.0,1.0,0.0,1.0,0.0,4.0,5.0,3.0,0.0,3.0,3.0,6.0,5.0,1,8,1.0,5,9,17,22,24,4.0,0.0,2,5.0,4.0,2,3.0,4.0,1,5,19,14,13,7,16,13,4,4.0,10.0,1.0,6.0,0.0,3,6,9,1,2.0,13,6.0,7.0,2.0,0.0,0.0,7.0,2.0,1.0,1.0,1.0,0.0,0.0,0.0,0.0,0.0,0.0,0.0,0.0,0.0,0.0,0.0,0.0
bacteria_pseudomonas_chunk_51,bacteria_pseudomonas.fasta,51,bacteria,4.0,6.0,2.0,2.0,8.0,11.0,7,6.0,12,10.0,5.0,5.0,1.0,1.0,3.0,6.0,1.0,5.0,3.0,6.0,9.0,10,11,17.0,15,20,8.0,2.0,6.0,5,6.0,9.0,5.0,2.0,4.0,3,10,9,5.0,5,13,6.0,3,0.0,6.0,1.0,4.0,6.0,3.0,0.0,0.0,1.0,10.0,9,5.0,5.0,5,6,1.0,2.0,2.0,4.0,4.0,2.0,7.0,10.0,2.0,7,14,3.0,6.0,9,11,2.0,1.0,10,6,1.0,9,12,6.0,3.0,2.0,18,8.0,20,23,23,8,7,23,6,14,32,8,12,11,32,33,22,11,53,6,10,2.0,11,8.0,13.0,4.0,2.0,4,10,6.0,12.0,21,22,2.0,22,2.0,3.0,7.0,14.0,18,3.0,9,16,26,4.0,6.0,6,3,4.0,2.0,9,8,6.0,8.0,11,9,5.0,13,12,35,18,20,39,30,6,9.0,7,24,8,11,11,6,3,14,24,38,12,4.0,12,6.0,4,2.0,4,10,6.0,1.0,3.0,1.0,0.0,4.0,6,9,5.0,4,8,6,0.0,1.0,8,5.0,4.0,1.0,2.0,2.0,4.0,9.0,5.0,2.0,0.0,3.0,2.0,2.0,2.0,6.0,2.0,4,8,8.0,11,6,9,21,7,6.0,5.0,2,5.0,9.0,8,7.0,3.0,6,5,12,15,9,11,10,8,5,1.0,3.0,0.0,0.0,1.0,7,13,15,5,3.0,7,0.0,1.0,8.0,3.0,3.0,7.0,4.0,0.0,5.0,0.0,0.0,7.0,0.0,6.0,3.0,4.0,3.0,2.0,5.0,1.0,0.0,3.0
bacteria_pseudomonas_chunk_52,bacteria_pseudomonas.fasta,52,bacteria,4.0,2.0,2.0,6.0,4.0,4.0,2,5.0,5,8.0,1.0,2.0,2.0,3.0,2.0,1.0,3.0,7.0,4.0,8.0,7.0,16,2,4.0,9,11,1.0,0.0,0.0,9,3.0,4.0,1.0,4.0,3.0,25,16,21,2.0,8,32,14.0,14,3.0,4.0,3.0,1.0,0.0,0.0,2.0,0.0,2.0,6.0,8,1.0,5.0,5,7,0.0,0.0,1.0,4.0,2.0,0.0,3.0,4.0,3.0,15,7,3.0,5.0,33,38,8.0,0.0,5,6,4.0,7,44,2.0,10.0,2.0,14,5.0,29,28,33,3,3,15,2,17,12,25,8,10,44,26,17,8,38,18,14,6.0,12,2.0,2.0,3.0,1.0,6,6,0.0,4.0,12,22,8.0,3,4.0,2.0,5.0,11.0,13,3.0,4,11,12,5.0,1.0,19,17,0.0,0.0,7,8,0.0,6.0,15,30,7.0,31,18,54,14,20,44,19,17,4.0,8,20,4,7,14,4,2,17,43,42,14,6.0,23,8.0,7,6.0,19,8,6.0,0.0,7.0,10.0,2.0,4.0,8,22,2.0,3,8,5,0.0,0.0,5,4.0,0.0,0.0,1.0,2.0,3.0,2.0,2.0,1.0,7.0,5.0,0.0,1.0,1.0,3.0,3.0,2,7,5.0,9,3,9,16,15,4.0,0.0,2,2.0,0.0,4,5.0,4.0,2,6,13,11,3,5,23,4,4,4.0,1.0,0.0,5.0,0.0,2,4,8,1,3.0,8,2.0,2.0,6.0,0.0,3.0,5.0,5.0,2.0,3.0,3.0,4.0,4.0,1.0,2.0,0.0,0.0,0.0,0.0,1.0,0.0,0.0,0.0
bacteria_pseudomonas_chunk_53,bacteria_pseudomonas.fasta,53,bacteria,19.0,5.0,7.0,6.0,8.0,3.0,6,3.0,10,7.0,8.0,3.0,2.0,4.0,4.0,4.0,3.0,6.0,4.0,12.0,7.0,14,5,9.0,16,8,5.0,3.0,5.0,4,10.0,6.0,4.0,0.0,3.0,7,13,7,7.0,2,15,6.0,10,6.0,3.0,2.0,8.0,1.0,5.0,3.0,2.0,6.0,7.0,11,0.0,4.0,8,5,5.0,0.0,4.0,4.0,6.0,2.0,7.0,9.0,2.0,18,20,7.0,6.0,17,17,4.0,1.0,8,7,3.0,22,19,8.0,11.0,8.0,10,8.0,14,14,23,5,15,8,7,11,11,10,9,10,25,15,13,10,34,18,10,3.0,8,7.0,6.0,0.0,7.0,10,14,12.0,7.0,12,15,4.0,5,15.0,3.0,13.0,10.0,8,1.0,5,8,9,3.0,3.0,4,5,2.0,6.0,10,7,4.0,6.0,15,11,3.0,24,14,19,13,5,17,28,7,7.0,17,17,7,9,4,2,9,14,19,23,12,6.0,11,6.0,13,7.0,15,13,5.0,4.0,4.0,8.0,5.0,5.0,12,13,4.0,3,12,2,7.0,4.0,9,12.0,4.0,1.0,4.0,4.0,4.0,6.0,6.0,1.0,3.0,4.0,4.0,3.0,2.0,7.0,8.0,4,9,8.0,13,5,13,16,13,7.0,3.0,6,9.0,4.0,7,6.0,2.0,6,4,13,12,16,6,8,6,7,5.0,8.0,3.0,8.0,5.0,3,6,11,6,7.0,13,5.0,8.0,8.0,9.0,7.0,6.0,3.0,5.0,4.0,2.0,1.0,2.0,6.0,3.0,4.0,2.0,2.0,5.0,7.0,1.0,2.0,2.0
bacteria_pseudomonas_chunk_54,bacteria_pseudomonas.fasta,54,bacteria,4.0,3.0,5.0,4.0,9.0,10.0,6,3.0,8,7.0,4.0,1.0,5.0,5.0,4.0,4.0,6.0,6.0,4.0,12.0,7.0,14,9,9.0,15,10,5.0,0.0,5.0,8,5.0,2.0,7.0,3.0,4.0,8,10,18,13.0,9,13,8.0,9,5.0,2.0,6.0,5.0,1.0,2.0,2.0,0.0,4.0,7.0,8,3.0,3.0,3,8,1.0,0.0,4.0,3.0,3.0,4.0,13.0,3.0,6.0,14,8,4.0,6.0,24,20,9.0,1.0,7,4,3.0,15,24,7.0,7.0,4.0,12,8.0,13,16,20,7,13,18,8,19,16,15,6,13,29,23,15,15,32,12,9,3.0,10,7.0,9.0,0.0,3.0,10,16,8.0,13.0,15,21,3.0,15,7.0,7.0,5.0,13.0,13,10.0,6,14,19,6.0,5.0,13,11,2.0,2.0,10,6,2.0,13.0,8,18,0.0,17,14,22,16,23,29,25,3,3.0,11,22,9,13,12,11,6,11,21,27,12,9.0,10,6.0,3,2.0,11,11,7.0,1.0,2.0,7.0,1.0,8.0,5,12,5.0,3,8,6,3.0,0.0,14,4.0,0.0,0.0,1.0,4.0,5.0,2.0,2.0,2.0,4.0,1.0,0.0,1.0,3.0,4.0,11.0,4,13,6.0,8,10,11,20,13,5.0,2.0,8,4.0,8.0,7,10.0,2.0,4,7,9,12,5,9,16,2,10,1.0,7.0,3.0,2.0,0.0,7,15,13,6,4.0,7,1.0,6.0,8.0,4.0,3.0,0.0,3.0,3.0,0.0,4.0,3.0,4.0,0.0,0.0,1.0,1.0,1.0,1.0,1.0,1.0,1.0,0.0
bacteria_pseudomonas_chunk_55,bacteria_pseudomonas.fasta,55,bacteria,2.0,1.0,5.0,2.0,3.0,4.0,2,2.0,5,9.0,0.0,0.0,3.0,4.0,1.0,0.0,1.0,2.0,2.0,13.0,6.0,11,7,2.0,11,9,6.0,1.0,1.0,2,3.0,4.0,4.0,4.0,5.0,16,10,15,5.0,6,25,13.0,9,0.0,3.0,1.0,4.0,0.0,0.0,2.0,1.0,7.0,3.0,6,1.0,7.0,6,8,6.0,1.0,3.0,5.0,3.0,2.0,1.0,1.0,2.0,21,9,5.0,4.0,28,32,6.0,0.0,4,4,4.0,12,28,3.0,6.0,2.0,6,5.0,3,19,24,17,12,12,9,11,15,10,11,12,31,25,14,14,40,18,11,7.0,21,13.0,2.0,0.0,6.0,5,16,3.0,4.0,11,16,4.0,13,16.0,2.0,5.0,9.0,9,7.0,1,11,13,0.0,7.0,9,8,1.0,1.0,9,19,7.0,2.0,13,27,4.0,14,11,40,13,23,35,34,11,1.0,15,17,10,8,5,4,13,11,26,53,19,7.0,24,5.0,7,4.0,19,7,6.0,0.0,1.0,11.0,1.0,6.0,10,28,4.0,1,4,6,0.0,0.0,16,13.0,0.0,0.0,0.0,0.0,2.0,2.0,0.0,4.0,4.0,4.0,0.0,0.0,0.0,11.0,13.0,3,12,0.0,6,8,19,17,16,10.0,1.0,2,3.0,10.0,7,1.0,7.0,7,7,11,11,5,3,20,7,9,2.0,5.0,0.0,8.0,1.0,8,8,12,8,10.0,13,9.0,5.0,4.0,3.0,2.0,3.0,2.0,1.0,1.0,3.0,0.0,0.0,1.0,0.0,1.0,1.0,0.0,1.0,1.0,2.0,0.0,0.0
bacteria_pseudomonas_chunk_56,bacteria_pseudomonas.fasta,56,bacteria,3.0,3.0,0.0,4.0,7.0,5.0,3,3.0,8,4.0,1.0,1.0,2.0,0.0,1.0,0.0,4.0,4.0,6.0,10.0,6.0,12,5,5.0,12,4,8.0,0.0,5.0,4,2.0,3.0,4.0,2.0,6.0,11,12,14,5.0,12,16,7.0,13,1.0,1.0,1.0,5.0,0.0,1.0,2.0,1.0,7.0,4.0,12,4.0,5.0,6,8,6.0,0.0,1.0,2.0,3.0,0.0,7.0,2.0,1.0,17,13,2.0,3.0,22,28,6.0,0.0,13,10,3.0,13,25,8.0,10.0,3.0,9,4.0,16,19,21,10,10,11,8,13,11,14,8,16,24,27,18,6,36,16,12,5.0,16,14.0,2.0,0.0,2.0,10,25,1.0,4.0,12,22,1.0,15,11.0,3.0,5.0,7.0,14,2.0,6,8,11,3.0,7.0,6,12,0.0,2.0,10,15,2.0,7.0,11,19,7.0,13,14,36,10,9,35,28,12,1.0,14,19,13,8,9,7,7,12,19,35,17,3.0,11,3.0,17,11.0,20,16,9.0,1.0,4.0,11.0,2.0,7.0,11,19,4.0,3,8,12,2.0,0.0,12,19.0,0.0,2.0,0.0,3.0,1.0,0.0,3.0,2.0,6.0,4.0,0.0,0.0,1.0,5.0,12.0,5,14,3.0,9,11,16,19,17,9.0,0.0,9,5.0,6.0,4,4.0,2.0,8,5,18,8,7,10,20,7,14,1.0,4.0,4.0,5.0,0.0,7,12,5,11,6.0,12,9.0,5.0,7.0,2.0,1.0,4.0,2.0,1.0,2.0,0.0,0.0,1.0,0.0,0.0,0.0,0.0,1.0,0.0,2.0,1.0,0.0,1.0
bacteria_pseudomonas_chunk_57,bacteria_pseudomonas.fasta,57,bacteria,4.0,5.0,1.0,7.0,7.0,5.0,5,4.0,4,6.0,4.0,2.0,3.0,2.0,3.0,2.0,3.0,5.0,3.0,15.0,3.0,13,10,6.0,12,6,4.0,0.0,8.0,9,2.0,5.0,5.0,4.0,6.0,9,8,19,4.0,6,25,6.0,15,3.0,3.0,3.0,7.0,0.0,3.0,2.0,4.0,7.0,6.0,8,2.0,6.0,8,3,6.0,2.0,1.0,3.0,2.0,2.0,6.0,4.0,0.0,18,13,7.0,8.0,26,29,7.0,3.0,6,9,1.0,21,32,6.0,13.0,6.0,8,5.0,13,14,28,2,11,10,15,15,13,12,10,17,26,20,16,12,39,16,7,1.0,12,5.0,0.0,0.0,6.0,16,19,0.0,4.0,21,10,5.0,14,11.0,1.0,6.0,12.0,12,3.0,6,13,8,5.0,4.0,8,11,2.0,4.0,12,11,1.0,6.0,11,24,7.0,20,17,28,12,22,30,28,7,2.0,13,15,9,9,6,7,7,12,28,33,10,9.0,14,0.0,5,11.0,11,9,9.0,2.0,3.0,12.0,1.0,4.0,8,15,3.0,4,5,7,2.0,2.0,12,13.0,1.0,1.0,2.0,0.0,3.0,2.0,2.0,4.0,2.0,6.0,1.0,3.0,2.0,3.0,10.0,3,15,6.0,8,9,9,23,12,9.0,0.0,9,6.0,0.0,4,8.0,2.0,5,10,15,15,9,2,5,6,12,3.0,4.0,2.0,7.0,1.0,1,8,11,10,5.0,15,5.0,3.0,3.0,2.0,4.0,4.0,1.0,3.0,2.0,1.0,2.0,0.0,1.0,1.0,1.0,0.0,0.0,0.0,3.0,0.0,1.0,2.0
bacteria_pseudomonas_chunk_58,bacteria_pseudomonas.fasta,58,bacteria,3.0,4.0,2.0,6.0,6.0,6.0,6,1.0,6,12.0,5.0,0.0,1.0,2.0,1.0,2.0,3.0,5.0,4.0,8.0,12.0,12,17,8.0,11,8,4.0,1.0,3.0,3,6.0,7.0,6.0,1.0,2.0,11,16,15,8.0,10,18,4.0,5,3.0,0.0,3.0,1.0,1.0,0.0,1.0,2.0,1.0,8.0,11,1.0,6.0,11,5,2.0,1.0,3.0,3.0,2.0,1.0,9.0,11.0,2.0,13,3,1.0,10.0,19,13,1.0,2.0,9,10,4.0,8,13,9.0,11.0,2.0,24,10.0,18,29,28,9,18,32,9,8,27,26,6,17,46,31,8,10,41,10,6,1.0,12,3.0,10.0,0.0,9.0,6,16,2.0,9.0,22,19,4.0,16,7.0,2.0,4.0,11.0,10,3.0,5,26,13,4.0,5.0,23,11,1.0,2.0,8,8,3.0,10.0,5,21,10.0,10,26,41,27,17,48,24,6,3.0,10,16,9,10,7,10,6,9,26,35,13,5.0,11,2.0,5,4.0,8,7,2.0,0.0,5.0,2.0,2.0,2.0,6,12,2.0,5,6,7,1.0,1.0,6,0.0,1.0,0.0,0.0,1.0,4.0,9.0,2.0,0.0,2.0,1.0,4.0,1.0,5.0,3.0,4.0,2,6,7.0,7,12,24,14,7,5.0,2.0,2,3.0,2.0,3,8.0,3.0,7,9,16,14,9,8,14,7,5,1.0,2.0,1.0,3.0,1.0,2,12,11,4,1.0,8,3.0,0.0,4.0,1.0,5.0,8.0,2.0,0.0,3.0,2.0,1.0,7.0,0.0,3.0,1.0,1.0,0.0,1.0,0.0,0.0,0.0,1.0
bacteria_pseudomonas_chunk_59,bacteria_pseudomonas.fasta,59,bacteria,1.0,2.0,0.0,9.0,10.0,4.0,4,4.0,3,5.0,6.0,4.0,6.0,3.0,3.0,1.0,3.0,7.0,7.0,17.0,4.0,11,7,2.0,6,6,2.0,0.0,7.0,1,3.0,6.0,6.0,3.0,2.0,9,14,17,2.0,11,25,8.0,14,4.0,7.0,4.0,4.0,1.0,3.0,4.0,1.0,6.0,7.0,8,2.0,5.0,18,9,5.0,0.0,4.0,4.0,0.0,0.0,6.0,1.0,3.0,14,4,3.0,7.0,30,36,5.0,3.0,6,12,4.0,11,46,7.0,10.0,2.0,7,3.0,17,25,21,9,9,7,11,19,12,13,13,14,34,26,14,13,27,16,11,6.0,10,6.0,1.0,0.0,1.0,13,23,3.0,5.0,10,6,1.0,10,12.0,1.0,5.0,16.0,17,10.0,3,13,8,2.0,4.0,7,12,5.0,2.0,11,20,0.0,6.0,8,17,9.0,16,15,38,13,19,34,29,11,1.0,18,13,5,16,2,9,12,11,18,30,13,9.0,11,4.0,11,5.0,18,12,6.0,2.0,4.0,8.0,2.0,3.0,14,19,4.0,3,12,8,0.0,1.0,6,11.0,0.0,2.0,2.0,3.0,3.0,0.0,2.0,2.0,2.0,5.0,2.0,1.0,0.0,2.0,8.0,2,22,1.0,16,4,19,23,11,6.0,0.0,6,1.0,4.0,7,6.0,3.0,6,6,16,20,8,6,9,7,5,1.0,5.0,1.0,3.0,0.0,2,9,9,2,9.0,10,4.0,4.0,2.0,1.0,1.0,6.0,1.0,3.0,0.0,0.0,1.0,0.0,0.0,0.0,0.0,0.0,0.0,0.0,3.0,0.0,0.0,1.0
bacteria_pseudomonas_chunk_60,bacteria_pseudomonas.fasta,60,bacteria,0.0,2.0,0.0,5.0,7.0,8.0,3,2.0,2,3.0,4.0,1.0,5.0,1.0,3.0,0.0,2.0,4.0,4.0,6.0,7.0,8,13,6.0,7,9,3.0,0.0,3.0,7,3.0,6.0,2.0,0.0,5.0,13,9,13,7.0,1,17,10.0,18,3.0,7.0,1.0,1.0,0.0,3.0,2.0,2.0,3.0,13.0,10,3.0,2.0,4,2,3.0,0.0,5.0,3.0,2.0,0.0,8.0,3.0,1.0,13,4,5.0,5.0,30,34,7.0,4.0,10,7,5.0,14,38,8.0,11.0,4.0,12,13.0,14,26,25,12,15,14,15,10,16,11,6,6,49,27,18,11,36,12,8,3.0,20,8.0,0.0,0.0,5.0,7,17,2.0,5.0,21,16,4.0,17,16.0,2.0,6.0,11.0,8,5.0,2,12,12,3.0,5.0,7,7,0.0,2.0,11,3,2.0,9.0,5,17,8.0,26,25,46,9,9,35,20,13,0.0,12,21,11,10,5,3,5,13,33,22,14,5.0,14,4.0,9,3.0,20,9,7.0,2.0,3.0,5.0,0.0,6.0,12,31,5.0,2,8,6,1.0,1.0,9,7.0,0.0,2.0,0.0,2.0,2.0,1.0,2.0,1.0,3.0,2.0,0.0,0.0,3.0,2.0,17.0,6,17,4.0,11,9,13,32,14,8.0,1.0,1,4.0,6.0,4,6.0,5.0,2,7,15,15,5,6,15,6,4,1.0,7.0,2.0,2.0,1.0,14,9,9,2,8.0,9,7.0,4.0,3.0,4.0,0.0,5.0,1.0,1.0,3.0,2.0,1.0,0.0,0.0,1.0,0.0,0.0,0.0,0.0,4.0,0.0,0.0,0.0
bacteria_pseudomonas_chunk_61,bacteria_pseudomonas.fasta,61,bacteria,0.0,1.0,2.0,1.0,1.0,4.0,5,1.0,7,10.0,1.0,1.0,3.0,2.0,1.0,0.0,0.0,1.0,1.0,2.0,1.0,6,2,2.0,10,4,2.0,0.0,4.0,5,1.0,6.0,1.0,1.0,4.0,13,15,29,7.0,9,16,9.0,11,1.0,5.0,2.0,1.0,1.0,0.0,7.0,0.0,7.0,3.0,7,9.0,3.0,2,9,4.0,0.0,4.0,4.0,1.0,0.0,2.0,3.0,0.0,5,4,1.0,2.0,32,24,5.0,2.0,5,4,4.0,2,25,3.0,2.0,3.0,12,6.0,12,25,29,11,13,13,3,4,10,12,17,19,42,40,15,10,41,26,16,10.0,14,8.0,0.0,0.0,5.0,12,20,0.0,4.0,8,19,9.0,12,3.0,3.0,3.0,7.0,14,2.0,1,5,8,2.0,5.0,11,7,0.0,5.0,16,11,1.0,6.0,6,27,9.0,17,16,46,14,18,52,42,18,1.0,11,17,11,12,4,7,9,12,24,42,15,8.0,18,10.0,16,11.0,17,15,8.0,1.0,4.0,18.0,3.0,2.0,8,30,4.0,1,17,8,1.0,1.0,6,9.0,1.0,1.0,0.0,0.0,0.0,2.0,2.0,4.0,14.0,4.0,1.0,3.0,2.0,2.0,10.0,2,10,3.0,13,7,11,29,18,8.0,0.0,9,5.0,3.0,4,1.0,3.0,3,4,12,19,3,5,18,7,7,4.0,8.0,3.0,2.0,0.0,2,10,9,4,3.0,12,1.0,3.0,3.0,2.0,1.0,7.0,3.0,3.0,2.0,3.0,4.0,0.0,0.0,1.0,0.0,2.0,1.0,0.0,1.0,0.0,0.0,0.0
bacteria_pseudomonas_chunk_62,bacteria_pseudomonas.fasta,62,bacteria,1.0,2.0,1.0,4.0,5.0,3.0,3,3.0,5,8.0,2.0,3.0,7.0,2.0,1.0,0.0,2.0,5.0,2.0,15.0,7.0,7,4,6.0,9,6,8.0,1.0,7.0,1,4.0,2.0,3.0,4.0,4.0,15,13,10,6.0,6,19,13.0,10,0.0,3.0,2.0,5.0,2.0,1.0,3.0,4.0,4.0,7.0,10,7.0,8.0,8,13,3.0,1.0,2.0,2.0,0.0,2.0,5.0,6.0,3.0,14,12,4.0,3.0,26,24,6.0,3.0,7,12,0.0,13,21,5.0,5.0,2.0,16,14.0,11,28,26,7,8,12,12,11,12,16,18,13,29,25,15,7,35,12,9,4.0,18,7.0,0.0,0.0,5.0,9,20,0.0,6.0,16,11,4.0,13,17.0,1.0,8.0,6.0,11,4.0,1,11,13,4.0,5.0,9,14,2.0,2.0,12,15,3.0,8.0,11,25,9.0,15,23,38,11,14,34,17,7,0.0,13,20,8,7,4,3,6,18,25,29,11,5.0,16,4.0,16,6.0,18,15,5.0,0.0,4.0,5.0,2.0,6.0,7,25,5.0,7,10,8,2.0,1.0,11,8.0,0.0,2.0,1.0,1.0,3.0,1.0,2.0,2.0,4.0,2.0,3.0,1.0,1.0,7.0,8.0,6,9,5.0,11,3,26,11,14,14.0,1.0,6,4.0,7.0,9,10.0,7.0,4,7,20,8,10,2,13,12,9,1.0,4.0,3.0,5.0,1.0,7,5,10,6,9.0,11,4.0,4.0,2.0,3.0,5.0,7.0,2.0,0.0,2.0,1.0,1.0,0.0,0.0,2.0,0.0,0.0,0.0,0.0,7.0,2.0,0.0,1.0
bacteria_pseudomonas_chunk_63,bacteria_pseudomonas.fasta,63,bacteria,0.0,1.0,2.0,2.0,5.0,6.0,6,3.0,10,8.0,1.0,1.0,0.0,1.0,1.0,4.0,6.0,2.0,4.0,16.0,13.0,14,10,5.0,11,10,1.0,7.0,5.0,10,6.0,3.0,5.0,1.0,6.0,8,8,6,8.0,3,10,2.0,4,0.0,3.0,1.0,4.0,2.0,3.0,0.0,1.0,9.0,7.0,13,7.0,12.0,7,6,6.0,0.0,2.0,2.0,1.0,2.0,12.0,13.0,5.0,26,5,6.0,6.0,13,8,5.0,3.0,14,11,2.0,18,16,13.0,14.0,17.0,18,13.0,13,18,23,7,9,30,7,3,14,8,12,7,39,15,15,6,41,11,12,4.0,10,3.0,21.0,0.0,1.0,10,12,5.0,12.0,19,37,10.0,22,0.0,1.0,2.0,5.0,6,1.0,2,15,6,7.0,5.0,7,1,2.0,2.0,20,16,2.0,7.0,13,11,9.0,15,22,24,16,9,27,20,9,6.0,7,28,5,4,5,5,3,16,20,33,19,2.0,18,7.0,7,3.0,15,16,4.0,0.0,8.0,2.0,2.0,7.0,9,14,5.0,6,4,10,2.0,1.0,13,2.0,0.0,1.0,0.0,8.0,7.0,10.0,9.0,1.0,0.0,2.0,3.0,0.0,10.0,5.0,3.0,4,9,10.0,5,12,10,20,17,5.0,5.0,7,10.0,6.0,4,6.0,1.0,19,9,9,11,4,6,19,14,15,5.0,7.0,0.0,6.0,2.0,5,10,13,11,0.0,3,1.0,0.0,2.0,1.0,7.0,5.0,1.0,0.0,2.0,0.0,1.0,5.0,0.0,2.0,1.0,0.0,1.0,1.0,1.0,0.0,1.0,0.0
bacteria_pseudomonas_chunk_64,bacteria_pseudomonas.fasta,64,bacteria,0.0,1.0,0.0,7.0,2.0,3.0,1,6.0,2,9.0,6.0,1.0,1.0,2.0,0.0,0.0,3.0,9.0,1.0,13.0,5.0,9,4,5.0,9,8,2.0,0.0,2.0,3,0.0,6.0,0.0,8.0,4.0,22,14,16,2.0,11,32,14.0,12,2.0,7.0,2.0,2.0,0.0,0.0,4.0,1.0,7.0,2.0,10,2.0,7.0,9,7,3.0,0.0,2.0,1.0,0.0,1.0,2.0,1.0,3.0,15,11,2.0,3.0,35,31,3.0,3.0,6,13,1.0,12,32,9.0,9.0,10.0,13,4.0,23,18,33,6,12,8,6,18,12,21,11,6,43,24,13,5,51,15,20,6.0,11,6.0,1.0,1.0,2.0,10,15,2.0,6.0,5,13,1.0,7,8.0,0.0,1.0,10.0,22,2.0,1,11,10,1.0,3.0,12,22,3.0,0.0,13,10,2.0,2.0,14,24,8.0,22,20,50,10,16,42,36,14,3.0,9,13,6,7,7,3,6,16,37,54,13,3.0,16,11.0,13,10.0,13,19,6.0,1.0,5.0,14.0,1.0,4.0,6,23,2.0,5,8,10,4.0,0.0,12,4.0,0.0,0.0,1.0,2.0,3.0,0.0,1.0,6.0,5.0,7.0,1.0,0.0,2.0,2.0,7.0,5,9,1.0,8,8,18,17,14,6.0,0.0,6,1.0,3.0,4,4.0,8.0,4,4,8,14,2,4,21,4,3,3.0,4.0,1.0,3.0,0.0,3,8,7,4,2.0,6,2.0,3.0,1.0,0.0,0.0,5.0,1.0,1.0,1.0,0.0,0.0,0.0,0.0,1.0,0.0,0.0,0.0,0.0,1.0,1.0,0.0,0.0
bacteria_pseudomonas_chunk_65,bacteria_pseudomonas.fasta,65,bacteria,0.0,0.0,2.0,6.0,4.0,8.0,1,9.0,10,20.0,4.0,1.0,0.0,2.0,2.0,9.0,0.0,5.0,5.0,13.0,8.0,11,13,7.0,9,12,5.0,1.0,3.0,3,6.0,8.0,3.0,4.0,9.0,7,13,10,6.0,10,13,12.0,7,2.0,3.0,1.0,2.0,0.0,1.0,0.0,1.0,5.0,6.0,12,4.0,12.0,13,10,6.0,0.0,6.0,1.0,1.0,0.0,7.0,19.0,4.0,13,11,4.0,7.0,15,12,2.0,0.0,12,20,1.0,12,14,10.0,5.0,4.0,16,4.0,22,30,20,3,7,27,6,14,20,17,12,11,40,17,20,4,38,8,6,3.0,8,5.0,10.0,0.0,2.0,8,11,1.0,15.0,18,18,8.0,19,3.0,1.0,3.0,11.0,22,2.0,7,21,9,3.0,8.0,10,9,2.0,1.0,14,17,3.0,3.0,17,13,11.0,23,13,37,17,20,36,11,10,5.0,7,24,10,7,8,5,4,15,25,40,9,5.0,19,6.0,7,3.0,6,9,5.0,1.0,8.0,2.0,2.0,1.0,6,11,3.0,4,10,8,2.0,2.0,9,1.0,0.0,1.0,0.0,2.0,7.0,6.0,5.0,0.0,1.0,1.0,2.0,2.0,5.0,3.0,4.0,7,6,4.0,11,8,14,13,13,6.0,3.0,5,5.0,1.0,9,9.0,3.0,10,11,12,10,11,5,19,11,3,5.0,4.0,6.0,2.0,1.0,11,9,12,6,0.0,2,2.0,1.0,4.0,2.0,11.0,8.0,2.0,0.0,1.0,0.0,2.0,2.0,0.0,1.0,0.0,1.0,0.0,0.0,1.0,0.0,0.0,0.0
bacteria_pseudomonas_chunk_66,bacteria_pseudomonas.fasta,66,bacteria,1.0,1.0,4.0,5.0,8.0,9.0,4,8.0,7,12.0,2.0,1.0,0.0,5.0,0.0,6.0,3.0,0.0,5.0,13.0,6.0,16,10,7.0,13,11,5.0,2.0,1.0,9,2.0,5.0,3.0,5.0,7.0,7,7,9,10.0,14,13,6.0,6,2.0,3.0,1.0,2.0,0.0,1.0,1.0,0.0,5.0,12.0,8,3.0,8.0,10,8,6.0,0.0,1.0,1.0,1.0,1.0,16.0,9.0,3.0,10,7,4.0,7.0,7,13,1.0,0.0,11,19,1.0,7,14,8.0,5.0,4.0,16,3.0,21,31,30,8,5,26,3,12,16,17,6,10,44,21,10,12,42,15,10,5.0,12,5.0,8.0,0.0,3.0,5,13,1.0,9.0,20,28,10.0,13,0.0,1.0,5.0,9.0,16,3.0,3,22,11,6.0,5.0,17,13,5.0,1.0,14,8,2.0,6.0,11,12,10.0,13,10,42,20,13,25,30,13,3.0,14,29,5,8,14,16,8,12,24,39,18,6.0,19,6.0,6,4.0,6,18,3.0,0.0,8.0,2.0,2.0,6.0,9,10,2.0,4,11,15,1.0,0.0,10,8.0,0.0,0.0,0.0,3.0,5.0,9.0,0.0,0.0,2.0,1.0,0.0,0.0,7.0,3.0,2.0,8,7,8.0,16,4,10,16,8,4.0,1.0,2,3.0,4.0,8,8.0,2.0,5,10,10,12,13,14,19,10,9,1.0,6.0,4.0,8.0,0.0,6,9,7,4,2.0,4,1.0,2.0,2.0,1.0,9.0,8.0,0.0,0.0,3.0,0.0,2.0,3.0,0.0,1.0,0.0,0.0,0.0,0.0,1.0,0.0,0.0,0.0
bacteria_pseudomonas_chunk_67,bacteria_pseudomonas.fasta,67,bacteria,0.0,0.0,3.0,6.0,5.0,11.0,8,7.0,11,4.0,4.0,1.0,2.0,3.0,2.0,3.0,3.0,4.0,6.0,11.0,8.0,16,17,11.0,8,6,8.0,4.0,3.0,10,7.0,6.0,4.0,0.0,9.0,12,13,12,9.0,9,8,1.0,9,2.0,2.0,6.0,0.0,0.0,2.0,2.0,2.0,2.0,15.0,17,1.0,4.0,8,8,1.0,1.0,4.0,1.0,1.0,0.0,16.0,12.0,2.0,13,5,2.0,7.0,20,10,2.0,2.0,16,9,2.0,7,15,9.0,11.0,3.0,12,8.0,22,33,21,6,10,34,4,9,30,22,7,11,40,18,17,9,26,13,3,2.0,11,4.0,16.0,0.0,4.0,4,12,6.0,10.0,31,26,3.0,20,0.0,2.0,3.0,12.0,11,5.0,7,18,11,12.0,5.0,13,13,3.0,3.0,11,9,3.0,14.0,11,16,9.0,12,19,39,21,16,28,14,8,5.0,10,23,6,9,9,8,6,11,25,21,6,3.0,9,5.0,10,4.0,8,14,2.0,1.0,6.0,1.0,1.0,3.0,5,10,3.0,6,15,10,1.0,1.0,5,1.0,0.0,2.0,1.0,1.0,16.0,6.0,2.0,0.0,2.0,0.0,0.0,0.0,5.0,1.0,4.0,5,5,4.0,15,10,20,17,10,5.0,3.0,3,3.0,5.0,7,5.0,4.0,4,16,13,15,12,11,20,8,6,1.0,0.0,2.0,3.0,1.0,6,10,13,4,0.0,2,0.0,1.0,4.0,0.0,8.0,10.0,2.0,1.0,6.0,1.0,2.0,8.0,2.0,2.0,0.0,1.0,0.0,0.0,0.0,0.0,0.0,0.0
bacteria_pseudomonas_chunk_68,bacteria_pseudomonas.fasta,68,bacteria,1.0,1.0,0.0,8.0,5.0,4.0,5,1.0,3,4.0,1.0,1.0,3.0,2.0,2.0,0.0,7.0,7.0,5.0,7.0,4.0,9,9,8.0,13,7,10.0,0.0,5.0,3,7.0,2.0,2.0,2.0,5.0,7,12,10,6.0,12,16,6.0,6,3.0,1.0,0.0,5.0,0.0,2.0,0.0,0.0,12.0,2.0,7,10.0,4.0,12,14,10.0,0.0,1.0,1.0,2.0,0.0,4.0,0.0,4.0,11,18,2.0,3.0,19,18,5.0,0.0,11,15,1.0,7,11,13.0,9.0,1.0,6,7.0,20,12,27,8,9,11,17,16,18,17,21,14,29,23,4,12,43,16,14,4.0,18,5.0,1.0,0.0,4.0,2,21,2.0,1.0,13,12,1.0,17,22.0,0.0,2.0,17.0,9,5.0,6,11,12,7.0,5.0,9,13,1.0,1.0,17,23,1.0,3.0,13,20,5.0,10,18,46,13,22,34,30,7,1.0,7,7,9,11,13,9,10,11,30,48,8,7.0,17,9.0,9,6.0,13,21,0.0,0.0,5.0,13.0,0.0,1.0,11,26,4.0,5,10,15,4.0,0.0,4,9.0,0.0,0.0,0.0,1.0,2.0,4.0,1.0,2.0,4.0,5.0,0.0,0.0,2.0,8.0,7.0,4,6,0.0,6,8,22,11,21,11.0,0.0,8,6.0,6.0,4,4.0,0.0,6,9,16,12,6,11,21,11,11,5.0,10.0,4.0,3.0,0.0,4,5,11,4,4.0,8,13.0,7.0,2.0,0.0,1.0,9.0,0.0,2.0,0.0,0.0,2.0,0.0,0.0,0.0,0.0,0.0,0.0,0.0,1.0,0.0,0.0,0.0
bacteria_pseudomonas_chunk_69,bacteria_pseudomonas.fasta,69,bacteria,3.0,4.0,1.0,2.0,5.0,2.0,5,4.0,4,4.0,4.0,1.0,3.0,2.0,0.0,0.0,0.0,4.0,1.0,4.0,6.0,12,6,4.0,8,3,6.0,1.0,4.0,6,0.0,3.0,4.0,0.0,4.0,6,13,10,5.0,13,16,8.0,9,2.0,5.0,4.0,4.0,1.0,1.0,3.0,0.0,7.0,4.0,5,9.0,5.0,14,11,2.0,0.0,1.0,1.0,0.0,0.0,3.0,1.0,1.0,7,6,1.0,2.0,17,26,7.0,1.0,8,13,0.0,3,17,9.0,8.0,10.0,15,9.0,19,26,32,9,11,24,8,8,14,18,18,5,37,25,10,7,38,19,17,6.0,13,11.0,2.0,0.0,3.0,6,20,2.0,1.0,20,24,6.0,11,8.0,2.0,4.0,7.0,13,4.0,1,11,12,1.0,2.0,12,14,2.0,3.0,14,15,2.0,3.0,5,21,7.0,12,21,54,19,17,30,30,18,1.0,9,16,8,15,5,9,7,11,38,42,9,5.0,19,5.0,9,6.0,12,16,8.0,2.0,7.0,5.0,2.0,6.0,7,19,4.0,3,16,11,6.0,1.0,13,11.0,2.0,0.0,1.0,1.0,5.0,1.0,4.0,3.0,1.0,2.0,3.0,0.0,1.0,7.0,10.0,5,5,5.0,5,9,18,13,16,9.0,2.0,7,5.0,4.0,2,2.0,3.0,5,14,18,18,10,11,27,6,7,2.0,6.0,4.0,4.0,1.0,7,7,12,3,3.0,10,5.0,2.0,4.0,0.0,0.0,12.0,2.0,2.0,0.0,0.0,0.0,0.0,1.0,1.0,1.0,0.0,0.0,0.0,1.0,0.0,0.0,0.0
bacteria_pseudomonas_chunk_70,bacteria_pseudomonas.fasta,70,bacteria,0.0,2.0,2.0,4.0,3.0,8.0,9,3.0,6,4.0,1.0,0.0,0.0,0.0,0.0,1.0,2.0,2.0,7.0,7.0,15.0,14,11,10.0,9,8,2.0,2.0,7.0,13,4.0,4.0,3.0,2.0,4.0,6,14,18,6.0,3,14,5.0,5,2.0,1.0,1.0,2.0,0.0,1.0,0.0,1.0,2.0,8.0,19,1.0,3.0,7,4,2.0,1.0,1.0,0.0,0.0,1.0,6.0,3.0,3.0,17,4,7.0,3.0,18,14,3.0,0.0,16,5,1.0,11,16,5.0,8.0,11.0,20,13.0,14,42,28,5,16,25,4,12,27,27,10,11,46,39,23,7,56,10,9,1.0,11,2.0,9.0,0.0,5.0,4,26,4.0,12.0,28,27,5.0,16,0.0,0.0,3.0,16.0,9,0.0,5,18,11,7.0,7.0,20,8,2.0,1.0,13,8,0.0,5.0,14,17,6.0,15,21,47,17,24,50,29,5,4.0,15,31,7,6,8,6,2,19,25,39,14,4.0,10,0.0,4,3.0,14,7,2.0,0.0,5.0,1.0,1.0,4.0,6,16,2.0,2,9,5,0.0,1.0,6,2.0,0.0,0.0,0.0,0.0,9.0,6.0,3.0,0.0,0.0,1.0,3.0,1.0,1.0,4.0,3.0,4,5,5.0,8,7,28,18,18,9.0,4.0,1,3.0,2.0,6,3.0,2.0,6,6,15,12,13,8,17,3,8,1.0,2.0,1.0,3.0,3.0,1,7,12,3,0.0,2,0.0,0.0,0.0,0.0,3.0,7.0,0.0,0.0,1.0,0.0,0.0,3.0,0.0,4.0,0.0,0.0,0.0,1.0,0.0,1.0,0.0,0.0
bacteria_pseudomonas_chunk_71,bacteria_pseudomonas.fasta,71,bacteria,2.0,3.0,3.0,2.0,3.0,0.0,3,2.0,5,8.0,0.0,0.0,1.0,2.0,2.0,1.0,2.0,4.0,3.0,10.0,8.0,10,6,7.0,3,5,2.0,0.0,2.0,5,1.0,5.0,8.0,2.0,5.0,10,16,19,3.0,7,19,13.0,16,1.0,3.0,1.0,7.0,0.0,0.0,6.0,2.0,7.0,1.0,8,2.0,5.0,8,12,3.0,1.0,4.0,3.0,0.0,0.0,1.0,0.0,5.0,18,5,2.0,5.0,27,33,7.0,3.0,4,7,2.0,13,36,3.0,10.0,4.0,12,3.0,13,32,29,9,9,16,4,8,9,19,9,7,39,31,21,12,35,19,12,4.0,13,7.0,0.0,0.0,3.0,15,14,2.0,8.0,15,20,3.0,8,4.0,2.0,7.0,4.0,12,4.0,3,12,12,2.0,5.0,9,12,2.0,4.0,10,17,2.0,0.0,10,22,6.0,19,14,53,10,16,40,33,12,1.0,17,24,8,10,6,6,12,16,29,35,16,11.0,21,8.0,10,9.0,19,13,6.0,0.0,0.0,13.0,3.0,6.0,10,20,3.0,4,9,8,0.0,3.0,8,11.0,0.0,0.0,0.0,0.0,1.0,0.0,1.0,8.0,7.0,2.0,2.0,2.0,0.0,5.0,10.0,4,13,3.0,8,11,9,23,11,7.0,0.0,6,1.0,1.0,4,6.0,1.0,7,5,13,16,10,4,21,10,8,2.0,4.0,1.0,3.0,2.0,3,9,8,1,1.0,12,3.0,4.0,1.0,1.0,0.0,6.0,1.0,3.0,3.0,2.0,0.0,1.0,0.0,2.0,0.0,1.0,0.0,0.0,1.0,1.0,1.0,0.0
bacteria_pseudomonas_chunk_72,bacteria_pseudomonas.fasta,72,bacteria,1.0,0.0,4.0,2.0,8.0,13.0,8,8.0,9,11.0,2.0,0.0,3.0,5.0,3.0,7.0,5.0,7.0,4.0,21.0,16.0,11,5,12.0,17,14,1.0,7.0,3.0,6,4.0,6.0,3.0,5.0,6.0,8,14,17,6.0,9,9,6.0,5,2.0,4.0,1.0,2.0,0.0,1.0,2.0,1.0,6.0,8.0,17,2.0,4.0,6,9,1.0,1.0,6.0,1.0,2.0,1.0,21.0,11.0,2.0,19,10,3.0,7.0,25,11,7.0,1.0,12,9,2.0,13,27,10.0,8.0,13.0,21,14.0,14,35,26,6,10,26,6,12,28,8,6,15,43,27,11,8,42,7,14,1.0,6,2.0,19.0,0.0,4.0,8,8,4.0,14.0,13,20,2.0,12,2.0,3.0,10.0,10.0,15,2.0,13,18,12,6.0,5.0,10,5,0.0,2.0,16,6,2.0,12.0,11,12,5.0,23,20,38,24,13,25,25,6,7.0,9,14,6,11,13,4,4,10,35,20,13,2.0,14,2.0,2,5.0,8,12,1.0,0.0,5.0,0.0,3.0,4.0,4,10,1.0,7,7,7,1.0,0.0,4,2.0,0.0,0.0,0.0,6.0,8.0,9.0,3.0,0.0,0.0,2.0,0.0,3.0,6.0,5.0,4.0,5,8,7.0,11,2,15,19,6,4.0,4.0,2,3.0,1.0,8,5.0,3.0,10,7,13,5,7,13,13,5,5,0.0,1.0,1.0,2.0,1.0,6,8,9,3,1.0,6,0.0,0.0,4.0,1.0,10.0,8.0,1.0,0.0,2.0,2.0,2.0,3.0,0.0,2.0,0.0,0.0,0.0,0.0,7.0,1.0,0.0,0.0
bacteria_pseudomonas_chunk_73,bacteria_pseudomonas.fasta,73,bacteria,1.0,2.0,3.0,4.0,7.0,9.0,7,3.0,1,9.0,1.0,3.0,2.0,6.0,0.0,2.0,4.0,5.0,2.0,5.0,5.0,6,10,5.0,8,10,5.0,2.0,6.0,6,3.0,4.0,1.0,4.0,3.0,10,7,11,5.0,3,12,10.0,14,1.0,4.0,3.0,6.0,1.0,3.0,2.0,4.0,8.0,10.0,12,8.0,4.0,12,15,4.0,0.0,7.0,5.0,3.0,0.0,16.0,4.0,1.0,6,7,3.0,5.0,14,16,7.0,1.0,16,3,7.0,2,13,8.0,5.0,4.0,6,9.0,11,15,23,8,5,16,7,7,15,16,17,9,17,16,17,10,23,24,10,4.0,11,10.0,4.0,0.0,3.0,4,4,8.0,10.0,18,22,9.0,7,8.0,6.0,6.0,6.0,6,5.0,6,11,6,6.0,4.0,13,13,5.0,6.0,10,16,7.0,13.0,7,20,6.0,9,9,27,11,22,27,22,9,4.0,5,24,6,6,8,9,15,20,9,38,10,15.0,24,22.0,8,7.0,11,12,11.0,3.0,4.0,3.0,5.0,7.0,13,11,7.0,4,9,8,2.0,2.0,10,13.0,0.0,3.0,0.0,2.0,2.0,6.0,1.0,0.0,5.0,1.0,10.0,1.0,7.0,4.0,4.0,11,7,6.0,18,3,17,9,12,9.0,4.0,3,13.0,5.0,6,4.0,6.0,4,7,23,15,7,10,19,13,9,3.0,12.0,2.0,4.0,0.0,8,7,20,2,2.0,13,6.0,6.0,13.0,1.0,3.0,6.0,6.0,1.0,10.0,1.0,5.0,5.0,0.0,11.0,1.0,1.0,1.0,0.0,1.0,0.0,2.0,0.0
bacteria_pseudomonas_chunk_74,bacteria_pseudomonas.fasta,74,bacteria,1.0,1.0,2.0,3.0,7.0,9.0,3,2.0,10,6.0,0.0,3.0,0.0,0.0,1.0,2.0,3.0,5.0,5.0,10.0,15.0,14,5,13.0,9,10,2.0,3.0,0.0,1,3.0,1.0,1.0,3.0,2.0,24,15,12,3.0,10,28,8.0,8,0.0,3.0,3.0,0.0,2.0,1.0,2.0,0.0,9.0,8.0,13,3.0,6.0,11,10,1.0,0.0,2.0,2.0,1.0,0.0,9.0,6.0,5.0,16,8,2.0,1.0,26,28,4.0,1.0,16,11,2.0,12,23,8.0,8.0,13.0,30,6.0,24,37,31,5,6,18,7,12,25,21,14,10,52,25,15,7,43,9,12,5.0,5,3.0,9.0,0.0,4.0,4,12,6.0,7.0,18,9,4.0,11,11.0,0.0,4.0,10.0,9,2.0,5,16,12,1.0,2.0,15,16,2.0,1.0,13,16,1.0,7.0,13,21,14.0,23,19,47,18,24,44,17,8,3.0,15,16,11,7,4,6,9,16,23,42,19,5.0,14,2.0,4,3.0,12,8,3.0,1.0,3.0,7.0,0.0,4.0,8,8,1.0,3,6,5,2.0,2.0,3,6.0,0.0,2.0,0.0,2.0,5.0,5.0,1.0,2.0,3.0,4.0,1.0,1.0,5.0,3.0,10.0,3,4,10.0,6,4,11,13,13,2.0,4.0,5,3.0,1.0,5,4.0,5.0,6,5,17,14,8,4,15,6,2,3.0,1.0,1.0,5.0,0.0,4,4,6,3,4.0,9,3.0,3.0,1.0,0.0,2.0,4.0,0.0,0.0,3.0,0.0,1.0,2.0,0.0,3.0,1.0,2.0,0.0,0.0,1.0,0.0,0.0,0.0
bacteria_pseudomonas_chunk_75,bacteria_pseudomonas.fasta,75,bacteria,0.0,2.0,1.0,4.0,5.0,7.0,2,3.0,9,6.0,3.0,1.0,1.0,1.0,3.0,0.0,5.0,5.0,4.0,16.0,5.0,12,7,10.0,7,4,3.0,0.0,1.0,2,3.0,4.0,3.0,4.0,8.0,12,14,18,3.0,8,23,10.0,9,3.0,2.0,4.0,5.0,1.0,2.0,0.0,1.0,12.0,5.0,7,6.0,6.0,6,16,8.0,1.0,5.0,3.0,2.0,0.0,2.0,0.0,2.0,20,9,0.0,7.0,18,33,5.0,0.0,11,14,3.0,13,28,4.0,9.0,5.0,6,5.0,21,21,28,8,9,12,4,18,10,14,24,10,30,28,9,6,28,23,16,8.0,4,6.0,1.0,0.0,3.0,5,13,5.0,5.0,9,17,5.0,5,5.0,4.0,2.0,13.0,19,4.0,6,11,8,2.0,7.0,12,6,1.0,3.0,16,20,3.0,3.0,5,18,11.0,12,12,53,10,22,34,28,11,0.0,15,16,3,10,8,4,6,7,29,43,14,8.0,19,11.0,17,10.0,17,16,3.0,2.0,4.0,19.0,2.0,6.0,6,15,2.0,7,14,9,2.0,0.0,9,8.0,1.0,1.0,0.0,2.0,4.0,0.0,2.0,2.0,8.0,5.0,1.0,2.0,0.0,8.0,12.0,9,9,3.0,7,3,13,15,13,4.0,1.0,1,6.0,6.0,6,6.0,4.0,4,8,14,6,8,6,23,11,4,6.0,6.0,4.0,4.0,1.0,8,7,10,1,2.0,7,2.0,5.0,7.0,1.0,1.0,8.0,1.0,5.0,2.0,0.0,2.0,0.0,0.0,0.0,1.0,2.0,0.0,2.0,0.0,0.0,0.0,0.0
bacteria_pseudomonas_chunk_76,bacteria_pseudomonas.fasta,76,bacteria,5.0,5.0,4.0,3.0,5.0,9.0,5,2.0,5,12.0,5.0,1.0,3.0,5.0,3.0,0.0,4.0,6.0,5.0,5.0,7.0,9,8,12.0,12,6,3.0,2.0,10.0,4,3.0,2.0,3.0,1.0,4.0,13,12,13,4.0,7,20,7.0,4,3.0,4.0,4.0,3.0,2.0,3.0,1.0,3.0,9.0,11.0,8,6.0,5.0,9,6,0.0,0.0,6.0,9.0,4.0,4.0,9.0,6.0,4.0,10,16,7.0,6.0,28,18,4.0,2.0,13,6,10.0,12,19,11.0,13.0,9.0,13,6.0,8,22,15,10,11,15,10,11,17,6,11,12,23,14,12,10,21,12,12,2.0,13,10.0,0.0,0.0,10.0,14,21,4.0,7.0,17,13,4.0,11,8.0,9.0,4.0,5.0,11,4.0,7,13,6,6.0,2.0,6,7,3.0,6.0,13,8,5.0,13.0,14,14,9.0,16,19,20,16,14,13,19,12,1.0,19,15,9,3,9,5,10,19,14,20,16,7.0,14,20.0,9,6.0,7,10,8.0,7.0,2.0,4.0,1.0,5.0,6,11,8.0,3,12,6,9.0,0.0,8,11.0,4.0,3.0,1.0,1.0,1.0,2.0,1.0,0.0,3.0,1.0,1.0,1.0,4.0,7.0,17.0,6,14,6.0,13,6,11,14,15,10.0,0.0,9,7.0,7.0,8,3.0,6.0,7,6,22,11,12,3,13,11,6,3.0,6.0,6.0,2.0,0.0,10,8,10,5,9.0,13,8.0,4.0,9.0,5.0,6.0,10.0,4.0,2.0,5.0,6.0,4.0,0.0,1.0,2.0,3.0,1.0,2.0,1.0,3.0,0.0,1.0,1.0
bacteria_pseudomonas_chunk_77,bacteria_pseudomonas.fasta,77,bacteria,0.0,1.0,0.0,0.0,4.0,6.0,5,3.0,7,7.0,4.0,0.0,4.0,0.0,0.0,5.0,1.0,4.0,2.0,1.0,14.0,10,6,6.0,11,8,2.0,3.0,2.0,8,1.0,3.0,3.0,4.0,2.0,6,6,17,2.0,5,16,9.0,9,1.0,4.0,5.0,2.0,0.0,1.0,0.0,0.0,4.0,13.0,7,4.0,1.0,2,8,3.0,0.0,1.0,2.0,0.0,0.0,10.0,5.0,1.0,10,5,2.0,2.0,11,11,3.0,0.0,9,4,3.0,5,8,2.0,2.0,2.0,22,5.0,21,25,32,10,7,23,9,10,19,23,15,7,37,33,18,13,45,14,22,3.0,10,7.0,10.0,0.0,5.0,8,17,2.0,7.0,21,23,9.0,15,6.0,1.0,3.0,4.0,15,1.0,8,10,11,6.0,6.0,12,20,4.0,1.0,14,10,0.0,2.0,9,12,8.0,7,10,44,21,26,42,35,13,3.0,17,23,10,5,12,13,5,11,26,52,16,7.0,23,6.0,3,5.0,9,28,5.0,1.0,4.0,4.0,1.0,3.0,5,13,6.0,3,17,21,4.0,0.0,13,7.0,0.0,0.0,0.0,3.0,7.0,5.0,1.0,1.0,1.0,1.0,0.0,0.0,5.0,3.0,3.0,4,9,5.0,12,9,14,17,18,4.0,2.0,6,6.0,2.0,6,1.0,2.0,3,7,13,14,17,10,21,10,13,1.0,4.0,3.0,9.0,1.0,3,9,16,4,1.0,11,2.0,1.0,3.0,0.0,4.0,9.0,3.0,1.0,1.0,0.0,1.0,2.0,0.0,0.0,1.0,0.0,1.0,0.0,2.0,0.0,0.0,0.0
bacteria_pseudomonas_chunk_78,bacteria_pseudomonas.fasta,78,bacteria,1.0,3.0,0.0,5.0,11.0,7.0,6,8.0,5,15.0,5.0,1.0,0.0,3.0,1.0,6.0,0.0,2.0,7.0,8.0,15.0,10,12,6.0,17,7,4.0,4.0,2.0,7,3.0,6.0,4.0,4.0,8.0,11,9,7,8.0,10,13,9.0,11,2.0,3.0,4.0,2.0,0.0,1.0,0.0,0.0,12.0,10.0,20,3.0,6.0,5,7,4.0,0.0,4.0,2.0,1.0,1.0,18.0,13.0,1.0,13,5,1.0,6.0,17,16,3.0,0.0,19,8,2.0,8,16,13.0,7.0,5.0,15,11.0,15,30,19,5,15,22,8,9,15,20,12,5,46,23,10,8,24,11,16,2.0,14,5.0,15.0,0.0,4.0,5,15,2.0,10.0,17,19,4.0,14,3.0,2.0,3.0,8.0,20,0.0,3,16,14,7.0,8.0,13,12,2.0,0.0,24,11,2.0,10.0,3,16,5.0,22,12,33,15,19,19,16,7,3.0,7,21,7,6,14,8,5,11,17,29,7,5.0,14,0.0,5,3.0,15,32,0.0,0.0,4.0,1.0,3.0,8.0,9,17,3.0,15,6,17,5.0,0.0,12,2.0,0.0,0.0,0.0,6.0,5.0,8.0,2.0,0.0,0.0,0.0,0.0,2.0,9.0,9.0,8.0,4,11,6.0,11,9,16,18,17,11.0,7.0,2,0.0,1.0,10,7.0,3.0,12,7,10,2,13,10,13,4,18,1.0,5.0,1.0,7.0,1.0,7,13,10,2,1.0,4,1.0,1.0,2.0,1.0,11.0,6.0,0.0,1.0,2.0,0.0,4.0,2.0,0.0,1.0,0.0,0.0,1.0,0.0,1.0,0.0,0.0,0.0
bacteria_pseudomonas_chunk_79,bacteria_pseudomonas.fasta,79,bacteria,7.0,2.0,5.0,2.0,2.0,3.0,4,4.0,9,5.0,2.0,2.0,2.0,4.0,2.0,4.0,1.0,5.0,2.0,7.0,5.0,14,5,2.0,10,7,1.0,1.0,1.0,2,4.0,5.0,6.0,5.0,2.0,10,14,15,3.0,8,18,12.0,7,1.0,6.0,3.0,6.0,1.0,3.0,2.0,1.0,5.0,3.0,8,3.0,5.0,6,7,2.0,0.0,5.0,5.0,4.0,2.0,2.0,5.0,4.0,16,8,1.0,5.0,16,27,6.0,2.0,6,5,6.0,10,20,8.0,7.0,4.0,10,7.0,7,16,34,17,3,10,10,8,6,11,6,12,25,22,20,17,40,17,10,6.0,27,8.0,1.0,1.0,4.0,1,8,3.0,5.0,19,17,4.0,14,9.0,4.0,8.0,7.0,9,4.0,4,11,4,3.0,5.0,10,10,6.0,1.0,9,8,5.0,3.0,11,20,4.0,19,15,40,6,13,31,29,14,4.0,11,25,8,10,8,10,12,11,24,39,17,5.0,19,9.0,12,8.0,12,14,9.0,0.0,4.0,12.0,2.0,6.0,11,29,4.0,2,5,11,7.0,2.0,6,9.0,2.0,0.0,0.0,2.0,2.0,5.0,0.0,4.0,7.0,3.0,3.0,1.0,2.0,7.0,9.0,5,6,4.0,10,5,9,22,14,13.0,0.0,1,8.0,7.0,5,2.0,5.0,3,5,17,11,8,10,14,7,14,3.0,5.0,4.0,4.0,1.0,8,10,13,6,3.0,11,10.0,3.0,12.0,16.0,1.0,4.0,10.0,2.0,2.0,4.0,1.0,0.0,1.0,2.0,1.0,3.0,2.0,2.0,5.0,2.0,1.0,1.0
bacteria_pseudomonas_chunk_80,bacteria_pseudomonas.fasta,80,bacteria,2.0,1.0,3.0,3.0,3.0,6.0,3,5.0,5,5.0,2.0,0.0,3.0,3.0,1.0,0.0,5.0,3.0,2.0,7.0,4.0,8,14,2.0,11,4,3.0,3.0,3.0,8,5.0,2.0,4.0,5.0,6.0,4,13,18,9.0,5,11,3.0,6,3.0,3.0,2.0,3.0,0.0,1.0,0.0,1.0,3.0,10.0,6,5.0,3.0,4,3,0.0,1.0,1.0,2.0,2.0,0.0,8.0,4.0,1.0,10,7,7.0,7.0,24,13,2.0,1.0,8,2,1.0,6,16,3.0,6.0,5.0,8,8.0,11,22,31,3,8,22,17,13,12,16,6,15,32,19,24,9,36,18,17,2.0,7,3.0,7.0,1.0,4.0,6,25,5.0,8.0,26,20,12.0,23,27.0,7.0,4.0,6.0,10,5.0,6,14,5,6.0,5.0,12,6,6.0,0.0,11,4,2.0,4.0,9,22,4.0,9,13,45,17,11,23,37,5,2.0,18,33,27,5,7,7,2,17,18,29,31,3.0,20,2.0,3,2.0,10,7,14.0,0.0,2.0,2.0,3.0,2.0,5,12,6.0,3,9,2,2.0,0.0,11,4.0,0.0,0.0,0.0,0.0,6.0,2.0,3.0,0.0,3.0,1.0,1.0,2.0,3.0,5.0,6.0,3,10,4.0,6,10,23,34,8,4.0,2.0,11,3.0,10.0,5,8.0,1.0,3,3,21,10,16,4,28,5,7,0.0,5.0,4.0,7.0,1.0,8,9,26,10,3.0,11,19.0,2.0,18.0,16.0,7.0,3.0,12.0,1.0,2.0,2.0,2.0,2.0,0.0,1.0,0.0,1.0,1.0,2.0,0.0,1.0,2.0,0.0
bacteria_pseudomonas_chunk_81,bacteria_pseudomonas.fasta,81,bacteria,1.0,0.0,5.0,6.0,4.0,11.0,4,2.0,16,5.0,2.0,0.0,0.0,1.0,1.0,2.0,4.0,4.0,4.0,7.0,11.0,17,13,10.0,15,6,2.0,2.0,0.0,5,1.0,4.0,7.0,1.0,2.0,11,26,16,7.0,6,16,3.0,9,1.0,5.0,0.0,1.0,0.0,2.0,2.0,0.0,2.0,6.0,15,0.0,2.0,6,4,0.0,1.0,2.0,1.0,0.0,1.0,13.0,8.0,1.0,15,4,1.0,6.0,23,22,4.0,1.0,15,5,1.0,6,28,8.0,11.0,5.0,16,14.0,14,56,21,4,22,34,2,13,24,18,4,21,71,31,17,7,47,8,5,2.0,5,2.0,14.0,0.0,3.0,6,22,8.0,11.0,19,29,7.0,4,1.0,1.0,4.0,12.0,11,0.0,4,18,15,2.0,6.0,20,7,0.0,3.0,7,6,1.0,11.0,10,21,8.0,29,27,49,33,21,41,25,5,3.0,10,25,3,7,6,9,5,12,34,35,7,3.0,10,1.0,5,1.0,11,7,4.0,1.0,3.0,0.0,1.0,3.0,7,12,3.0,2,6,3,2.0,0.0,6,3.0,0.0,0.0,0.0,3.0,11.0,4.0,1.0,0.0,1.0,0.0,0.0,1.0,4.0,1.0,2.0,2,2,3.0,13,4,14,28,15,2.0,3.0,7,2.0,0.0,3,2.0,5.0,6,6,7,10,10,11,15,6,4,1.0,4.0,2.0,5.0,0.0,1,3,10,1,1.0,2,0.0,3.0,3.0,0.0,7.0,4.0,3.0,1.0,1.0,1.0,2.0,6.0,0.0,0.0,1.0,1.0,0.0,0.0,0.0,0.0,0.0,0.0
bacteria_pseudomonas_chunk_82,bacteria_pseudomonas.fasta,82,bacteria,3.0,5.0,1.0,5.0,5.0,4.0,3,3.0,5,4.0,0.0,1.0,0.0,2.0,3.0,1.0,5.0,7.0,5.0,7.0,2.0,14,6,9.0,10,7,3.0,1.0,3.0,7,2.0,1.0,3.0,6.0,6.0,15,13,16,5.0,12,15,9.0,11,3.0,3.0,1.0,6.0,1.0,0.0,2.0,2.0,2.0,8.0,10,3.0,3.0,5,6,2.0,0.0,5.0,4.0,3.0,1.0,10.0,5.0,6.0,12,9,5.0,5.0,21,28,10.0,0.0,10,7,2.0,11,25,3.0,6.0,4.0,10,1.0,10,28,35,10,13,13,4,9,15,17,9,19,36,28,13,12,61,15,11,4.0,17,10.0,3.0,0.0,3.0,13,14,2.0,4.0,16,15,5.0,7,3.0,5.0,6.0,1.0,6,5.0,4,10,13,4.0,5.0,18,13,3.0,2.0,11,7,5.0,11.0,13,26,9.0,15,11,44,17,14,43,39,11,2.0,11,18,6,5,10,10,7,16,27,50,13,3.0,18,7.0,5,5.0,11,5,11.0,0.0,5.0,7.0,2.0,2.0,10,22,3.0,3,3,1,0.0,1.0,9,18.0,0.0,1.0,0.0,3.0,2.0,3.0,1.0,3.0,5.0,2.0,0.0,2.0,2.0,3.0,6.0,2,13,4.0,15,6,17,15,18,8.0,2.0,5,2.0,3.0,3,3.0,6.0,4,9,11,12,6,5,12,2,5,2.0,6.0,0.0,4.0,1.0,6,7,12,4,6.0,14,2.0,5.0,8.0,6.0,2.0,1.0,3.0,0.0,2.0,2.0,0.0,0.0,0.0,2.0,0.0,0.0,1.0,0.0,1.0,2.0,1.0,0.0
bacteria_pseudomonas_chunk_83,bacteria_pseudomonas.fasta,83,bacteria,0.0,3.0,1.0,9.0,9.0,9.0,4,2.0,2,2.0,2.0,0.0,0.0,4.0,1.0,3.0,3.0,7.0,1.0,13.0,13.0,18,8,2.0,14,7,1.0,1.0,5.0,6,2.0,2.0,2.0,0.0,2.0,25,7,12,7.0,7,12,11.0,9,1.0,4.0,2.0,3.0,0.0,3.0,1.0,0.0,9.0,5.0,15,6.0,1.0,9,7,1.0,0.0,1.0,2.0,1.0,1.0,14.0,1.0,1.0,22,8,6.0,2.0,39,25,6.0,1.0,19,6,1.0,11,35,10.0,10.0,3.0,14,13.0,21,30,22,7,12,21,6,12,13,10,13,6,55,20,17,10,40,10,10,3.0,11,6.0,5.0,0.0,5.0,12,17,0.0,10.0,22,22,6.0,14,3.0,0.0,3.0,13.0,6,2.0,4,13,4,3.0,2.0,9,8,1.0,3.0,14,8,1.0,10.0,16,19,7.0,31,20,41,9,16,29,24,11,2.0,15,26,6,8,7,1,7,13,25,40,11,2.0,13,5.0,11,8.0,17,12,4.0,0.0,4.0,6.0,3.0,9.0,7,13,5.0,4,7,10,1.0,0.0,7,9.0,0.0,0.0,0.0,0.0,8.0,3.0,1.0,0.0,2.0,4.0,0.0,1.0,1.0,7.0,11.0,9,7,4.0,7,10,9,25,17,6.0,1.0,2,7.0,3.0,2,2.0,9.0,4,8,14,8,14,4,24,5,11,1.0,2.0,3.0,3.0,0.0,5,4,12,2,2.0,6,5.0,1.0,1.0,0.0,5.0,5.0,0.0,1.0,2.0,0.0,3.0,1.0,0.0,0.0,0.0,0.0,0.0,0.0,0.0,0.0,0.0,0.0
bacteria_pseudomonas_chunk_84,bacteria_pseudomonas.fasta,84,bacteria,1.0,8.0,2.0,6.0,6.0,6.0,7,8.0,7,15.0,2.0,0.0,5.0,5.0,0.0,4.0,0.0,7.0,5.0,6.0,7.0,14,7,10.0,9,5,5.0,2.0,1.0,6,2.0,7.0,5.0,4.0,4.0,13,9,16,12.0,6,17,15.0,9,2.0,9.0,2.0,5.0,2.0,3.0,0.0,3.0,7.0,9.0,13,2.0,5.0,9,12,4.0,2.0,4.0,3.0,3.0,2.0,3.0,15.0,1.0,8,5,1.0,8.0,25,23,11.0,1.0,13,7,3.0,3,28,8.0,6.0,7.0,8,6.0,18,21,17,7,9,16,3,16,13,15,14,13,28,12,17,10,18,14,10,5.0,7,10.0,7.0,1.0,5.0,5,10,3.0,10.0,12,26,3.0,11,2.0,2.0,11.0,13.0,14,3.0,6,13,14,2.0,4.0,17,9,3.0,5.0,11,14,6.0,11.0,6,23,7.0,17,9,28,15,8,29,21,12,5.0,10,26,8,11,10,8,7,17,20,30,11,7.0,30,14.0,7,2.0,8,16,6.0,2.0,4.0,1.0,4.0,5.0,9,12,0.0,10,8,8,3.0,0.0,9,9.0,0.0,1.0,2.0,3.0,7.0,4.0,1.0,0.0,1.0,0.0,4.0,3.0,5.0,6.0,10.0,4,12,4.0,13,2,22,11,9,5.0,1.0,3,3.0,3.0,7,7.0,6.0,11,4,12,12,9,13,13,15,6,2.0,2.0,4.0,3.0,1.0,8,8,12,5,6.0,7,1.0,1.0,9.0,3.0,2.0,7.0,6.0,2.0,2.0,1.0,2.0,2.0,0.0,2.0,1.0,2.0,1.0,1.0,3.0,2.0,1.0,0.0
bacteria_pseudomonas_chunk_85,bacteria_pseudomonas.fasta,85,bacteria,4.0,3.0,7.0,2.0,4.0,5.0,2,5.0,7,5.0,6.0,1.0,3.0,2.0,2.0,2.0,7.0,7.0,2.0,9.0,6.0,18,4,3.0,17,10,4.0,0.0,2.0,5,2.0,5.0,5.0,2.0,3.0,15,11,16,5.0,4,19,7.0,6,3.0,8.0,2.0,1.0,0.0,5.0,2.0,1.0,7.0,4.0,6,6.0,4.0,8,8,2.0,1.0,0.0,2.0,3.0,1.0,4.0,4.0,5.0,11,15,3.0,3.0,25,26,6.0,0.0,7,5,1.0,9,21,3.0,6.0,16.0,16,6.0,16,30,28,5,11,10,14,14,24,5,14,15,36,29,19,12,38,16,18,3.0,20,2.0,1.0,2.0,3.0,7,21,3.0,3.0,18,11,7.0,13,7.0,4.0,9.0,5.0,11,4.0,7,17,10,4.0,2.0,11,3,1.0,7.0,12,13,1.0,7.0,12,24,7.0,11,19,35,17,25,34,29,12,1.0,13,18,7,7,5,8,8,13,23,40,7,4.0,18,3.0,6,11.0,11,16,2.0,2.0,6.0,7.0,4.0,3.0,15,21,6.0,8,9,9,2.0,0.0,3,6.0,0.0,1.0,0.0,4.0,5.0,4.0,0.0,5.0,4.0,2.0,2.0,2.0,1.0,6.0,8.0,1,10,3.0,10,8,13,18,17,11.0,2.0,8,5.0,2.0,3,4.0,2.0,8,7,12,15,8,8,8,5,11,2.0,6.0,3.0,4.0,1.0,3,5,11,2,2.0,7,4.0,4.0,5.0,4.0,3.0,7.0,0.0,1.0,1.0,2.0,4.0,0.0,0.0,0.0,1.0,0.0,0.0,1.0,0.0,0.0,1.0,0.0
bacteria_pseudomonas_chunk_86,bacteria_pseudomonas.fasta,86,bacteria,4.0,1.0,3.0,2.0,6.0,3.0,1,8.0,6,12.0,5.0,1.0,2.0,3.0,1.0,1.0,3.0,5.0,4.0,15.0,10.0,12,3,10.0,7,7,5.0,1.0,2.0,4,7.0,8.0,8.0,5.0,8.0,8,9,8,6.0,16,14,15.0,15,8.0,2.0,3.0,11.0,2.0,1.0,4.0,0.0,7.0,2.0,9,4.0,5.0,7,14,8.0,0.0,4.0,3.0,0.0,1.0,2.0,3.0,1.0,15,10,6.0,8.0,16,23,10.0,3.0,7,10,3.0,16,27,8.0,15.0,7.0,9,8.0,12,9,17,12,5,10,14,13,10,11,16,3,23,11,6,9,31,13,7,14.0,11,6.0,0.0,1.0,2.0,3,11,2.0,4.0,10,13,1.0,11,17.0,6.0,5.0,8.0,23,2.0,6,14,14,4.0,7.0,6,12,5.0,1.0,12,19,2.0,2.0,7,16,6.0,16,20,25,10,22,16,21,12,2.0,8,6,11,8,14,13,6,14,24,43,4,8.0,19,12.0,13,7.0,10,20,11.0,0.0,11.0,18.0,3.0,7.0,6,10,6.0,4,13,16,3.0,4.0,9,15.0,0.0,1.0,1.0,3.0,5.0,2.0,3.0,6.0,3.0,13.0,2.0,1.0,2.0,6.0,9.0,5,8,2.0,4,8,6,11,15,7.0,0.0,3,8.0,4.0,9,6.0,1.0,4,6,15,9,11,8,21,12,14,3.0,6.0,8.0,2.0,1.0,6,11,9,3,7.0,11,12.0,7.0,5.0,5.0,3.0,5.0,2.0,4.0,1.0,2.0,2.0,0.0,1.0,1.0,2.0,2.0,1.0,2.0,2.0,2.0,3.0,1.0
bacteria_pseudomonas_chunk_87,bacteria_pseudomonas.fasta,87,bacteria,3.0,1.0,2.0,6.0,3.0,5.0,10,2.0,9,4.0,4.0,1.0,2.0,1.0,1.0,1.0,4.0,8.0,1.0,7.0,13.0,13,2,6.0,8,10,5.0,0.0,9.0,10,1.0,4.0,4.0,1.0,1.0,13,11,19,3.0,5,18,8.0,8,2.0,7.0,4.0,3.0,1.0,4.0,7.0,1.0,2.0,6.0,6,5.0,1.0,7,4,2.0,0.0,3.0,2.0,1.0,1.0,8.0,10.0,3.0,16,9,5.0,3.0,22,23,3.0,1.0,6,4,3.0,15,21,6.0,9.0,8.0,20,10.0,12,37,18,5,11,18,6,7,17,16,19,14,43,27,21,13,43,13,9,5.0,16,7.0,3.0,1.0,3.0,16,25,2.0,4.0,18,17,8.0,14,1.0,2.0,3.0,14.0,7,2.0,2,13,12,3.0,1.0,11,6,5.0,11.0,9,7,1.0,10.0,9,19,4.0,21,16,26,18,21,38,34,11,4.0,20,18,6,11,3,5,7,9,17,51,13,5.0,15,8.0,9,8.0,8,8,8.0,0.0,4.0,10.0,2.0,3.0,11,21,1.0,3,5,6,1.0,1.0,10,11.0,0.0,1.0,0.0,3.0,3.0,3.0,2.0,4.0,4.0,6.0,2.0,1.0,3.0,5.0,3.0,3,12,10.0,13,6,20,21,16,9.0,1.0,6,1.0,4.0,4,6.0,1.0,1,6,10,7,11,3,14,8,6,1.0,5.0,1.0,6.0,0.0,6,8,14,4,4.0,4,4.0,2.0,5.0,1.0,7.0,2.0,2.0,4.0,3.0,0.0,2.0,1.0,0.0,2.0,0.0,1.0,0.0,0.0,1.0,0.0,0.0,0.0
bacteria_pseudomonas_chunk_88,bacteria_pseudomonas.fasta,88,bacteria,6.0,0.0,6.0,12.0,7.0,11.0,7,3.0,8,10.0,4.0,2.0,3.0,2.0,3.0,10.0,3.0,3.0,11.0,9.0,9.0,13,9,8.0,11,11,7.0,1.0,4.0,6,1.0,8.0,2.0,4.0,3.0,6,13,10,5.0,9,9,11.0,11,3.0,5.0,1.0,5.0,1.0,1.0,0.0,4.0,6.0,11.0,16,8.0,6.0,6,12,1.0,0.0,0.0,6.0,4.0,3.0,14.0,8.0,1.0,14,6,1.0,3.0,11,16,7.0,1.0,18,13,2.0,5,15,10.0,4.0,9.0,15,11.0,24,21,21,5,7,24,10,16,22,20,14,12,31,18,8,10,25,9,10,3.0,10,3.0,8.0,0.0,2.0,9,9,4.0,8.0,22,16,5.0,15,9.0,3.0,5.0,21.0,10,5.0,11,13,14,3.0,10.0,14,12,3.0,1.0,13,9,3.0,7.0,9,16,9.0,12,14,36,18,19,22,13,6,3.0,8,15,11,10,11,10,4,14,25,22,11,5.0,16,6.0,4,4.0,6,12,7.0,1.0,7.0,3.0,2.0,3.0,5,12,4.0,3,10,7,3.0,1.0,12,6.0,1.0,2.0,0.0,3.0,6.0,6.0,1.0,1.0,1.0,2.0,1.0,2.0,6.0,5.0,3.0,4,9,7.0,7,8,21,15,9,7.0,3.0,4,6.0,7.0,7,6.0,5.0,5,9,11,11,13,11,22,5,4,3.0,3.0,1.0,5.0,0.0,7,6,15,4,6.0,6,7.0,3.0,5.0,4.0,4.0,9.0,1.0,0.0,7.0,1.0,2.0,5.0,1.0,3.0,1.0,3.0,2.0,2.0,3.0,2.0,1.0,1.0
bacteria_pseudomonas_chunk_89,bacteria_pseudomonas.fasta,89,bacteria,5.0,1.0,5.0,0.0,7.0,8.0,4,2.0,6,2.0,2.0,2.0,1.0,3.0,3.0,2.0,2.0,0.0,2.0,8.0,5.0,11,11,17.0,12,8,6.0,2.0,4.0,6,3.0,2.0,5.0,3.0,5.0,14,11,10,10.0,8,13,2.0,6,0.0,3.0,1.0,0.0,0.0,1.0,4.0,2.0,3.0,5.0,13,3.0,6.0,11,11,1.0,2.0,6.0,5.0,4.0,0.0,14.0,1.0,0.0,12,7,5.0,6.0,16,12,0.0,1.0,9,9,7.0,10,18,10.0,8.0,4.0,9,10.0,13,19,24,3,6,27,9,7,29,18,14,11,39,30,15,8,32,10,13,3.0,6,10.0,4.0,0.0,2.0,4,15,3.0,7.0,20,31,8.0,9,6.0,3.0,9.0,4.0,4,3.0,6,15,23,6.0,5.0,17,14,2.0,3.0,12,13,6.0,7.0,9,13,11.0,21,18,30,20,20,45,20,17,0.0,9,28,6,7,9,14,7,10,26,42,6,6.0,13,5.0,3,0.0,8,13,6.0,0.0,0.0,2.0,1.0,2.0,3,12,6.0,4,14,10,2.0,2.0,9,6.0,0.0,0.0,1.0,0.0,1.0,5.0,0.0,2.0,6.0,1.0,4.0,1.0,2.0,3.0,3.0,3,7,4.0,9,4,18,19,11,5.0,2.0,5,5.0,3.0,4,7.0,3.0,8,5,13,20,12,15,26,10,5,0.0,6.0,3.0,6.0,1.0,4,12,13,3,5.0,5,4.0,5.0,8.0,6.0,6.0,12.0,5.0,0.0,2.0,2.0,2.0,3.0,0.0,3.0,2.0,2.0,2.0,3.0,3.0,1.0,3.0,3.0
bacteria_pseudomonas_chunk_90,bacteria_pseudomonas.fasta,90,bacteria,9.0,3.0,6.0,4.0,5.0,5.0,6,14.0,15,11.0,10.0,9.0,7.0,7.0,7.0,4.0,5.0,2.0,2.0,7.0,7.0,7,6,6.0,6,4,3.0,1.0,2.0,7,5.0,10.0,6.0,4.0,10.0,7,6,14,14.0,11,10,6.0,10,5.0,6.0,6.0,5.0,9.0,2.0,1.0,3.0,10.0,7.0,13,7.0,6.0,11,9,4.0,2.0,6.0,6.0,5.0,5.0,7.0,21.0,2.0,7,2,2.0,4.0,14,13,5.0,1.0,7,7,2.0,2,19,6.0,6.0,7.0,12,6.0,7,9,9,9,10,14,7,10,8,15,7,9,8,13,19,10,17,4,10,1.0,12,5.0,0.0,0.0,3.0,13,6,6.0,17.0,12,22,5.0,13,11.0,8.0,11.0,6.0,19,9.0,4,13,11,6.0,8.0,9,13,5.0,2.0,18,11,8.0,13.0,4,10,3.0,12,5,9,11,12,23,16,9,3.0,9,29,14,9,5,10,11,10,12,21,10,5.0,9,4.0,7,3.0,8,18,11.0,4.0,3.0,6.0,2.0,3.0,9,13,5.0,13,7,9,8.0,2.0,9,13.0,4.0,4.0,5.0,3.0,2.0,2.0,1.0,4.0,3.0,0.0,5.0,2.0,12.0,2.0,5.0,6,11,12.0,6,11,15,11,12,5.0,2.0,7,6.0,8.0,16,15.0,6.0,11,4,11,11,12,9,17,11,13,6.0,4.0,5.0,7.0,3.0,9,11,11,5,12.0,8,10.0,5.0,8.0,7.0,9.0,8.0,4.0,2.0,5.0,5.0,5.0,3.0,1.0,8.0,4.0,2.0,4.0,2.0,11.0,3.0,2.0,3.0
bacteria_pseudomonas_chunk_91,bacteria_pseudomonas.fasta,91,bacteria,1.0,4.0,2.0,5.0,6.0,8.0,4,8.0,10,10.0,5.0,6.0,5.0,9.0,12.0,4.0,2.0,6.0,1.0,4.0,7.0,8,6,4.0,10,10,6.0,3.0,0.0,7,4.0,6.0,4.0,7.0,4.0,6,7,9,8.0,5,5,12.0,5,3.0,5.0,8.0,8.0,3.0,2.0,10.0,5.0,2.0,10.0,11,3.0,4.0,9,8,4.0,5.0,6.0,6.0,15.0,2.0,7.0,9.0,1.0,5,9,0.0,3.0,9,7,3.0,5.0,10,8,5.0,4,5,10.0,7.0,13.0,17,13.0,10,18,9,15,6,14,13,11,8,2,7,11,17,14,15,13,15,9,4,8.0,13,8.0,7.0,6.0,5.0,8,10,7.0,15.0,14,14,5.0,11,11.0,7.0,8.0,12.0,18,10.0,6,7,8,5.0,5.0,8,4,7.0,6.0,5,4,11.0,13.0,7,7,11.0,4,18,17,12,8,17,10,10,8.0,15,20,9,21,4,9,4,15,15,9,13,10.0,17,19.0,7,2.0,5,10,3.0,4.0,5.0,3.0,4.0,5.0,8,12,3.0,10,10,9,8.0,2.0,7,8.0,0.0,0.0,9.0,1.0,7.0,5.0,5.0,5.0,3.0,6.0,4.0,4.0,1.0,2.0,4.0,6,13,12.0,10,6,6,12,12,7.0,5.0,9,7.0,7.0,10,10.0,7.0,11,6,12,13,16,10,15,13,4,2.0,5.0,10.0,6.0,4.0,1,15,4,15,9.0,14,11.0,6.0,11.0,18.0,9.0,9.0,8.0,9.0,6.0,15.0,9.0,4.0,3.0,4.0,4.0,4.0,4.0,4.0,4.0,3.0,4.0,3.0
bacteria_pseudomonas_chunk_92,bacteria_pseudomonas.fasta,92,bacteria,3.0,4.0,3.0,5.0,6.0,5.0,5,5.0,7,11.0,4.0,5.0,4.0,1.0,0.0,1.0,3.0,11.0,2.0,16.0,9.0,19,2,5.0,18,8,2.0,0.0,4.0,4,3.0,8.0,8.0,5.0,5.0,27,10,16,8.0,18,30,9.0,13,4.0,6.0,2.0,9.0,2.0,3.0,6.0,2.0,8.0,3.0,14,3.0,5.0,6,5,3.0,1.0,1.0,2.0,0.0,1.0,6.0,3.0,3.0,24,8,2.0,9.0,41,46,11.0,3.0,11,7,2.0,9,49,5.0,14.0,10.0,12,6.0,20,18,21,8,3,8,3,16,14,19,9,15,35,22,10,11,32,6,8,5.0,7,4.0,0.0,0.0,6.0,4,11,0.0,4.0,12,12,2.0,7,6.0,0.0,10.0,11.0,19,4.0,7,13,16,1.0,8.0,11,10,4.0,2.0,13,11,1.0,8.0,15,33,11.0,25,19,34,4,21,28,19,8,0.0,13,15,5,12,11,6,8,19,26,32,7,4.0,9,3.0,7,3.0,10,14,7.0,0.0,8.0,5.0,0.0,5.0,8,11,1.0,4,5,10,3.0,1.0,12,11.0,0.0,0.0,0.0,2.0,3.0,4.0,3.0,4.0,2.0,3.0,0.0,1.0,2.0,10.0,14.0,5,9,4.0,2,2,12,18,9,3.0,0.0,1,3.0,3.0,8,4.0,3.0,5,6,11,6,8,4,13,5,6,1.0,2.0,1.0,6.0,1.0,12,2,6,3,7.0,8,2.0,2.0,3.0,0.0,1.0,5.0,3.0,2.0,0.0,0.0,2.0,0.0,0.0,0.0,2.0,2.0,0.0,1.0,4.0,3.0,0.0,0.0
bacteria_pseudomonas_chunk_93,bacteria_pseudomonas.fasta,93,bacteria,2.0,2.0,3.0,4.0,16.0,11.0,6,6.0,8,14.0,0.0,2.0,2.0,2.0,0.0,7.0,5.0,6.0,2.0,9.0,8.0,10,15,13.0,18,9,3.0,2.0,5.0,6,3.0,8.0,1.0,3.0,5.0,9,13,22,6.0,9,15,7.0,3,0.0,0.0,2.0,3.0,1.0,2.0,1.0,3.0,9.0,11.0,13,2.0,4.0,9,8,4.0,0.0,5.0,2.0,2.0,0.0,21.0,8.0,3.0,16,7,2.0,7.0,29,13,4.0,1.0,14,6,3.0,13,20,8.0,6.0,4.0,11,19.0,7,26,23,5,14,29,10,21,21,8,9,14,45,20,17,8,31,12,5,1.0,7,2.0,10.0,0.0,8.0,9,20,2.0,14.0,14,24,6.0,15,3.0,4.0,6.0,13.0,16,2.0,10,6,21,6.0,3.0,12,6,1.0,3.0,14,14,3.0,8.0,8,19,10.0,19,19,25,24,17,35,18,5,4.0,18,19,5,5,14,7,9,15,21,23,17,8.0,13,6.0,4,3.0,7,6,2.0,2.0,1.0,1.0,2.0,3.0,6,6,3.0,5,3,2,2.0,0.0,5,6.0,0.0,1.0,1.0,3.0,4.0,4.0,2.0,0.0,1.0,1.0,3.0,3.0,12.0,2.0,9.0,4,11,9.0,15,4,22,17,6,1.0,1.0,2,4.0,4.0,3,7.0,4.0,11,7,8,10,6,10,17,6,6,2.0,4.0,0.0,6.0,0.0,7,13,7,4,2.0,5,5.0,0.0,6.0,1.0,4.0,4.0,2.0,0.0,5.0,1.0,2.0,9.0,0.0,6.0,1.0,1.0,1.0,0.0,1.0,1.0,0.0,0.0
bacteria_pseudomonas_chunk_94,bacteria_pseudomonas.fasta,94,bacteria,2.0,1.0,1.0,15.0,2.0,7.0,3,5.0,7,5.0,0.0,0.0,2.0,0.0,1.0,1.0,7.0,13.0,3.0,11.0,4.0,16,6,7.0,15,5,2.0,0.0,4.0,3,1.0,3.0,6.0,2.0,1.0,28,12,25,4.0,14,28,11.0,8,3.0,4.0,0.0,5.0,2.0,3.0,3.0,1.0,2.0,7.0,8,2.0,2.0,8,2,1.0,1.0,1.0,2.0,0.0,0.0,8.0,4.0,4.0,14,9,0.0,2.0,48,45,6.0,2.0,8,9,2.0,7,40,5.0,11.0,6.0,13,7.0,20,26,33,10,7,19,5,15,16,16,10,11,49,31,9,5,55,9,10,6.0,14,1.0,2.0,0.0,4.0,6,12,2.0,6.0,24,11,4.0,5,5.0,3.0,3.0,14.0,12,0.0,3,17,12,4.0,2.0,9,10,3.0,6.0,7,3,1.0,6.0,10,43,11.0,24,23,55,15,20,45,29,7,1.0,10,17,8,8,9,4,4,18,40,35,16,4.0,14,2.0,5,3.0,12,7,5.0,0.0,3.0,9.0,2.0,4.0,8,18,2.0,3,5,5,0.0,1.0,4,7.0,0.0,4.0,2.0,2.0,4.0,1.0,1.0,3.0,5.0,1.0,1.0,0.0,2.0,3.0,5.0,2,9,4.0,5,4,10,15,12,7.0,1.0,3,6.0,0.0,3,5.0,2.0,2,13,16,9,7,2,12,3,4,2.0,2.0,1.0,2.0,0.0,2,1,6,4,1.0,8,3.0,2.0,3.0,0.0,3.0,5.0,1.0,3.0,2.0,0.0,0.0,1.0,0.0,1.0,0.0,0.0,1.0,1.0,1.0,1.0,0.0,4.0
bacteria_pseudomonas_chunk_95,bacteria_pseudomonas.fasta,95,bacteria,1.0,1.0,0.0,4.0,2.0,7.0,1,0.0,4,6.0,0.0,1.0,1.0,2.0,1.0,1.0,3.0,3.0,1.0,13.0,6.0,7,6,2.0,15,9,2.0,0.0,1.0,2,2.0,0.0,1.0,4.0,1.0,19,13,23,0.0,12,21,5.0,14,2.0,1.0,4.0,7.0,0.0,2.0,2.0,0.0,4.0,1.0,5,1.0,2.0,9,5,2.0,0.0,1.0,3.0,0.0,1.0,5.0,5.0,0.0,21,7,3.0,4.0,35,26,9.0,1.0,4,5,0.0,16,36,5.0,3.0,4.0,18,5.0,13,32,29,8,23,17,2,4,10,22,7,21,60,49,15,8,50,13,19,2.0,14,3.0,1.0,0.0,0.0,12,26,3.0,1.0,16,20,3.0,7,3.0,0.0,2.0,7.0,4,1.0,2,7,13,1.0,2.0,12,17,4.0,1.0,5,10,3.0,8.0,10,32,1.0,33,19,51,23,14,64,37,11,1.0,12,19,4,9,5,5,7,8,37,41,15,5.0,10,3.0,7,10.0,15,15,8.0,3.0,2.0,7.0,3.0,3.0,8,21,3.0,7,8,6,5.0,0.0,14,8.0,0.0,1.0,1.0,2.0,2.0,1.0,0.0,0.0,4.0,4.0,1.0,0.0,0.0,2.0,3.0,3,11,1.0,6,8,13,34,15,4.0,0.0,5,2.0,2.0,1,7.0,4.0,4,3,16,13,6,1,20,4,8,1.0,5.0,1.0,4.0,0.0,1,5,14,2,6.0,5,2.0,1.0,0.0,0.0,3.0,6.0,0.0,1.0,1.0,0.0,1.0,0.0,0.0,0.0,1.0,0.0,0.0,0.0,2.0,1.0,0.0,0.0
bacteria_pseudomonas_chunk_96,bacteria_pseudomonas.fasta,96,bacteria,0.0,2.0,1.0,2.0,1.0,4.0,6,0.0,4,4.0,0.0,0.0,1.0,1.0,2.0,0.0,4.0,3.0,1.0,1.0,3.0,7,7,3.0,6,7,6.0,0.0,3.0,9,3.0,1.0,2.0,3.0,3.0,14,10,9,3.0,2,24,3.0,6,0.0,5.0,6.0,5.0,0.0,0.0,2.0,0.0,0.0,3.0,7,6.0,1.0,7,11,1.0,0.0,4.0,1.0,1.0,1.0,8.0,2.0,1.0,7,6,7.0,2.0,19,24,11.0,1.0,1,12,2.0,5,20,3.0,0.0,4.0,10,7.0,10,21,25,9,7,21,6,7,15,15,11,16,27,30,23,11,48,15,14,4.0,16,22.0,2.0,0.0,3.0,11,15,4.0,2.0,22,28,9.0,14,8.0,3.0,2.0,3.0,5,2.0,5,7,12,1.0,7.0,11,7,2.0,1.0,13,7,1.0,12.0,10,31,7.0,16,9,38,13,18,49,32,26,1.0,16,27,11,2,7,6,6,18,27,66,21,2.0,18,16.0,6,4.0,13,7,10.0,1.0,2.0,3.0,2.0,0.0,10,30,1.0,2,7,12,3.0,0.0,14,23.0,0.0,0.0,1.0,0.0,3.0,0.0,1.0,0.0,2.0,0.0,0.0,1.0,0.0,2.0,2.0,5,11,5.0,10,8,17,20,24,9.0,0.0,7,4.0,5.0,2,1.0,2.0,2,12,12,20,8,6,42,8,8,0.0,7.0,3.0,5.0,0.0,6,10,18,5,2.0,16,14.0,2.0,7.0,2.0,0.0,8.0,5.0,3.0,1.0,2.0,1.0,1.0,0.0,0.0,0.0,0.0,0.0,0.0,0.0,0.0,0.0,0.0
bacteria_pseudomonas_chunk_97,bacteria_pseudomonas.fasta,97,bacteria,0.0,5.0,1.0,6.0,6.0,10.0,5,3.0,6,6.0,1.0,1.0,2.0,1.0,1.0,4.0,4.0,7.0,3.0,16.0,14.0,17,7,8.0,7,8,3.0,1.0,3.0,4,1.0,3.0,5.0,4.0,5.0,10,13,16,11.0,3,15,6.0,9,4.0,6.0,5.0,4.0,0.0,1.0,3.0,1.0,4.0,9.0,16,1.0,1.0,10,3,1.0,0.0,4.0,0.0,1.0,0.0,14.0,6.0,3.0,23,5,2.0,5.0,30,19,10.0,1.0,13,9,1.0,13,35,6.0,9.0,5.0,19,7.0,18,45,19,7,12,22,6,14,20,16,9,14,49,36,21,8,47,10,4,3.0,7,3.0,6.0,2.0,7.0,13,23,2.0,11.0,16,14,5.0,10,1.0,2.0,7.0,8.0,9,1.0,6,20,8,2.0,5.0,11,7,4.0,3.0,14,4,1.0,9.0,13,17,11.0,20,16,40,24,17,45,25,8,5.0,28,18,4,5,6,6,3,16,28,32,10,3.0,13,3.0,3,3.0,6,7,2.0,0.0,4.0,7.0,1.0,5.0,6,9,0.0,2,15,5,2.0,0.0,8,4.0,0.0,0.0,0.0,3.0,5.0,3.0,0.0,4.0,3.0,1.0,1.0,2.0,7.0,3.0,5.0,4,12,5.0,13,6,15,23,17,5.0,0.0,2,2.0,2.0,3,5.0,1.0,5,10,11,11,13,6,11,3,2,2.0,1.0,2.0,4.0,0.0,3,8,12,3,0.0,4,0.0,1.0,4.0,4.0,3.0,10.0,1.0,4.0,1.0,0.0,3.0,4.0,0.0,2.0,0.0,0.0,0.0,0.0,1.0,0.0,0.0,0.0
bacteria_pseudomonas_chunk_98,bacteria_pseudomonas.fasta,98,bacteria,0.0,0.0,1.0,3.0,0.0,5.0,4,1.0,2,10.0,0.0,0.0,0.0,0.0,0.0,0.0,3.0,3.0,4.0,8.0,7.0,9,4,5.0,8,11,9.0,0.0,2.0,7,4.0,3.0,4.0,5.0,3.0,6,7,12,9.0,6,20,11.0,16,1.0,1.0,0.0,6.0,0.0,2.0,2.0,0.0,6.0,2.0,9,6.0,3.0,9,4,5.0,0.0,0.0,1.0,1.0,1.0,1.0,2.0,4.0,17,9,3.0,4.0,14,28,3.0,0.0,8,10,1.0,12,18,9.0,9.0,9.0,11,11.0,17,22,26,11,6,14,6,8,17,17,11,9,30,27,13,10,40,22,18,10.0,16,5.0,0.0,0.0,1.0,6,15,0.0,2.0,19,31,2.0,10,12.0,1.0,0.0,11.0,10,0.0,2,6,18,2.0,6.0,14,12,1.0,3.0,13,10,1.0,3.0,12,19,4.0,17,20,47,7,14,33,30,9,1.0,10,25,11,5,5,7,9,17,28,39,16,7.0,21,9.0,18,9.0,28,19,10.0,0.0,9.0,13.0,3.0,5.0,9,36,3.0,5,6,9,7.0,0.0,10,15.0,0.0,0.0,0.0,1.0,5.0,1.0,4.0,4.0,4.0,3.0,1.0,0.0,0.0,6.0,8.0,2,6,4.0,9,4,17,16,23,9.0,0.0,4,8.0,2.0,5,2.0,4.0,4,6,26,8,9,3,19,13,14,5.0,8.0,2.0,4.0,0.0,4,6,5,5,5.0,15,5.0,5.0,0.0,0.0,1.0,7.0,0.0,4.0,2.0,2.0,0.0,0.0,0.0,1.0,0.0,0.0,0.0,0.0,0.0,1.0,0.0,0.0
bacteria_pseudomonas_chunk_99,bacteria_pseudomonas.fasta,99,bacteria,7.0,2.0,7.0,6.0,5.0,4.0,4,14.0,16,22.0,9.0,2.0,4.0,2.0,1.0,5.0,4.0,3.0,10.0,8.0,7.0,10,10,11.0,4,2,5.0,5.0,4.0,3,1.0,14.0,4.0,5.0,12.0,17,10,15,7.0,10,19,5.0,13,3.0,5.0,2.0,5.0,0.0,2.0,1.0,3.0,3.0,13.0,18,5.0,11.0,5,13,5.0,2.0,5.0,1.0,0.0,2.0,6.0,25.0,6.0,9,1,4.0,10.0,12,10,3.0,1.0,15,11,6.0,4,11,9.0,1.0,6.0,13,7.0,17,20,13,8,11,23,5,12,19,29,10,16,19,14,14,6,18,11,7,3.0,7,3.0,11.0,0.0,4.0,4,18,1.0,15.0,18,15,6.0,6,2.0,4.0,9.0,10.0,29,3.0,7,12,12,3.0,9.0,21,14,3.0,2.0,13,18,1.0,11.0,8,20,8.0,18,8,27,14,15,25,14,8,4.0,9,25,3,11,5,9,5,10,24,23,7,3.0,13,3.0,5,1.0,19,14,0.0,0.0,6.0,1.0,3.0,9.0,9,18,3.0,5,15,9,3.0,1.0,7,3.0,0.0,1.0,0.0,3.0,9.0,5.0,2.0,2.0,0.0,1.0,3.0,0.0,9.0,4.0,1.0,6,9,6.0,8,12,27,14,13,8.0,1.0,3,3.0,4.0,14,6.0,4.0,7,4,15,10,13,11,14,5,9,3.0,8.0,0.0,5.0,0.0,4,9,8,2,0.0,4,1.0,2.0,5.0,5.0,12.0,16.0,2.0,0.0,7.0,1.0,4.0,4.0,1.0,2.0,0.0,3.0,0.0,1.0,2.0,1.0,1.0,0.0
bacteria_pseudomonas_chunk_100,bacteria_pseudomonas.fasta,100,bacteria,0.0,3.0,5.0,4.0,6.0,12.0,12,5.0,10,13.0,3.0,2.0,0.0,4.0,3.0,6.0,7.0,3.0,4.0,9.0,17.0,8,12,12.0,14,7,5.0,2.0,5.0,12,2.0,4.0,4.0,2.0,3.0,12,9,17,8.0,8,10,4.0,3,1.0,3.0,1.0,2.0,1.0,2.0,0.0,0.0,4.0,8.0,11,2.0,6.0,7,4,0.0,0.0,4.0,3.0,0.0,1.0,21.0,12.0,7.0,13,6,4.0,6.0,19,8,3.0,1.0,13,8,1.0,11,16,8.0,11.0,7.0,9,16.0,8,26,20,5,12,38,4,13,21,14,7,13,39,16,16,8,44,7,9,3.0,10,6.0,9.0,0.0,5.0,10,20,2.0,8.0,32,35,11.0,9,5.0,1.0,8.0,10.0,13,4.0,6,18,16,4.0,2.0,16,4,1.0,0.0,11,5,1.0,19.0,6,13,9.0,19,14,28,23,22,25,16,11,3.0,17,30,8,13,14,2,2,17,26,27,13,2.0,13,3.0,5,3.0,12,9,3.0,1.0,6.0,0.0,2.0,3.0,5,17,3.0,3,6,5,2.0,1.0,10,6.0,1.0,0.0,0.0,3.0,9.0,4.0,1.0,0.0,1.0,0.0,0.0,2.0,1.0,6.0,4.0,2,7,5.0,14,6,13,19,25,3.0,2.0,3,6.0,1.0,5,5.0,5.0,5,6,10,14,21,13,16,9,10,2.0,3.0,1.0,8.0,0.0,1,9,11,5,3.0,6,4.0,1.0,3.0,0.0,11.0,5.0,2.0,0.0,1.0,0.0,3.0,3.0,0.0,1.0,1.0,0.0,0.0,0.0,2.0,0.0,1.0,0.0
