unique_id,file_name,sample_id,class,AAAA,AAAC,AAAG,AAAT,AACA,AACC,AACG,AACT,AAGA,AAGC,AAGG,AAGT,AATA,AATC,AATG,AATT,ACAA,ACAC,ACAG,ACAT,ACCA,ACCG,ACCT,ACGA,ACGC,ACGG,ACGT,ACTA,ACTC,ACTG,ACTT,AGAA,AGAC,AGAG,AGAT,AGCA,AGCG,AGCT,AGGA,AGGG,AGGT,AGTA,AGTC,AGTG,AGTT,ATAA,ATAC,ATAG,ATAT,ATCA,ATCC,ATCG,ATCT,ATGA,ATGC,ATGG,ATGT,ATTA,ATTC,ATTG,ATTT,CAAA,CAAC,CAAG,CAAT,CACA,CACC,CACG,CACT,CAGA,CAGC,CAGG,CAGT,CATA,CATC,CATG,CATT,CCAA,CCAC,CCAG,CCAT,CCGA,CCGC,CCGG,CCGT,CCTA,CCTG,CCTT,CGAA,CGAC,CGAG,CGAT,CGCA,CGCT,CGGA,CGGC,CGGG,CGGT,CGTA,CGTC,CGTT,CTAA,CTAC,CTAG,CTAT,CTCA,CTCG,CTCT,CTGA,CTGG,CTGT,CTTA,CTTC,CTTG,CTTT,GAAA,GAAC,GAAG,GAAT,GACC,GACT,GAGA,GAGC,GAGT,GATA,GATC,GATG,GATT,GCAA,GCAC,GCAG,GCAT,GCCT,GCGA,GCGG,GCGT,GCTA,GCTG,GCTT,GGAA,GGAC,GGAG,GGAT,GGCA,GGCC,GGCG,GGCT,GGGA,GGGC,GGGT,GGTA,GGTC,GGTG,GGTT,GTAA,GTAC,GTAG,GTAT,GTCA,GTCC,GTCT,GTGA,GTGC,GTGG,GTGT,GTTA,GTTC,GTTG,GTTT,TAAA,TAAC,TAAG,TAAT,TACA,TACC,TACG,TACT,TAGA,TAGC,TAGG,TAGT,TATA,TATC,TATG,TATT,TCAA,TCAC,TCAG,TCAT,TCCA,TCCT,TCGA,TCGC,TCGG,TCGT,TCTA,TCTC,TCTT,TGAA,TGAC,TGAG,TGAT,TGCA,TGCG,TGCT,TGGA,TGGC,TGGG,TGGT,TGTA,TGTC,TGTG,TGTT,TTAA,TTAC,TTAG,TTAT,TTCA,TTCC,TTCG,TTCT,TTGA,TTGC,TTGG,TTGT,TTTA,TTTC,TTTG,TTTT,AGCC,AGGC,CCCA,CCCC,CGCC,CGTG,CTCC,CTGC,GACA,GACG,GAGG,GCCA,GCCC,GCCG,GCGC,GGGG,GTCG,TCCG,TCTG,TGCC,CCCT,CCTC,CGCG,ACCC,GCTC,TCCC,CCCG
bacteria_staphylococcus_chunk_1,bacteria_staphylococcus.fasta,1,bacteria,30,11,20.0,39,13,1,2.0,13,21.0,1,9.0,17.0,45,6,12,48,21,2.0,3,6,3,4.0,3.0,1.0,1.0,2.0,3,11.0,3.0,4.0,15,22.0,1.0,9.0,8,7,1.0,4.0,8.0,8.0,9.0,13.0,2.0,9.0,13,27,16,12,36,15,1,2,4,12.0,6,8.0,8,38,15.0,10,56,16.0,2,7,21,5,2.0,2.0,1.0,6.0,2,4.0,5.0,7.0,3.0,1.0,12,2.0,2.0,1.0,3,1.0,1.0,1.0,1.0,3.0,2.0,1.0,1.0,1.0,1.0,1,3.0,1.0,1.0,1.0,2.0,1.0,1.0,2.0,7,6,3.0,3.0,14,3.0,1.0,2.0,4.0,1.0,2.0,10,2.0,7.0,11,22,3.0,11.0,15,1.0,5.0,9.0,3.0,4.0,5,4.0,5,12,5,2.0,8.0,5,1.0,1.0,1.0,4.0,3,1,6,8.0,2.0,4.0,6.0,3.0,1.0,4.0,2.0,7.0,1.0,7.0,7.0,1.0,3.0,9.0,12,5.0,5.0,9,3.0,1.0,2.0,5,1.0,5.0,6,20,4.0,6,11,32,13,10,36,14,6.0,3.0,14,4.0,6,12.0,11,34,9,16,47,18,4,5.0,9,5,2.0,1,2.0,1.0,2.0,9,3.0,8.0,20,2,2.0,11,7,1.0,3,4,8.0,5.0,3,11,1.0,5.0,12,45,13,13,47,15,5.0,3,12,14,4,6.0,13,50,14,14,46,0.0,0.0,0.0,0.0,0.0,0.0,0.0,0.0,0.0,0.0,0.0,0.0,0.0,0.0,0.0,0.0,0.0,0.0,0.0,0.0,0.0,0.0,0.0,0.0,0.0,0.0,0.0
bacteria_staphylococcus_chunk_2,bacteria_staphylococcus.fasta,2,bacteria,65,14,28.0,51,19,2,4.0,7,19.0,11,5.0,18.0,39,8,23,30,19,7.0,5,14,5,2.0,3.0,6.0,3.0,0.0,4,5.0,1.0,5.0,7,19.0,3.0,7.0,18,14,6.0,7.0,6.0,3.0,7.0,13.0,5.0,9.0,10,17,9,18,30,12,2,3,4,22.0,10,11.0,9,37,10.0,21,32,20.0,9,9,14,13,4.0,1.0,3.0,9.0,2,3.0,4.0,10.0,3.0,8.0,13,6.0,1.0,2.0,3,2.0,0.0,0.0,2.0,1.0,2.0,2.0,6.0,1.0,3.0,7,2.0,1.0,2.0,2.0,0.0,0.0,1.0,3.0,4,6,0.0,5.0,7,1.0,0.0,0.0,7.0,2.0,5.0,8,3.0,0.0,6,35,5.0,10.0,15,0.0,2.0,7.0,7.0,4.0,14,3.0,9,16,11,8.0,7.0,7,2.0,4.0,4.0,2.0,8,5,5,9.0,2.0,2.0,3.0,4.0,0.0,2.0,2.0,2.0,0.0,2.0,8.0,3.0,6.0,3.0,8,6.0,4.0,13,10.0,1.0,1.0,10,6.0,4.0,1,8,4.0,10,5,38,4,7,20,6,4.0,7.0,6,12.0,10,9.0,11,11,7,12,41,16,5,4.0,10,4,0.0,5,0.0,0.0,4.0,4,1.0,3.0,31,4,8.0,14,13,3.0,8,6,3.0,1.0,11,9,4.0,2.0,10,38,8,15,21,12,1.0,3,6,18,9,4.0,10,28,5,10,21,3.0,3.0,1.0,1.0,1.0,4.0,1.0,1.0,7.0,1.0,2.0,2.0,1.0,1.0,1.0,1.0,3.0,1.0,3.0,2.0,0.0,0.0,0.0,0.0,0.0,0.0,0.0
bacteria_staphylococcus_chunk_3,bacteria_staphylococcus.fasta,3,bacteria,45,13,26.0,27,19,5,6.0,3,14.0,16,7.0,16.0,16,13,16,29,19,8.0,10,15,4,6.0,3.0,7.0,1.0,4.0,4,12.0,0.0,5.0,8,15.0,5.0,5.0,11,13,7.0,5.0,6.0,1.0,7.0,10.0,3.0,8.0,15,17,9,6,22,16,4,9,10,21.0,9,11.0,7,36,11.0,22,25,22.0,8,8,9,12,2.0,1.0,9.0,10.0,4,5.0,5.0,8.0,11.0,2.0,14,3.0,3.0,3.0,4,3.0,1.0,1.0,3.0,3.0,3.0,2.0,7.0,7.0,2.0,12,2.0,3.0,2.0,2.0,1.0,5.0,3.0,2.0,5,7,1.0,3.0,15,0.0,1.0,0.0,7.0,2.0,9.0,11,4.0,3.0,5,24,4.0,9.0,13,2.0,4.0,3.0,3.0,3.0,14,5.0,15,16,8,7.0,5.0,5,3.0,5.0,3.0,4.0,6,2,7,6.0,1.0,1.0,6.0,4.0,1.0,2.0,3.0,1.0,0.0,5.0,5.0,6.0,7.0,8.0,11,4.0,3.0,11,8.0,1.0,2.0,14,4.0,2.0,3,16,6.0,6,8,20,7,10,25,8,4.0,7.0,9,9.0,4,3.0,12,16,10,15,35,17,6,6.0,11,5,3.0,13,2.0,2.0,3.0,5,0.0,6.0,22,8,4.0,21,6,5.0,4,5,4.0,4.0,9,11,6.0,4.0,8,27,14,16,28,16,4.0,4,7,13,6,7.0,10,22,10,5,21,2.0,4.0,0.0,0.0,1.0,4.0,1.0,0.0,13.0,2.0,3.0,4.0,1.0,0.0,4.0,1.0,6.0,2.0,8.0,4.0,1.0,2.0,2.0,0.0,0.0,0.0,0.0
bacteria_staphylococcus_chunk_4,bacteria_staphylococcus.fasta,4,bacteria,8,5,12.0,23,11,5,5.0,15,7.0,5,3.0,14.0,21,11,22,24,7,5.0,2,15,17,6.0,11.0,5.0,4.0,0.0,7,7.0,4.0,9.0,19,7.0,4.0,1.0,5,5,4.0,5.0,1.0,1.0,4.0,11.0,8.0,1.0,5,19,16,10,12,15,3,11,15,6.0,13,6.0,13,9,8.0,22,24,7.0,10,4,22,5,11.0,1.0,7.0,4.0,8,3.0,4.0,17.0,17.0,4.0,23,8.0,3.0,9.0,13,0.0,2.0,0.0,4.0,3.0,4.0,6.0,3.0,1.0,2.0,3,5.0,7.0,0.0,1.0,0.0,0.0,6.0,5.0,8,12,4.0,2.0,3,4.0,1.0,7.0,6.0,8.0,13.0,7,7.0,13.0,30,10,8.0,5.0,6,6.0,6.0,1.0,2.0,2.0,11,5.0,5,6,16,3.0,4.0,8,1.0,0.0,0.0,5.0,3,7,12,3.0,4.0,1.0,5.0,8.0,1.0,1.0,0.0,1.0,0.0,1.0,3.0,2.0,2.0,5.0,13,11.0,1.0,10,11.0,3.0,9.0,6,2.0,1.0,6,8,8.0,8,18,23,13,8,27,10,14.0,7.0,11,5.0,1,4.0,5,7,11,7,10,12,13,4.0,25,6,2.0,4,8.0,1.0,6.0,8,4.0,20.0,16,9,2.0,14,13,1.0,14,11,4.0,1.0,7,15,9.0,9.0,24,27,11,2,10,24,3.0,6,15,23,8,8.0,25,26,25,21,55,2.0,5.0,4.0,2.0,3.0,3.0,1.0,7.0,3.0,3.0,1.0,6.0,1.0,0.0,1.0,0.0,1.0,0.0,14.0,2.0,1.0,2.0,0.0,2.0,3.0,2.0,0.0
bacteria_staphylococcus_chunk_5,bacteria_staphylococcus.fasta,5,bacteria,46,14,21.0,34,21,6,6.0,6,23.0,12,8.0,11.0,27,14,22,33,17,2.0,5,14,4,1.0,4.0,5.0,2.0,1.0,4,5.0,0.0,5.0,9,18.0,6.0,6.0,24,12,5.0,4.0,6.0,1.0,4.0,11.0,4.0,4.0,12,25,6,6,31,14,4,6,7,18.0,11,13.0,20,16,6.0,23,41,11.0,7,6,19,3,2.0,0.0,0.0,7.0,4,1.0,7.0,9.0,3.0,3.0,18,6.0,0.0,3.0,1,1.0,0.0,2.0,1.0,3.0,1.0,3.0,8.0,1.0,3.0,4,2.0,3.0,3.0,3.0,0.0,1.0,6.0,0.0,5,14,1.0,2.0,6,1.0,0.0,2.0,10.0,4.0,1.0,7,4.0,6.0,8,26,9.0,14.0,17,1.0,3.0,11.0,5.0,2.0,13,6.0,22,13,12,1.0,8.0,9,2.0,4.0,3.0,3.0,5,7,10,7.0,4.0,3.0,8.0,3.0,2.0,2.0,2.0,2.0,0.0,4.0,7.0,0.0,7.0,3.0,11,5.0,8.0,12,1.0,0.0,4.0,4,7.0,3.0,4,7,3.0,11,10,32,9,13,26,4,2.0,1.0,10,13.0,1,3.0,11,19,8,15,22,8,2,3.0,9,3,2.0,6,2.0,1.0,4.0,10,1.0,3.0,33,8,6.0,18,13,5.0,13,11,5.0,5.0,8,12,4.0,6.0,11,29,5,12,15,6,2.0,4,7,33,12,9.0,8,31,6,22,19,0.0,1.0,3.0,0.0,1.0,1.0,0.0,4.0,10.0,5.0,0.0,0.0,2.0,2.0,3.0,3.0,3.0,1.0,6.0,3.0,1.0,2.0,1.0,2.0,0.0,0.0,0.0
bacteria_staphylococcus_chunk_6,bacteria_staphylococcus.fasta,6,bacteria,47,16,25.0,40,17,2,12.0,6,25.0,5,7.0,16.0,17,12,19,31,21,2.0,12,10,4,1.0,3.0,5.0,4.0,1.0,10,7.0,1.0,5.0,7,25.0,5.0,3.0,19,4,3.0,5.0,7.0,1.0,7.0,11.0,5.0,10.0,9,12,14,8,32,12,2,6,6,25.0,8,17.0,12,39,2.0,22,31,20.0,8,11,16,3,2.0,2.0,2.0,10.0,5,3.0,4.0,6.0,2.0,8.0,13,8.0,0.0,0.0,3,0.0,1.0,1.0,1.0,2.0,4.0,1.0,3.0,3.0,2.0,5,6.0,0.0,3.0,2.0,0.0,0.0,5.0,6.0,8,7,1.0,3.0,7,3.0,4.0,0.0,3.0,2.0,6.0,5,3.0,2.0,4,30,8.0,12.0,12,0.0,5.0,6.0,1.0,3.0,20,6.0,14,21,9,3.0,4.0,10,1.0,2.0,1.0,1.0,4,4,2,6.0,2.0,2.0,14.0,6.0,0.0,1.0,2.0,4.0,0.0,4.0,7.0,3.0,4.0,4.0,9,2.0,3.0,13,11.0,1.0,5.0,9,4.0,2.0,5,12,2.0,10,15,31,5,5,11,14,4.0,4.0,7,12.0,2,4.0,12,23,6,21,29,17,4,6.0,6,4,3.0,6,1.0,2.0,10.0,5,5.0,4.0,27,8,5.0,23,10,1.0,4,10,6.0,7.0,7,4,9.0,3.0,18,24,12,16,27,7,5.0,3,4,26,3,9.0,11,23,12,15,28,1.0,1.0,1.0,0.0,1.0,3.0,0.0,3.0,11.0,2.0,2.0,2.0,0.0,2.0,2.0,1.0,6.0,0.0,1.0,3.0,0.0,0.0,1.0,0.0,1.0,1.0,0.0
bacteria_staphylococcus_chunk_7,bacteria_staphylococcus.fasta,7,bacteria,51,13,19.0,41,17,4,9.0,14,18.0,12,6.0,9.0,24,13,17,23,15,5.0,3,14,6,3.0,4.0,6.0,5.0,6.0,7,10.0,2.0,5.0,17,8.0,8.0,2.0,10,6,2.0,6.0,4.0,1.0,5.0,13.0,2.0,3.0,9,26,9,4,24,18,4,4,11,19.0,4,7.0,13,24,19.0,14,25,21.0,12,7,8,4,3.0,2.0,5.0,1.0,1,0.0,10.0,9.0,4.0,10.0,14,6.0,0.0,1.0,5,3.0,2.0,0.0,0.0,6.0,3.0,6.0,9.0,4.0,0.0,4,3.0,3.0,4.0,1.0,0.0,3.0,3.0,2.0,8,10,5.0,2.0,12,6.0,0.0,3.0,5.0,1.0,5.0,6,6.0,12.0,16,18,8.0,9.0,4,3.0,5.0,3.0,1.0,4.0,7,4.0,5,17,6,2.0,3.0,5,6.0,1.0,1.0,2.0,4,4,9,6.0,3.0,3.0,2.0,0.0,1.0,2.0,2.0,2.0,0.0,0.0,9.0,0.0,8.0,3.0,15,6.0,1.0,15,3.0,1.0,2.0,6,4.0,5.0,11,14,5.0,11,14,34,12,10,24,10,5.0,6.0,10,6.0,2,1.0,4,23,16,11,28,21,7,5.0,13,3,8.0,7,2.0,1.0,7.0,9,2.0,8.0,16,6,6.0,17,7,0.0,7,4,4.0,1.0,12,12,3.0,12.0,24,29,11,6,27,19,6.0,12,6,15,6,8.0,22,28,13,14,32,2.0,0.0,0.0,0.0,3.0,3.0,1.0,4.0,6.0,7.0,3.0,3.0,0.0,1.0,1.0,0.0,1.0,1.0,3.0,4.0,2.0,5.0,1.0,2.0,1.0,0.0,0.0
bacteria_staphylococcus_chunk_8,bacteria_staphylococcus.fasta,8,bacteria,19,12,10.0,29,19,9,6.0,13,4.0,7,2.0,12.0,30,20,13,25,12,7.0,4,18,11,2.0,11.0,10.0,4.0,3.0,8,11.0,3.0,4.0,7,5.0,7.0,1.0,4,2,2.0,7.0,5.0,1.0,3.0,4.0,7.0,2.0,9,32,16,5,15,18,7,6,18,10.0,9,0.0,8,21,9.0,13,31,10.0,12,6,14,2,7.0,7.0,5.0,3.0,5,3.0,5.0,15.0,15.0,2.0,20,7.0,5.0,5.0,10,3.0,3.0,0.0,1.0,8.0,5.0,14.0,7.0,7.0,1.0,6,3.0,5.0,2.0,2.0,1.0,1.0,2.0,6.0,13,21,4.0,5.0,8,5.0,4.0,3.0,6.0,5.0,4.0,6,15.0,8.0,27,10,6.0,4.0,11,3.0,3.0,3.0,0.0,0.0,10,5.0,5,11,6,1.0,0.0,5,8.0,2.0,1.0,5.0,3,5,14,8.0,1.0,0.0,2.0,3.0,0.0,3.0,1.0,1.0,1.0,0.0,2.0,3.0,3.0,2.0,5,2.0,2.0,6,7.0,4.0,9.0,5,0.0,3.0,1,5,7.0,5,16,31,17,5,33,12,7.0,7.0,4,7.0,6,4.0,5,13,9,7,18,17,8,7.0,19,7,9.0,6,5.0,2.0,7.0,16,5.0,21.0,11,4,2.0,19,4,4.0,12,3,3.0,0.0,6,7,6.0,4.0,9,28,8,10,18,21,11.0,9,19,15,7,4.0,13,32,29,13,44,7.0,1.0,6.0,3.0,5.0,0.0,3.0,6.0,8.0,5.0,1.0,3.0,2.0,1.0,4.0,0.0,1.0,4.0,7.0,2.0,3.0,4.0,3.0,2.0,3.0,5.0,0.0
bacteria_staphylococcus_chunk_9,bacteria_staphylococcus.fasta,9,bacteria,44,15,21.0,32,17,5,2.0,14,29.0,11,6.0,14.0,13,15,15,39,19,11.0,5,11,9,4.0,4.0,4.0,2.0,1.0,4,6.0,7.0,10.0,11,29.0,1.0,7.0,19,13,2.0,9.0,7.0,0.0,5.0,7.0,2.0,6.0,12,25,12,8,17,13,9,7,7,12.0,11,6.0,11,31,13.0,15,30,22.0,7,11,15,11,8.0,5.0,6.0,9.0,4,1.0,4.0,11.0,5.0,10.0,12,10.0,7.0,5.0,6,4.0,2.0,1.0,1.0,3.0,0.0,3.0,5.0,3.0,4.0,6,0.0,2.0,2.0,1.0,0.0,1.0,4.0,4.0,2,10,3.0,1.0,10,8.0,1.0,1.0,8.0,0.0,6.0,7,1.0,6.0,13,28,2.0,21.0,13,4.0,0.0,5.0,5.0,6.0,19,3.0,7,13,13,5.0,2.0,7,0.0,2.0,0.0,3.0,6,5,9,8.0,1.0,2.0,6.0,2.0,2.0,1.0,3.0,2.0,2.0,0.0,4.0,2.0,7.0,2.0,7,5.0,5.0,6,4.0,2.0,2.0,9,5.0,7.0,6,12,4.0,3,10,19,14,7,22,16,2.0,3.0,14,13.0,5,5.0,3,19,13,8,25,13,7,6.0,14,11,3.0,7,0.0,2.0,5.0,9,1.0,4.0,22,2,5.0,11,12,1.0,8,6,3.0,4.0,9,8,2.0,11.0,13,20,15,12,32,15,5.0,4,5,11,6,9.0,11,29,11,13,22,1.0,2.0,3.0,0.0,1.0,3.0,1.0,2.0,2.0,1.0,2.0,5.0,1.0,1.0,0.0,2.0,2.0,2.0,1.0,3.0,0.0,1.0,1.0,2.0,2.0,1.0,1.0
bacteria_staphylococcus_chunk_10,bacteria_staphylococcus.fasta,10,bacteria,30,10,23.0,33,18,4,10.0,15,22.0,6,7.0,15.0,18,16,17,29,18,3.0,7,9,10,3.0,2.0,8.0,5.0,2.0,7,11.0,0.0,4.0,10,20.0,6.0,3.0,15,12,3.0,5.0,3.0,2.0,11.0,11.0,5.0,7.0,14,15,4,8,37,21,5,11,6,28.0,8,6.0,13,21,14.0,16,26,21.0,17,8,12,6,3.0,4.0,2.0,5.0,4,6.0,5.0,11.0,5.0,6.0,12,8.0,3.0,1.0,11,3.0,0.0,0.0,2.0,4.0,3.0,3.0,10.0,4.0,2.0,4,1.0,3.0,0.0,0.0,1.0,5.0,9.0,4.0,5,12,3.0,3.0,5,2.0,0.0,0.0,7.0,4.0,2.0,8,1.0,2.0,10,23,9.0,9.0,19,2.0,4.0,5.0,4.0,5.0,14,7.0,13,11,8,6.0,5.0,5,1.0,3.0,0.0,7.0,5,4,3,3.0,4.0,2.0,7.0,3.0,0.0,3.0,0.0,3.0,2.0,2.0,9.0,2.0,10.0,6.0,14,7.0,9.0,11,6.0,4.0,3.0,8,4.0,10.0,4,13,3.0,10,8,22,11,10,15,8,8.0,2.0,4,13.0,7,2.0,12,21,15,19,25,24,3,7.0,9,8,7.0,6,3.0,4.0,5.0,3,2.0,5.0,27,3,8.0,19,8,3.0,5,10,4.0,4.0,9,12,4.0,6.0,9,17,8,14,27,14,5.0,5,4,14,5,7.0,12,24,10,10,17,1.0,0.0,2.0,0.0,3.0,3.0,2.0,1.0,5.0,6.0,1.0,3.0,2.0,0.0,2.0,2.0,2.0,0.0,3.0,2.0,1.0,1.0,3.0,2.0,1.0,1.0,2.0
bacteria_staphylococcus_chunk_11,bacteria_staphylococcus.fasta,11,bacteria,23,8,17.0,35,14,5,7.0,4,19.0,10,9.0,18.0,10,8,27,34,21,7.0,5,10,5,3.0,4.0,4.0,5.0,2.0,14,6.0,3.0,4.0,4,20.0,5.0,4.0,17,4,5.0,5.0,6.0,0.0,13.0,7.0,2.0,8.0,15,9,7,8,17,14,4,8,1,27.0,9,12.0,18,26,8.0,23,28,19.0,5,13,14,9,3.0,7.0,1.0,11.0,1,7.0,4.0,5.0,7.0,4.0,14,6.0,0.0,7.0,4,4.0,0.0,0.0,1.0,3.0,6.0,2.0,8.0,2.0,1.0,5,2.0,1.0,3.0,1.0,1.0,4.0,5.0,9.0,8,9,1.0,0.0,5,0.0,1.0,2.0,8.0,6.0,4.0,5,5.0,1.0,3,22,11.0,19.0,16,2.0,6.0,4.0,2.0,2.0,15,6.0,22,16,5,7.0,6.0,6,2.0,5.0,4.0,3.0,4,7,6,5.0,4.0,1.0,9.0,4.0,0.0,2.0,3.0,1.0,0.0,2.0,12.0,5.0,10.0,7.0,10,9.0,3.0,14,14.0,3.0,0.0,14,8.0,5.0,7,13,7.0,17,11,19,6,7,14,10,4.0,9.0,6,12.0,3,5.0,8,12,6,13,21,19,6,4.0,10,6,3.0,3,1.0,3.0,12.0,2,0.0,2.0,35,9,3.0,28,14,4.0,8,9,5.0,2.0,15,12,4.0,8.0,18,18,12,17,16,11,2.0,7,6,26,11,8.0,13,19,6,17,11,2.0,3.0,2.0,0.0,2.0,8.0,1.0,4.0,10.0,2.0,1.0,4.0,2.0,2.0,1.0,0.0,3.0,0.0,5.0,6.0,3.0,1.0,2.0,2.0,0.0,1.0,0.0
bacteria_staphylococcus_chunk_12,bacteria_staphylococcus.fasta,12,bacteria,31,9,13.0,30,16,12,7.0,10,5.0,6,5.0,9.0,34,14,19,30,16,13.0,6,6,17,2.0,11.0,3.0,3.0,1.0,5,13.0,4.0,8.0,14,2.0,2.0,2.0,4,14,0.0,10.0,2.0,2.0,3.0,3.0,3.0,3.0,9,33,13,5,25,14,13,6,9,7.0,10,6.0,18,29,10.0,11,23,15.0,10,4,26,12,13.0,1.0,11.0,0.0,15,2.0,2.0,12.0,10.0,6.0,17,11.0,6.0,3.0,18,2.0,1.0,0.0,2.0,12.0,7.0,6.0,2.0,2.0,0.0,7,4.0,6.0,1.0,2.0,0.0,1.0,0.0,2.0,5,19,10.0,6.0,16,4.0,3.0,6.0,7.0,2.0,11.0,6,12.0,7.0,17,6,3.0,0.0,6,1.0,6.0,2.0,1.0,1.0,8,1.0,5,9,15,8.0,6.0,7,3.0,2.0,0.0,0.0,13,4,11,4.0,1.0,0.0,2.0,8.0,0.0,2.0,3.0,0.0,1.0,1.0,5.0,3.0,1.0,3.0,5,3.0,0.0,9,5.0,5.0,5.0,2,4.0,1.0,3,11,4.0,13,10,31,23,8,35,11,8.0,3.0,12,3.0,5,3.0,6,21,17,11,17,13,10,4.0,14,12,10.0,4,7.0,3.0,2.0,13,5.0,11.0,7,5,3.0,10,10,1.0,12,4,6.0,0.0,7,9,10.0,5.0,21,40,8,6,16,18,8.0,4,13,9,10,8.0,13,24,17,9,18,3.0,4.0,5.0,3.0,2.0,1.0,1.0,3.0,2.0,1.0,1.0,4.0,0.0,2.0,2.0,0.0,3.0,1.0,4.0,4.0,3.0,2.0,1.0,4.0,3.0,4.0,0.0
bacteria_staphylococcus_chunk_13,bacteria_staphylococcus.fasta,13,bacteria,20,11,11.0,20,13,4,5.0,16,8.0,13,2.0,9.0,25,16,8,28,12,5.0,4,13,11,2.0,6.0,4.0,4.0,0.0,7,8.0,6.0,8.0,27,7.0,5.0,1.0,7,7,1.0,12.0,3.0,1.0,3.0,4.0,2.0,4.0,12,28,9,7,19,18,8,7,20,12.0,6,2.0,6,23,11.0,14,27,12.0,5,4,22,4,5.0,4.0,13.0,3.0,6,2.0,5.0,12.0,11.0,4.0,18,10.0,4.0,3.0,11,2.0,3.0,0.0,0.0,5.0,1.0,9.0,4.0,4.0,0.0,3,3.0,3.0,2.0,1.0,0.0,2.0,2.0,7.0,10,17,11.0,2.0,10,5.0,4.0,7.0,6.0,5.0,6.0,11,13.0,9.0,29,5,5.0,3.0,13,4.0,8.0,3.0,1.0,2.0,10,4.0,3,9,10,7.0,1.0,7,3.0,1.0,1.0,3.0,12,3,8,3.0,2.0,1.0,3.0,4.0,0.0,0.0,0.0,1.0,0.0,1.0,5.0,3.0,3.0,1.0,5,5.0,5.0,7,5.0,2.0,10.0,6,3.0,2.0,5,9,4.0,9,13,25,17,14,22,12,8.0,4.0,12,6.0,4,4.0,6,16,22,11,20,11,10,8.0,14,11,6.0,3,5.0,4.0,10.0,15,10.0,18.0,12,8,4.0,13,11,1.0,9,3,2.0,1.0,6,11,7.0,8.0,12,28,11,6,33,15,4.0,9,15,13,14,3.0,21,35,15,19,38,4.0,1.0,0.0,2.0,3.0,1.0,6.0,4.0,5.0,2.0,0.0,6.0,1.0,2.0,0.0,0.0,2.0,0.0,9.0,5.0,5.0,5.0,3.0,2.0,1.0,3.0,1.0
bacteria_staphylococcus_chunk_14,bacteria_staphylococcus.fasta,14,bacteria,25,11,16.0,26,12,6,13.0,9,6.0,7,5.0,14.0,24,18,11,25,17,7.0,3,16,11,2.0,6.0,4.0,5.0,2.0,9,9.0,5.0,5.0,10,9.0,2.0,0.0,5,8,5.0,4.0,2.0,0.0,2.0,8.0,4.0,7.0,8,17,12,5,21,27,7,12,10,8.0,5,6.0,17,24,12.0,20,31,15.0,8,7,18,9,10.0,2.0,6.0,5.0,8,0.0,4.0,15.0,17.0,5.0,26,5.0,4.0,3.0,11,1.0,3.0,0.0,3.0,7.0,5.0,6.0,9.0,4.0,1.0,3,8.0,3.0,1.0,2.0,0.0,5.0,6.0,3.0,7,6,6.0,2.0,14,4.0,5.0,6.0,9.0,2.0,1.0,6,6.0,8.0,17,13,7.0,5.0,10,1.0,1.0,2.0,0.0,2.0,3,4.0,5,10,7,7.0,4.0,11,3.0,6.0,2.0,4.0,5,2,8,4.0,1.0,1.0,4.0,4.0,2.0,5.0,1.0,1.0,1.0,2.0,3.0,3.0,4.0,5.0,12,3.0,1.0,10,7.0,1.0,8.0,5,6.0,2.0,6,12,5.0,10,15,25,14,4,24,12,4.0,3.0,13,3.0,4,4.0,7,13,17,15,25,19,9,7.0,25,4,8.0,6,8.0,4.0,2.0,7,11.0,13.0,13,7,2.0,11,9,1.0,7,6,4.0,4.0,6,9,8.0,6.0,22,32,11,10,25,22,5.0,1,11,11,7,10.0,21,36,16,11,21,2.0,5.0,1.0,1.0,4.0,2.0,3.0,4.0,10.0,2.0,0.0,7.0,2.0,1.0,1.0,1.0,2.0,2.0,4.0,5.0,3.0,2.0,2.0,2.0,0.0,2.0,2.0
bacteria_staphylococcus_chunk_15,bacteria_staphylococcus.fasta,15,bacteria,3,9,7.0,19,8,9,1.0,8,4.0,6,3.0,4.0,26,16,20,27,14,6.0,4,5,18,4.0,9.0,6.0,1.0,2.0,6,4.0,1.0,11.0,13,2.0,3.0,0.0,6,8,4.0,8.0,5.0,2.0,1.0,0.0,7.0,5.0,6,18,10,8,23,22,7,5,14,16.0,10,5.0,11,18,10.0,20,35,12.0,8,3,27,5,12.0,5.0,8.0,4.0,10,2.0,6.0,14.0,13.0,9.0,21,14.0,7.0,7.0,18,6.0,3.0,3.0,3.0,2.0,5.0,8.0,3.0,5.0,2.0,7,4.0,5.0,1.0,4.0,1.0,2.0,3.0,6.0,7,14,7.0,3.0,6,3.0,3.0,7.0,6.0,4.0,8.0,6,16.0,5.0,17,6,4.0,4.0,9,5.0,2.0,3.0,1.0,0.0,10,2.0,11,14,6,8.0,6.0,11,3.0,3.0,1.0,8.0,11,10,9,6.0,0.0,0.0,5.0,4.0,2.0,2.0,3.0,2.0,1.0,0.0,3.0,2.0,4.0,2.0,2,5.0,3.0,5,7.0,8.0,3.0,3,7.0,0.0,8,7,1.0,14,11,17,5,3,34,7,12.0,7.0,11,0.0,7,3.0,8,9,17,3,21,16,9,4.0,23,10,3.0,2,6.0,2.0,2.0,13,8.0,14.0,12,10,3.0,19,15,9.0,20,3,5.0,0.0,8,9,4.0,6.0,18,25,15,4,16,20,5.0,3,16,19,20,7.0,10,29,17,17,20,4.0,1.0,10.0,4.0,4.0,3.0,4.0,13.0,9.0,2.0,1.0,8.0,4.0,1.0,4.0,0.0,1.0,6.0,5.0,6.0,2.0,2.0,1.0,7.0,6.0,5.0,4.0
bacteria_staphylococcus_chunk_16,bacteria_staphylococcus.fasta,16,bacteria,34,14,26.0,34,16,4,11.0,9,30.0,15,6.0,15.0,23,14,18,32,21,2.0,4,12,4,3.0,3.0,5.0,1.0,3.0,7,3.0,1.0,6.0,10,28.0,9.0,5.0,19,13,6.0,11.0,3.0,3.0,5.0,9.0,0.0,11.0,8,19,10,10,28,21,5,7,6,25.0,9,16.0,5,38,14.0,17,20,25.0,8,12,16,4,1.0,2.0,3.0,5.0,5,3.0,4.0,9.0,7.0,4.0,16,13.0,2.0,1.0,1,2.0,0.0,0.0,2.0,0.0,3.0,0.0,5.0,3.0,3.0,7,6.0,3.0,3.0,1.0,0.0,1.0,8.0,3.0,6,8,1.0,1.0,7,1.0,2.0,0.0,9.0,3.0,2.0,7,2.0,7.0,7,28,9.0,17.0,17,1.0,5.0,6.0,4.0,4.0,19,6.0,18,18,9,3.0,6.0,9,0.0,5.0,2.0,7.0,9,6,11,9.0,1.0,1.0,8.0,1.0,0.0,4.0,5.0,3.0,1.0,1.0,6.0,2.0,5.0,4.0,9,4.0,5.0,9,3.0,0.0,1.0,14,5.0,2.0,4,8,1.0,8,7,21,9,11,20,11,6.0,3.0,3,19.0,8,3.0,5,16,12,15,23,18,3,6.0,14,5,0.0,6,5.0,0.0,5.0,5,0.0,2.0,29,2,6.0,27,7,7.0,9,10,6.0,2.0,10,4,2.0,5.0,6,25,8,19,22,16,2.0,4,2,16,9,7.0,6,21,7,6,20,2.0,2.0,3.0,0.0,0.0,4.0,0.0,3.0,8.0,1.0,1.0,5.0,0.0,0.0,5.0,1.0,3.0,1.0,2.0,3.0,0.0,0.0,2.0,2.0,2.0,1.0,0.0
bacteria_staphylococcus_chunk_17,bacteria_staphylococcus.fasta,17,bacteria,37,14,25.0,33,21,4,9.0,7,27.0,10,11.0,13.0,12,15,15,30,19,6.0,13,11,9,1.0,7.0,7.0,2.0,4.0,6,11.0,2.0,5.0,12,30.0,5.0,5.0,12,13,5.0,9.0,8.0,5.0,9.0,13.0,3.0,5.0,12,11,9,6,19,14,6,7,5,16.0,6,16.0,6,30,11.0,16,19,17.0,10,8,18,10,5.0,5.0,5.0,8.0,5,6.0,5.0,8.0,8.0,2.0,12,7.0,5.0,4.0,5,0.0,0.0,3.0,2.0,1.0,4.0,3.0,8.0,1.0,4.0,8,3.0,3.0,3.0,2.0,0.0,5.0,3.0,2.0,7,7,2.0,3.0,8,4.0,0.0,1.0,11.0,4.0,3.0,9,7.0,6.0,7,27,10.0,25.0,12,5.0,6.0,3.0,4.0,5.0,15,3.0,10,13,10,6.0,5.0,6,0.0,9.0,0.0,3.0,6,8,5,12.0,4.0,3.0,3.0,6.0,2.0,4.0,5.0,3.0,1.0,5.0,9.0,3.0,15.0,6.0,6,7.0,8.0,12,3.0,1.0,2.0,14,5.0,4.0,8,13,5.0,8,6,28,7,3,9,8,4.0,3.0,11,14.0,9,5.0,10,10,6,17,21,17,8,2.0,8,7,1.0,5,3.0,3.0,4.0,2,1.0,9.0,24,13,6.0,18,5,5.0,4,8,9.0,4.0,14,8,2.0,8.0,7,23,8,21,15,14,4.0,4,7,20,2,11.0,8,15,6,11,6,1.0,5.0,1.0,0.0,1.0,3.0,0.0,2.0,10.0,2.0,6.0,4.0,0.0,1.0,3.0,3.0,4.0,3.0,3.0,1.0,0.0,0.0,1.0,1.0,2.0,0.0,0.0
bacteria_staphylococcus_chunk_18,bacteria_staphylococcus.fasta,18,bacteria,32,9,29.0,36,10,4,6.0,9,17.0,13,21.0,10.0,17,16,20,32,13,6.0,5,8,10,2.0,3.0,8.0,1.0,2.0,2,6.0,2.0,9.0,4,18.0,4.0,6.0,12,18,5.0,7.0,10.0,4.0,15.0,9.0,2.0,8.0,15,13,8,8,21,21,7,7,2,16.0,11,12.0,13,29,8.0,26,20,14.0,9,8,12,6,7.0,2.0,3.0,6.0,8,8.0,6.0,7.0,10.0,6.0,19,9.0,3.0,4.0,4,5.0,1.0,1.0,2.0,1.0,6.0,1.0,8.0,4.0,4.0,9,2.0,2.0,1.0,0.0,1.0,3.0,3.0,2.0,5,7,2.0,4.0,7,3.0,0.0,2.0,7.0,3.0,7.0,1,4.0,2.0,11,24,3.0,18.0,15,0.0,3.0,2.0,5.0,7.0,14,5.0,14,14,11,3.0,13.0,15,1.0,6.0,1.0,3.0,6,4,10,12.0,2.0,5.0,9.0,5.0,0.0,4.0,6.0,6.0,0.0,2.0,17.0,0.0,6.0,4.0,21,1.0,14.0,6,6.0,0.0,4.0,9,3.0,2.0,3,9,3.0,11,9,36,8,6,22,6,5.0,2.0,6,15.0,7,4.0,11,12,6,12,18,10,6,6.0,15,4,5.0,6,2.0,1.0,3.0,7,0.0,4.0,22,6,2.0,16,17,1.0,7,11,8.0,3.0,7,13,9.0,3.0,8,31,8,11,14,7,4.0,2,7,14,13,12.0,10,25,5,10,9,3.0,7.0,1.0,0.0,0.0,0.0,0.0,6.0,10.0,3.0,3.0,5.0,0.0,5.0,3.0,2.0,3.0,2.0,4.0,8.0,0.0,1.0,3.0,1.0,2.0,0.0,0.0
bacteria_staphylococcus_chunk_19,bacteria_staphylococcus.fasta,19,bacteria,65,20,17.0,48,13,3,8.0,16,22.0,4,5.0,8.0,35,19,18,33,12,4.0,5,13,6,2.0,5.0,9.0,1.0,0.0,2,10.0,3.0,6.0,20,28.0,6.0,6.0,14,4,3.0,9.0,6.0,1.0,5.0,6.0,5.0,4.0,6,26,19,17,17,12,8,6,6,24.0,7,9.0,13,24,15.0,12,25,26.0,7,1,14,2,2.0,1.0,8.0,5.0,3,4.0,4.0,8.0,6.0,7.0,10,10.0,2.0,4.0,4,1.0,0.0,1.0,3.0,7.0,2.0,5.0,12.0,2.0,4.0,5,1.0,1.0,1.0,0.0,0.0,2.0,8.0,1.0,1,8,2.0,4.0,12,9.0,3.0,1.0,5.0,3.0,7.0,14,9.0,2.0,11,25,7.0,14.0,18,3.0,4.0,10.0,5.0,3.0,17,2.0,12,9,4,3.0,3.0,4,3.0,4.0,0.0,1.0,4,4,4,6.0,1.0,3.0,3.0,3.0,1.0,1.0,4.0,2.0,0.0,3.0,4.0,3.0,1.0,8.0,4,3.0,6.0,12,4.0,3.0,3.0,6,2.0,3.0,2,8,5.0,3,12,34,6,7,25,13,7.0,2.0,11,17.0,7,4.0,6,19,5,16,24,22,4,4.0,10,7,6.0,9,3.0,2.0,7.0,5,4.0,7.0,18,6,6.0,18,6,1.0,2,4,7.0,4.0,6,7,2.0,5.0,13,34,9,7,23,15,5.0,10,11,13,2,6.0,5,27,12,9,20,3.0,2.0,1.0,0.0,2.0,3.0,1.0,2.0,7.0,1.0,1.0,6.0,0.0,1.0,1.0,0.0,1.0,1.0,5.0,4.0,3.0,3.0,1.0,2.0,4.0,3.0,1.0
bacteria_staphylococcus_chunk_20,bacteria_staphylococcus.fasta,20,bacteria,2,3,0.0,3,6,2,0.0,14,2.0,2,0.0,0.0,9,5,4,24,2,1.0,2,9,3,2.0,4.0,0.0,1.0,0.0,5,5.0,0.0,8.0,16,0.0,0.0,0.0,2,16,6.0,18.0,0.0,0.0,2.0,8.0,2.0,1.0,14,2,5,1,7,25,3,3,21,0.0,2,2.0,5,18,5.0,25,41,0.0,8,1,15,4,3.0,0.0,3.0,0.0,20,2.0,14.0,0.0,24.0,1.0,32,0.0,2.0,2.0,3,1.0,8.0,0.0,2.0,0.0,3.0,3.0,1.0,0.0,0.0,5,6.0,12.0,0.0,1.0,0.0,0.0,4.0,4.0,11,5,8.0,0.0,7,0.0,0.0,2.0,4.0,4.0,20.0,1,26.0,36.0,35,2,2.0,1.0,10,0.0,2.0,0.0,6.0,1.0,3,7.0,1,16,10,1.0,15.0,27,1.0,3.0,1.0,12.0,5,30,46,0.0,0.0,0.0,1.0,2.0,0.0,1.0,3.0,0.0,0.0,0.0,0.0,1.0,3.0,3.0,9,1.0,11.0,10,3.0,1.0,7.0,1,8.0,1.0,8,7,7.0,31,27,4,9,2,14,4,4.0,6.0,10,0.0,17,0.0,10,3,16,3,17,12,6,17.0,18,4,1.0,2,10.0,0.0,3.0,10,2.0,33.0,14,2,7.0,19,29,9.0,47,1,5.0,0.0,5,19,7.0,11.0,44,13,10,15,15,25,6.0,9,27,37,50,4.0,48,27,29,47,61,4.0,0.0,0.0,0.0,1.0,3.0,0.0,25.0,0.0,0.0,0.0,0.0,0.0,4.0,1.0,0.0,3.0,5.0,12.0,0.0,0.0,0.0,1.0,0.0,0.0,0.0,0.0
bacteria_staphylococcus_chunk_21,bacteria_staphylococcus.fasta,21,bacteria,43,17,33.0,48,18,5,7.0,9,24.0,8,8.0,19.0,34,15,20,29,18,0.0,6,12,6,2.0,0.0,5.0,4.0,3.0,2,5.0,4.0,8.0,11,26.0,3.0,6.0,16,9,5.0,2.0,4.0,4.0,5.0,15.0,4.0,7.0,7,32,12,15,23,12,1,7,6,17.0,7,17.0,13,36,0.0,19,35,24.0,6,5,17,3,1.0,0.0,2.0,6.0,1,3.0,3.0,6.0,5.0,8.0,17,5.0,1.0,2.0,6,1.0,0.0,1.0,1.0,3.0,1.0,2.0,3.0,2.0,0.0,7,2.0,3.0,3.0,0.0,2.0,1.0,3.0,1.0,3,6,3.0,1.0,7,3.0,2.0,0.0,1.0,2.0,5.0,7,2.0,6.0,8,33,6.0,13.0,13,1.0,7.0,6.0,0.0,4.0,21,4.0,10,13,13,1.0,5.0,8,2.0,2.0,1.0,4.0,6,1,7,13.0,3.0,3.0,5.0,9.0,0.0,1.0,3.0,4.0,0.0,2.0,8.0,2.0,8.0,3.0,13,7.0,8.0,12,3.0,2.0,1.0,13,1.0,6.0,3,9,5.0,4,6,41,10,8,20,11,3.0,5.0,10,15.0,9,6.0,7,21,2,16,31,16,4,0.0,10,1,4.0,4,4.0,1.0,2.0,3,2.0,3.0,23,6,3.0,20,7,2.0,6,13,7.0,0.0,13,15,0.0,6.0,11,28,7,13,28,12,1.0,1,2,21,6,8.0,11,24,9,16,24,2.0,6.0,3.0,0.0,4.0,2.0,1.0,3.0,4.0,2.0,2.0,4.0,1.0,1.0,2.0,2.0,1.0,0.0,1.0,2.0,0.0,0.0,1.0,2.0,0.0,0.0,0.0
bacteria_staphylococcus_chunk_22,bacteria_staphylococcus.fasta,22,bacteria,27,13,27.0,18,12,7,19.0,8,29.0,9,3.0,13.0,12,11,11,29,15,8.0,8,18,17,5.0,3.0,11.0,2.0,4.0,15,2.0,1.0,4.0,5,28.0,6.0,8.0,19,10,2.0,4.0,1.0,2.0,7.0,11.0,3.0,3.0,14,11,9,5,18,17,3,5,6,25.0,6,9.0,11,35,9.0,23,39,12.0,9,9,15,9,7.0,7.0,1.0,10.0,4,2.0,4.0,7.0,7.0,9.0,28,13.0,5.0,3.0,10,4.0,3.0,0.0,1.0,1.0,3.0,2.0,11.0,6.0,1.0,11,3.0,0.0,2.0,1.0,2.0,1.0,5.0,5.0,8,5,0.0,0.0,5,2.0,1.0,2.0,8.0,2.0,2.0,6,0.0,3.0,5,28,14.0,13.0,15,4.0,1.0,10.0,3.0,3.0,14,2.0,20,19,4,7.0,5.0,7,1.0,10.0,0.0,5.0,3,3,3,1.0,1.0,3.0,3.0,5.0,2.0,5.0,0.0,1.0,4.0,2.0,12.0,2.0,4.0,5.0,8,6.0,4.0,18,8.0,1.0,2.0,10,4.0,2.0,3,6,4.0,15,10,18,10,5,16,19,8.0,2.0,2,12.0,2,3.0,11,10,11,11,30,13,4,4.0,16,6,2.0,4,2.0,2.0,5.0,4,3.0,4.0,30,5,7.0,22,5,6.0,5,4,6.0,3.0,13,8,5.0,4.0,8,25,16,19,21,9,5.0,3,3,21,11,13.0,9,34,7,13,16,2.0,1.0,0.0,0.0,2.0,8.0,0.0,0.0,9.0,4.0,3.0,8.0,0.0,2.0,1.0,2.0,4.0,1.0,2.0,5.0,1.0,1.0,3.0,1.0,0.0,0.0,0.0
bacteria_staphylococcus_chunk_23,bacteria_staphylococcus.fasta,23,bacteria,21,8,11.0,21,11,12,2.0,6,5.0,6,4.0,11.0,16,16,14,29,10,5.0,4,10,19,2.0,15.0,1.0,2.0,1.0,7,3.0,2.0,3.0,7,8.0,1.0,1.0,4,1,2.0,7.0,2.0,1.0,7.0,10.0,4.0,2.0,12,18,9,7,13,14,13,8,16,9.0,6,5.0,12,28,13.0,15,39,6.0,9,4,15,4,12.0,3.0,3.0,3.0,2,4.0,6.0,10.0,12.0,9.0,22,9.0,8.0,4.0,16,0.0,2.0,2.0,4.0,5.0,4.0,10.0,0.0,4.0,0.0,1,4.0,5.0,0.0,2.0,0.0,3.0,5.0,2.0,12,12,5.0,3.0,7,2.0,0.0,8.0,4.0,2.0,7.0,11,9.0,11.0,26,9,5.0,5.0,8,4.0,2.0,3.0,0.0,2.0,7,4.0,3,14,6,1.0,2.0,4,1.0,1.0,1.0,2.0,7,3,12,3.0,1.0,0.0,5.0,3.0,0.0,1.0,5.0,0.0,1.0,1.0,7.0,1.0,6.0,5.0,10,8.0,5.0,12,9.0,0.0,10.0,4,2.0,4.0,5,13,7.0,7,19,25,9,6,31,11,11.0,6.0,4,3.0,5,4.0,9,14,19,6,30,9,8,5.0,23,12,6.0,3,2.0,1.0,8.0,12,8.0,28.0,16,3,4.0,18,5,4.0,6,7,4.0,1.0,8,13,13.0,5.0,17,31,10,6,37,20,5.0,5,22,24,6,9.0,24,32,23,30,39,3.0,2.0,2.0,1.0,0.0,2.0,6.0,5.0,3.0,0.0,0.0,4.0,1.0,0.0,5.0,0.0,1.0,3.0,8.0,3.0,2.0,5.0,2.0,3.0,1.0,3.0,3.0
bacteria_staphylococcus_chunk_24,bacteria_staphylococcus.fasta,24,bacteria,12,12,2.0,30,16,12,8.0,14,3.0,5,1.0,4.0,24,15,14,36,10,5.0,4,11,13,5.0,6.0,4.0,4.0,1.0,13,7.0,4.0,6.0,16,6.0,0.0,0.0,4,2,2.0,10.0,0.0,0.0,7.0,5.0,3.0,2.0,5,25,10,4,21,20,6,7,21,7.0,9,6.0,11,19,18.0,12,34,12.0,15,2,20,5,7.0,7.0,5.0,2.0,4,7.0,4.0,18.0,15.0,1.0,18,10.0,5.0,3.0,15,1.0,3.0,1.0,5.0,5.0,2.0,6.0,5.0,2.0,1.0,7,4.0,2.0,0.0,2.0,0.0,0.0,6.0,4.0,11,20,4.0,4.0,10,7.0,0.0,12.0,4.0,6.0,4.0,10,15.0,14.0,22,5,8.0,3.0,9,0.0,1.0,1.0,2.0,0.0,4,4.0,8,10,8,4.0,5.0,7,1.0,1.0,0.0,4.0,9,5,14,5.0,0.0,1.0,3.0,3.0,1.0,1.0,4.0,1.0,0.0,2.0,5.0,4.0,4.0,3.0,9,6.0,1.0,9,6.0,7.0,4.0,3,5.0,3.0,5,8,6.0,5,12,27,15,6,30,6,10.0,5.0,13,4.0,6,2.0,7,14,20,10,19,21,10,5.0,19,14,4.0,9,2.0,0.0,2.0,17,11.0,25.0,9,4,1.0,12,15,2.0,14,8,4.0,3.0,7,9,6.0,7.0,12,24,14,10,23,22,8.0,6,24,12,11,7.0,14,34,21,13,34,3.0,3.0,1.0,1.0,3.0,3.0,1.0,7.0,3.0,2.0,0.0,5.0,1.0,1.0,3.0,0.0,0.0,3.0,8.0,1.0,4.0,2.0,3.0,5.0,3.0,1.0,1.0
bacteria_staphylococcus_chunk_25,bacteria_staphylococcus.fasta,25,bacteria,43,11,17.0,37,15,2,5.0,12,17.0,7,5.0,15.0,33,13,21,43,19,6.0,5,10,5,0.0,2.0,3.0,1.0,1.0,5,11.0,3.0,5.0,14,20.0,3.0,12.0,11,10,5.0,8.0,8.0,1.0,4.0,15.0,4.0,8.0,11,31,6,18,34,10,1,4,11,20.0,5,11.0,9,39,13.0,14,35,14.0,10,9,19,9,2.0,2.0,5.0,6.0,3,3.0,6.0,5.0,1.0,4.0,12,7.0,1.0,2.0,1,0.0,0.0,0.0,1.0,1.0,1.0,2.0,7.0,1.0,1.0,5,1.0,0.0,0.0,2.0,0.0,1.0,3.0,2.0,4,4,4.0,2.0,14,3.0,0.0,1.0,4.0,5.0,4.0,13,2.0,2.0,12,19,3.0,9.0,15,1.0,3.0,8.0,6.0,5.0,17,2.0,8,13,7,4.0,7.0,7,1.0,5.0,2.0,1.0,3,4,2,4.0,2.0,2.0,6.0,7.0,0.0,0.0,0.0,2.0,0.0,3.0,7.0,5.0,3.0,6.0,10,4.0,6.0,14,8.0,3.0,6.0,4,4.0,3.0,7,15,2.0,5,8,32,10,9,38,9,2.0,2.0,13,15.0,8,4.0,12,34,10,12,34,19,7,4.0,4,5,1.0,6,0.0,0.0,5.0,9,0.0,11.0,15,6,8.0,18,7,3.0,2,4,2.0,4.0,13,9,8.0,4.0,9,44,12,13,28,13,2.0,5,7,19,3,4.0,10,30,10,15,34,1.0,3.0,0.0,0.0,0.0,3.0,0.0,2.0,7.0,1.0,4.0,1.0,0.0,1.0,0.0,0.0,2.0,0.0,5.0,2.0,0.0,0.0,0.0,0.0,1.0,0.0,0.0
bacteria_staphylococcus_chunk_26,bacteria_staphylococcus.fasta,26,bacteria,2,6,7.0,6,6,14,10.0,4,2.0,10,5.0,4.0,6,8,3,7,4,6.0,9,7,9,7.0,21.0,8.0,9.0,11.0,4,9.0,12.0,8.0,8,5.0,5.0,9.0,2,4,6.0,14.0,7.0,4.0,5.0,4.0,7.0,7.0,8,3,3,2,5,13,10,7,3,4.0,3,3.0,4,5,11.0,3,15,8.0,9,5,7,9,15.0,9.0,14.0,4.0,10,6.0,10.0,1.0,12.0,4.0,10,11.0,12.0,6.0,10,7.0,5.0,7.0,7.0,14.0,12.0,26.0,3.0,8.0,7.0,7,5.0,13.0,8.0,7.0,11.0,13.0,4.0,6.0,8,9,14.0,7.0,14,13.0,10.0,9.0,7.0,8.0,9.0,19,16.0,6.0,15,3,7.0,2.0,7,9.0,9.0,8.0,6.0,7.0,2,3.0,3,8,2,7.0,6.0,4,15.0,2.0,7.0,3.0,12,4,13,7.0,7.0,4.0,3.0,7.0,5.0,4.0,10.0,3.0,9.0,9.0,10.0,8.0,5.0,10.0,8,7.0,4.0,2,7.0,7.0,11.0,2,7.0,4.0,5,10,9.0,3,10,8,12,7,4,7,10.0,10.0,10,7.0,7,7.0,5,4,9,4,9,12,22,9.0,6,16,12.0,8,14.0,14.0,6.0,9,12.0,9.0,4,5,6.0,4,3,6.0,7,3,3.0,6.0,7,3,10.0,4.0,6,11,13,13,5,16,11.0,19,15,6,4,4.0,5,8,25,7,11,9.0,7.0,10.0,10.0,14.0,2.0,17.0,8.0,4.0,3.0,5.0,4.0,10.0,5.0,5.0,5.0,6.0,7.0,8.0,6.0,14.0,10.0,1.0,11.0,15.0,10.0,7.0
bacteria_staphylococcus_chunk_27,bacteria_staphylococcus.fasta,27,bacteria,33,14,16.0,24,17,10,6.0,6,15.0,10,8.0,11.0,25,13,11,18,15,13.0,5,13,7,5.0,10.0,3.0,5.0,2.0,12,5.0,7.0,8.0,12,5.0,5.0,5.0,11,6,4.0,9.0,3.0,0.0,7.0,8.0,6.0,2.0,12,23,9,6,26,15,5,8,5,15.0,10,7.0,5,23,13.0,12,23,15.0,9,10,13,12,7.0,4.0,8.0,3.0,5,5.0,5.0,16.0,3.0,4.0,19,9.0,3.0,2.0,8,3.0,2.0,0.0,3.0,9.0,5.0,6.0,4.0,4.0,2.0,4,4.0,6.0,1.0,2.0,0.0,5.0,5.0,7.0,11,11,8.0,3.0,8,5.0,0.0,8.0,6.0,7.0,11.0,14,9.0,5.0,10,12,4.0,11.0,12,2.0,5.0,1.0,2.0,3.0,6,5.0,12,8,8,5.0,4.0,8,6.0,5.0,2.0,3.0,7,12,11,4.0,1.0,0.0,5.0,5.0,0.0,5.0,6.0,0.0,1.0,1.0,6.0,1.0,7.0,5.0,9,5.0,2.0,7,6.0,3.0,3.0,5,5.0,2.0,2,10,11.0,11,13,27,12,7,18,10,6.0,8.0,13,7.0,4,0.0,9,17,12,10,26,15,10,7.0,13,12,4.0,3,4.0,4.0,8.0,9,4.0,9.0,26,8,0.0,11,10,2.0,11,6,9.0,2.0,6,4,4.0,2.0,17,21,15,9,24,19,10.0,5,10,18,7,7.0,9,22,11,13,31,2.0,4.0,2.0,3.0,2.0,3.0,3.0,5.0,7.0,4.0,1.0,1.0,0.0,0.0,2.0,0.0,6.0,2.0,4.0,3.0,3.0,3.0,1.0,3.0,2.0,3.0,1.0
bacteria_staphylococcus_chunk_28,bacteria_staphylococcus.fasta,28,bacteria,29,11,8.0,31,22,5,4.0,7,15.0,9,5.0,15.0,28,10,16,23,20,4.0,6,19,7,2.0,4.0,3.0,3.0,4.0,11,12.0,1.0,4.0,12,19.0,7.0,2.0,17,8,6.0,6.0,0.0,3.0,7.0,10.0,7.0,5.0,6,20,14,4,28,18,2,9,9,18.0,15,9.0,10,32,9.0,12,28,13.0,10,11,17,7,4.0,3.0,3.0,8.0,6,3.0,5.0,11.0,5.0,8.0,16,7.0,1.0,4.0,5,1.0,1.0,0.0,1.0,1.0,5.0,3.0,2.0,4.0,2.0,10,1.0,4.0,2.0,2.0,0.0,4.0,7.0,3.0,11,8,10.0,3.0,5,6.0,0.0,1.0,8.0,2.0,6.0,8,3.0,10.0,9,14,9.0,16.0,11,2.0,8.0,4.0,3.0,2.0,10,6.0,12,20,6,5.0,6.0,5,1.0,5.0,1.0,8.0,8,8,6,1.0,1.0,1.0,8.0,3.0,2.0,1.0,4.0,3.0,0.0,3.0,7.0,2.0,6.0,5.0,10,5.0,9.0,8,8.0,3.0,2.0,8,4.0,2.0,7,13,2.0,6,13,23,8,9,18,14,5.0,13.0,10,18.0,6,2.0,6,17,17,16,22,18,7,6.0,11,4,2.0,9,1.0,3.0,6.0,5,2.0,9.0,28,5,7.0,13,10,8.0,11,6,5.0,3.0,6,8,6.0,5.0,12,20,13,16,31,10,1.0,5,8,19,6,7.0,8,27,11,12,18,4.0,3.0,1.0,1.0,1.0,5.0,0.0,5.0,6.0,1.0,3.0,5.0,1.0,1.0,3.0,0.0,5.0,0.0,4.0,1.0,3.0,1.0,2.0,3.0,3.0,0.0,0.0
bacteria_staphylococcus_chunk_29,bacteria_staphylococcus.fasta,29,bacteria,58,18,30.0,38,18,3,6.0,12,32.0,16,4.0,13.0,24,20,24,23,24,12.0,9,17,6,1.0,6.0,5.0,8.0,1.0,3,10.0,3.0,7.0,6,30.0,9.0,7.0,10,15,5.0,9.0,7.0,2.0,2.0,8.0,9.0,6.0,9,24,17,9,19,18,3,5,8,25.0,7,9.0,8,28,11.0,11,23,30.0,10,9,16,8,7.0,1.0,5.0,9.0,1,2.0,5.0,14.0,4.0,9.0,16,5.0,3.0,2.0,5,3.0,1.0,0.0,0.0,4.0,3.0,4.0,7.0,4.0,3.0,8,3.0,6.0,2.0,4.0,0.0,0.0,2.0,2.0,4,11,8.0,10.0,7,1.0,3.0,2.0,7.0,1.0,8.0,4,5.0,2.0,7,26,6.0,20.0,13,0.0,3.0,8.0,4.0,3.0,15,4.0,7,13,11,3.0,3.0,11,1.0,7.0,2.0,5.0,12,5,3,5.0,2.0,4.0,4.0,6.0,1.0,4.0,2.0,1.0,1.0,1.0,3.0,1.0,3.0,0.0,8,3.0,7.0,5,8.0,1.0,4.0,7,3.0,2.0,3,7,3.0,6,3,30,5,6,24,22,4.0,5.0,6,7.0,12,2.0,11,16,6,9,21,25,3,3.0,10,3,1.0,7,1.0,3.0,2.0,10,1.0,5.0,23,7,6.0,17,4,4.0,6,5,6.0,1.0,4,10,4.0,4.0,6,22,9,6,21,14,3.0,2,6,14,4,5.0,5,18,6,9,14,4.0,2.0,3.0,1.0,0.0,2.0,1.0,3.0,14.0,5.0,5.0,3.0,3.0,1.0,1.0,1.0,3.0,2.0,4.0,3.0,3.0,0.0,2.0,1.0,3.0,2.0,0.0
bacteria_staphylococcus_chunk_30,bacteria_staphylococcus.fasta,30,bacteria,8,10,9.0,16,11,10,10.0,13,13.0,3,3.0,13.0,13,9,25,26,5,7.0,4,12,17,5.0,13.0,13.0,3.0,2.0,12,9.0,3.0,9.0,9,17.0,3.0,3.0,7,13,4.0,7.0,4.0,4.0,6.0,9.0,5.0,8.0,15,11,13,7,8,18,1,2,13,12.0,7,7.0,11,14,10.0,17,21,8.0,12,4,12,2,12.0,7.0,5.0,8.0,8,7.0,12.0,11.0,9.0,6.0,14,7.0,7.0,11.0,7,3.0,1.0,0.0,5.0,5.0,7.0,6.0,8.0,4.0,1.0,9,0.0,6.0,1.0,1.0,0.0,0.0,6.0,6.0,7,19,4.0,5.0,2,3.0,1.0,2.0,4.0,5.0,10.0,4,18.0,8.0,20,6,9.0,5.0,18,4.0,4.0,4.0,3.0,4.0,11,7.0,5,15,7,6.0,5.0,9,4.0,1.0,0.0,3.0,7,8,11,4.0,5.0,0.0,5.0,4.0,2.0,0.0,1.0,1.0,2.0,4.0,1.0,7.0,3.0,6.0,18,7.0,4.0,5,14.0,1.0,7.0,11,4.0,0.0,5,10,4.0,12,18,21,12,14,27,5,10.0,12.0,8,6.0,10,3.0,8,4,9,1,7,17,6,15.0,12,3,3.0,5,5.0,0.0,2.0,9,3.0,24.0,9,7,9.0,17,10,4.0,14,8,3.0,3.0,7,18,5.0,6.0,16,26,11,11,6,15,3.0,8,21,15,12,9.0,19,26,15,18,36,0.0,1.0,2.0,1.0,7.0,3.0,5.0,12.0,10.0,1.0,2.0,10.0,1.0,1.0,4.0,0.0,1.0,3.0,7.0,7.0,1.0,3.0,0.0,1.0,2.0,1.0,0.0
bacteria_staphylococcus_chunk_31,bacteria_staphylococcus.fasta,31,bacteria,20,9,10.0,30,6,1,6.0,6,3.0,1,3.0,14.0,40,11,19,22,8,4.0,2,16,6,3.0,5.0,1.0,8.0,1.0,11,8.0,6.0,2.0,13,4.0,4.0,1.0,8,3,0.0,5.0,3.0,1.0,4.0,10.0,4.0,5.0,10,27,23,9,25,18,3,3,21,9.0,8,8.0,10,8,16.0,19,33,9.0,4,5,19,3,7.0,4.0,4.0,5.0,2,2.0,3.0,17.0,16.0,6.0,15,3.0,3.0,5.0,10,1.0,1.0,0.0,3.0,6.0,5.0,10.0,6.0,1.0,0.0,4,6.0,5.0,2.0,0.0,0.0,1.0,6.0,8.0,5,15,7.0,8.0,11,4.0,5.0,13.0,5.0,2.0,5.0,10,14.0,6.0,25,6,1.0,0.0,17,2.0,6.0,0.0,2.0,2.0,9,5.0,7,12,7,4.0,3.0,5,10.0,1.0,1.0,2.0,7,3,7,4.0,2.0,0.0,10.0,4.0,1.0,1.0,2.0,0.0,3.0,1.0,5.0,3.0,0.0,3.0,11,10.0,3.0,7,9.0,4.0,5.0,3,4.0,1.0,4,5,5.0,4,10,34,6,6,26,17,8.0,9.0,13,9.0,5,2.0,10,18,13,3,27,19,7,2.0,23,10,7.0,8,7.0,1.0,6.0,20,11.0,25.0,10,7,6.0,11,6,3.0,9,11,3.0,3.0,5,10,10.0,4.0,6,19,7,6,18,20,8.0,7,27,17,5,11.0,11,27,26,15,47,2.0,2.0,2.0,3.0,5.0,3.0,3.0,8.0,4.0,2.0,3.0,3.0,1.0,1.0,3.0,0.0,7.0,1.0,10.0,7.0,3.0,4.0,3.0,4.0,4.0,0.0,0.0
bacteria_staphylococcus_chunk_32,bacteria_staphylococcus.fasta,32,bacteria,49,20,20.0,31,15,9,3.0,16,22.0,6,6.0,10.0,28,14,18,20,20,10.0,4,16,7,1.0,7.0,3.0,2.0,2.0,7,10.0,9.0,7.0,10,19.0,5.0,6.0,12,8,5.0,4.0,2.0,3.0,7.0,7.0,4.0,4.0,5,28,9,8,27,19,7,5,13,15.0,5,10.0,12,26,12.0,9,24,20.0,10,6,21,7,2.0,5.0,5.0,11.0,3,5.0,4.0,12.0,8.0,7.0,21,10.0,0.0,5.0,5,1.0,0.0,1.0,2.0,8.0,2.0,5.0,5.0,1.0,2.0,4,2.0,3.0,2.0,1.0,1.0,4.0,2.0,3.0,8,11,8.0,2.0,15,8.0,3.0,1.0,8.0,3.0,4.0,8,9.0,2.0,13,22,6.0,11.0,4,4.0,4.0,2.0,3.0,3.0,9,6.0,6,13,7,4.0,3.0,6,2.0,6.0,1.0,2.0,6,4,4,0.0,9.0,0.0,4.0,4.0,1.0,3.0,2.0,5.0,1.0,2.0,6.0,2.0,8.0,5.0,10,5.0,4.0,7,10.0,0.0,4.0,7,4.0,6.0,5,9,8.0,6,5,29,7,7,24,20,5.0,3.0,11,7.0,10,5.0,3,23,16,11,17,20,5,11.0,21,7,2.0,2,3.0,4.0,4.0,12,3.0,13.0,19,4,1.0,14,6,2.0,6,4,3.0,4.0,8,11,7.0,8.0,10,18,17,11,18,20,4.0,3,13,8,4,0.0,15,21,11,10,24,5.0,5.0,5.0,2.0,1.0,2.0,2.0,1.0,8.0,3.0,1.0,1.0,2.0,2.0,2.0,2.0,2.0,1.0,3.0,0.0,5.0,1.0,1.0,6.0,1.0,3.0,0.0
bacteria_staphylococcus_chunk_33,bacteria_staphylococcus.fasta,33,bacteria,32,12,12.0,30,15,9,8.0,11,7.0,7,4.0,15.0,29,11,20,34,9,6.0,5,12,11,5.0,13.0,6.0,6.0,4.0,2,9.0,3.0,7.0,10,11.0,3.0,2.0,8,5,5.0,6.0,1.0,0.0,4.0,5.0,6.0,7.0,13,34,11,7,21,15,8,7,9,8.0,8,5.0,17,28,2.0,12,32,13.0,8,5,22,6,11.0,1.0,3.0,8.0,6,1.0,6.0,17.0,10.0,2.0,17,11.0,6.0,4.0,7,2.0,2.0,1.0,1.0,6.0,7.0,9.0,3.0,3.0,1.0,7,7.0,6.0,2.0,0.0,1.0,4.0,3.0,2.0,6,16,5.0,5.0,11,6.0,0.0,4.0,5.0,3.0,9.0,10,8.0,6.0,15,9,6.0,5.0,12,4.0,4.0,1.0,1.0,4.0,8,4.0,5,10,15,3.0,7.0,4,2.0,2.0,1.0,6.0,10,6,11,5.0,2.0,1.0,0.0,4.0,0.0,1.0,2.0,1.0,2.0,1.0,5.0,4.0,0.0,5.0,8,4.0,2.0,7,10.0,5.0,5.0,5,3.0,2.0,5,12,7.0,7,12,32,17,11,30,11,9.0,7.0,11,8.0,5,1.0,6,19,14,11,13,13,6,5.0,23,10,8.0,4,8.0,1.0,3.0,12,2.0,9.0,13,2,2.0,12,13,3.0,15,4,4.0,3.0,5,8,12.0,7.0,14,32,18,6,18,16,7.0,5,10,11,12,6.0,9,25,21,13,31,3.0,1.0,6.0,2.0,3.0,1.0,1.0,8.0,0.0,2.0,0.0,1.0,3.0,0.0,2.0,0.0,4.0,1.0,5.0,0.0,3.0,4.0,2.0,4.0,2.0,2.0,0.0
bacteria_staphylococcus_chunk_34,bacteria_staphylococcus.fasta,34,bacteria,28,20,13.0,28,20,8,3.0,14,8.0,13,3.0,11.0,20,12,16,28,21,8.0,6,15,9,2.0,6.0,2.0,4.0,0.0,3,7.0,7.0,5.0,14,11.0,2.0,0.0,8,16,2.0,8.0,2.0,2.0,4.0,9.0,5.0,2.0,14,22,7,6,24,18,5,7,9,17.0,16,6.0,13,31,9.0,11,35,17.0,12,12,18,11,5.0,3.0,10.0,3.0,8,2.0,7.0,9.0,14.0,7.0,25,9.0,7.0,5.0,6,3.0,1.0,1.0,1.0,7.0,4.0,7.0,2.0,2.0,1.0,6,8.0,2.0,2.0,3.0,1.0,0.0,3.0,1.0,7,9,2.0,8.0,9,4.0,2.0,5.0,7.0,3.0,7.0,7,10.0,6.0,15,16,2.0,5.0,9,1.0,4.0,1.0,2.0,0.0,8,1.0,13,13,9,6.0,6.0,18,5.0,1.0,2.0,3.0,4,6,8,5.0,2.0,1.0,1.0,4.0,3.0,2.0,1.0,2.0,1.0,1.0,4.0,5.0,3.0,1.0,8,7.0,2.0,11,4.0,2.0,8.0,2,3.0,1.0,4,10,5.0,10,9,28,11,5,21,13,5.0,2.0,5,9.0,3,5.0,12,22,12,16,20,20,8,3.0,16,5,6.0,5,5.0,3.0,4.0,10,3.0,9.0,14,6,2.0,20,11,4.0,8,3,3.0,1.0,8,12,4.0,5.0,12,26,9,13,26,21,9.0,7,8,16,9,5.0,9,26,21,12,23,0.0,3.0,6.0,4.0,2.0,0.0,1.0,5.0,6.0,1.0,1.0,7.0,2.0,1.0,2.0,0.0,1.0,3.0,7.0,10.0,2.0,1.0,0.0,3.0,1.0,3.0,0.0
bacteria_staphylococcus_chunk_35,bacteria_staphylococcus.fasta,35,bacteria,55,12,24.0,38,17,2,4.0,8,15.0,5,12.0,19.0,16,18,16,31,15,5.0,14,9,7,1.0,4.0,4.0,2.0,1.0,3,8.0,4.0,1.0,10,15.0,4.0,5.0,10,10,4.0,3.0,5.0,0.0,15.0,10.0,7.0,13.0,16,23,11,1,18,15,5,6,2,14.0,11,9.0,5,32,16.0,15,34,17.0,5,10,11,3,5.0,0.0,5.0,4.0,9,5.0,15.0,7.0,3.0,5.0,18,3.0,2.0,5.0,5,1.0,0.0,2.0,1.0,6.0,2.0,3.0,7.0,3.0,0.0,4,2.0,5.0,2.0,2.0,0.0,4.0,4.0,2.0,5,13,2.0,5.0,12,4.0,2.0,1.0,4.0,2.0,4.0,11,3.0,8.0,8,21,7.0,8.0,5,0.0,3.0,4.0,2.0,1.0,16,1.0,9,6,10,2.0,9.0,6,2.0,3.0,2.0,3.0,10,8,8,6.0,4.0,1.0,3.0,2.0,1.0,3.0,8.0,1.0,2.0,3.0,5.0,4.0,13.0,8.0,12,0.0,4.0,9,4.0,3.0,8.0,8,9.0,5.0,8,15,3.0,5,14,36,7,9,27,15,5.0,1.0,7,10.0,2,4.0,11,14,6,9,43,15,4,5.0,13,5,5.0,6,2.0,3.0,6.0,8,1.0,9.0,13,5,2.0,15,13,4.0,12,6,8.0,6.0,8,6,5.0,2.0,8,31,15,17,33,14,4.0,6,10,9,9,12.0,4,38,12,6,22,1.0,2.0,1.0,0.0,0.0,2.0,1.0,4.0,8.0,5.0,1.0,2.0,0.0,2.0,3.0,3.0,3.0,1.0,3.0,4.0,1.0,1.0,0.0,0.0,2.0,2.0,0.0
bacteria_staphylococcus_chunk_36,bacteria_staphylococcus.fasta,36,bacteria,31,19,20.0,35,14,7,5.0,8,15.0,6,4.0,19.0,20,10,22,34,16,2.0,7,10,4,4.0,7.0,3.0,1.0,3.0,5,5.0,1.0,3.0,6,13.0,3.0,3.0,14,12,2.0,0.0,3.0,3.0,5.0,11.0,3.0,8.0,16,24,6,6,29,18,3,7,3,27.0,12,17.0,13,32,11.0,23,30,18.0,7,8,15,4,1.0,0.0,1.0,9.0,4,2.0,4.0,8.0,7.0,8.0,14,6.0,0.0,1.0,5,2.0,2.0,1.0,4.0,4.0,1.0,6.0,6.0,1.0,3.0,3,2.0,1.0,3.0,1.0,0.0,0.0,6.0,2.0,3,3,1.0,2.0,12,1.0,1.0,4.0,5.0,6.0,3.0,4,3.0,5.0,11,18,1.0,14.0,19,3.0,2.0,3.0,5.0,6.0,14,5.0,13,18,13,2.0,4.0,11,2.0,3.0,0.0,4.0,1,7,6,8.0,2.0,1.0,7.0,1.0,1.0,4.0,5.0,5.0,2.0,0.0,4.0,2.0,8.0,8.0,13,5.0,2.0,11,5.0,1.0,2.0,13,3.0,5.0,9,19,3.0,6,14,39,7,2,17,10,6.0,5.0,4,6.0,3,6.0,9,23,9,25,30,13,2,7.0,11,4,2.0,5,1.0,0.0,6.0,8,3.0,5.0,25,8,7.0,26,15,0.0,9,7,7.0,4.0,17,10,3.0,6.0,15,25,13,14,35,9,4.0,2,11,21,11,7.0,9,32,9,14,24,4.0,1.0,1.0,0.0,0.0,8.0,0.0,1.0,7.0,2.0,0.0,3.0,2.0,1.0,0.0,1.0,2.0,2.0,4.0,3.0,1.0,1.0,1.0,2.0,1.0,0.0,2.0
bacteria_staphylococcus_chunk_37,bacteria_staphylococcus.fasta,37,bacteria,29,17,11.0,22,12,9,3.0,11,5.0,4,3.0,15.0,31,7,20,26,14,3.0,8,10,9,4.0,13.0,6.0,3.0,0.0,8,9.0,8.0,3.0,11,8.0,1.0,3.0,7,10,1.0,5.0,3.0,0.0,5.0,12.0,5.0,7.0,9,21,15,9,19,15,7,3,13,8.0,9,5.0,13,22,10.0,15,31,14.0,7,2,22,9,6.0,7.0,7.0,4.0,4,2.0,7.0,10.0,13.0,3.0,19,8.0,8.0,2.0,10,1.0,0.0,1.0,4.0,7.0,5.0,10.0,3.0,4.0,2.0,5,3.0,1.0,0.0,3.0,0.0,0.0,5.0,3.0,13,19,5.0,4.0,7,5.0,1.0,10.0,6.0,1.0,2.0,4,12.0,9.0,22,6,3.0,4.0,10,5.0,3.0,2.0,3.0,1.0,10,2.0,7,12,10,8.0,0.0,7,4.0,3.0,1.0,2.0,6,3,8,4.0,1.0,0.0,2.0,5.0,1.0,2.0,1.0,0.0,0.0,0.0,7.0,1.0,1.0,4.0,11,3.0,8.0,13,7.0,2.0,4.0,2,5.0,2.0,7,5,11.0,6,19,30,8,10,30,12,11.0,5.0,10,8.0,8,3.0,10,14,16,5,21,13,10,7.0,18,8,6.0,4,2.0,1.0,10.0,13,6.0,18.0,8,6,2.0,17,7,3.0,12,4,5.0,0.0,8,11,6.0,5.0,15,27,15,8,17,21,3.0,11,16,17,8,9.0,15,36,18,19,34,3.0,1.0,6.0,1.0,1.0,3.0,4.0,8.0,2.0,2.0,1.0,5.0,3.0,1.0,2.0,0.0,2.0,1.0,6.0,8.0,3.0,4.0,2.0,5.0,2.0,1.0,0.0
bacteria_staphylococcus_chunk_38,bacteria_staphylococcus.fasta,38,bacteria,18,11,6.0,27,13,4,6.0,14,3.0,7,1.0,7.0,30,16,15,21,12,4.0,3,12,9,1.0,13.0,4.0,1.0,1.0,5,17.0,4.0,6.0,9,4.0,2.0,1.0,11,9,5.0,5.0,1.0,0.0,1.0,3.0,6.0,4.0,5,27,10,9,32,20,7,5,21,14.0,11,5.0,10,22,15.0,16,32,10.0,12,1,19,6,5.0,2.0,6.0,9.0,6,1.0,5.0,15.0,12.0,8.0,19,11.0,3.0,5.0,7,3.0,1.0,2.0,1.0,7.0,5.0,8.0,3.0,3.0,1.0,6,3.0,4.0,1.0,2.0,0.0,5.0,8.0,3.0,7,18,7.0,1.0,18,9.0,3.0,4.0,3.0,3.0,12.0,6,9.0,10.0,17,6,6.0,3.0,3,7.0,4.0,3.0,1.0,0.0,10,3.0,9,19,10,3.0,4.0,8,2.0,2.0,2.0,7.0,5,5,6,1.0,0.0,0.0,7.0,1.0,4.0,4.0,2.0,0.0,0.0,0.0,1.0,1.0,3.0,7.0,7,6.0,1.0,9,3.0,4.0,5.0,3,3.0,3.0,3,8,13.0,7,9,28,8,8,34,7,10.0,3.0,12,3.0,7,3.0,6,23,22,8,26,9,9,9.0,27,7,4.0,4,5.0,3.0,7.0,15,7.0,19.0,10,11,2.0,17,12,2.0,8,6,6.0,0.0,6,11,6.0,3.0,18,26,9,8,19,22,7.0,7,18,20,8,7.0,13,26,17,15,35,2.0,3.0,4.0,3.0,0.0,2.0,2.0,5.0,5.0,0.0,0.0,6.0,2.0,1.0,1.0,0.0,4.0,4.0,7.0,5.0,5.0,4.0,1.0,3.0,3.0,5.0,1.0
bacteria_staphylococcus_chunk_39,bacteria_staphylococcus.fasta,39,bacteria,29,12,15.0,27,20,4,9.0,7,11.0,8,12.0,19.0,18,10,22,15,15,8.0,13,21,9,6.0,3.0,9.0,2.0,2.0,10,4.0,3.0,2.0,7,9.0,9.0,5.0,14,10,2.0,5.0,8.0,1.0,8.0,19.0,4.0,10.0,18,12,16,6,24,16,3,10,7,21.0,9,12.0,14,32,3.0,20,34,13.0,11,11,11,8,5.0,1.0,1.0,10.0,4,4.0,12.0,12.0,5.0,10.0,19,5.0,1.0,7.0,5,6.0,1.0,0.0,3.0,2.0,1.0,3.0,8.0,3.0,1.0,11,4.0,1.0,2.0,2.0,0.0,1.0,9.0,3.0,5,4,4.0,2.0,6,2.0,1.0,2.0,2.0,2.0,2.0,8,1.0,3.0,5,18,8.0,14.0,11,4.0,2.0,7.0,2.0,4.0,13,8.0,14,19,13,4.0,6.0,4,3.0,0.0,3.0,2.0,4,3,3,8.0,6.0,3.0,6.0,3.0,1.0,1.0,1.0,3.0,0.0,3.0,14.0,1.0,6.0,3.0,20,10.0,10.0,16,8.0,1.0,2.0,12,2.0,5.0,5,11,6.0,14,3,23,9,10,17,16,8.0,9.0,6,8.0,4,2.0,16,15,13,10,36,13,2,4.0,16,3,0.0,8,4.0,0.0,6.0,6,0.0,4.0,26,5,6.0,23,10,2.0,4,10,1.0,5.0,12,14,8.0,4.0,8,23,9,12,28,9,2.0,2,1,25,7,9.0,13,21,4,17,11,1.0,3.0,3.0,0.0,2.0,4.0,0.0,2.0,13.0,4.0,2.0,3.0,0.0,2.0,1.0,5.0,5.0,1.0,2.0,4.0,1.0,1.0,1.0,3.0,1.0,2.0,1.0
bacteria_staphylococcus_chunk_40,bacteria_staphylococcus.fasta,40,bacteria,43,12,26.0,29,15,6,7.0,11,19.0,11,7.0,11.0,20,13,15,33,18,7.0,3,11,7,0.0,8.0,8.0,2.0,1.0,5,11.0,4.0,7.0,9,11.0,7.0,2.0,19,6,6.0,6.0,3.0,1.0,9.0,7.0,3.0,5.0,14,29,10,5,24,13,3,7,1,26.0,6,10.0,14,32,12.0,16,24,13.0,8,10,14,8,1.0,1.0,8.0,8.0,3,0.0,3.0,11.0,2.0,14.0,17,3.0,2.0,2.0,10,0.0,1.0,1.0,2.0,7.0,7.0,3.0,3.0,3.0,2.0,5,6.0,8.0,2.0,0.0,0.0,4.0,4.0,1.0,5,12,6.0,1.0,8,3.0,1.0,2.0,4.0,2.0,1.0,5,4.0,6.0,16,21,4.0,5.0,11,4.0,2.0,3.0,1.0,5.0,12,2.0,13,13,6,2.0,4.0,14,4.0,2.0,3.0,0.0,8,1,11,6.0,0.0,3.0,0.0,2.0,0.0,2.0,3.0,1.0,1.0,1.0,5.0,8.0,4.0,6.0,11,3.0,4.0,12,6.0,2.0,4.0,4,0.0,1.0,9,15,8.0,6,14,33,15,7,27,9,6.0,5.0,10,9.0,7,4.0,10,25,7,14,20,18,7,5.0,9,7,2.0,3,7.0,1.0,5.0,1,0.0,8.0,21,6,6.0,16,12,6.0,5,3,4.0,2.0,9,14,2.0,3.0,18,30,11,20,22,17,6.0,6,4,15,9,5.0,13,31,9,14,22,4.0,2.0,1.0,4.0,5.0,2.0,2.0,10.0,7.0,3.0,4.0,2.0,3.0,1.0,9.0,0.0,2.0,3.0,2.0,2.0,5.0,2.0,0.0,2.0,2.0,1.0,0.0
bacteria_staphylococcus_chunk_41,bacteria_staphylococcus.fasta,41,bacteria,43,13,22.0,29,15,5,4.0,14,12.0,6,6.0,14.0,21,16,12,32,17,8.0,4,14,9,3.0,4.0,1.0,5.0,0.0,2,12.0,6.0,5.0,11,12.0,4.0,2.0,10,6,1.0,5.0,4.0,4.0,3.0,6.0,3.0,3.0,11,19,14,4,25,21,5,7,20,5.0,3,7.0,16,24,15.0,7,40,19.0,5,6,12,6,3.0,1.0,7.0,3.0,3,3.0,3.0,18.0,15.0,6.0,22,4.0,2.0,2.0,13,1.0,2.0,1.0,1.0,4.0,4.0,8.0,2.0,2.0,2.0,2,5.0,2.0,1.0,0.0,0.0,1.0,3.0,1.0,3,18,6.0,3.0,14,4.0,1.0,2.0,5.0,4.0,5.0,8,11.0,6.0,27,16,5.0,3.0,10,1.0,2.0,4.0,1.0,1.0,7,2.0,6,7,7,3.0,1.0,11,2.0,0.0,0.0,3.0,4,1,8,7.0,2.0,0.0,4.0,2.0,0.0,1.0,3.0,3.0,1.0,2.0,6.0,3.0,2.0,3.0,5,5.0,4.0,9,1.0,1.0,7.0,4,2.0,2.0,3,12,6.0,5,13,29,15,7,30,15,8.0,3.0,11,9.0,2,2.0,5,17,20,7,25,14,4,5.0,23,9,8.0,6,4.0,1.0,4.0,21,2.0,25.0,13,2,3.0,6,9,0.0,4,5,3.0,2.0,8,8,3.0,3.0,19,39,12,7,21,20,9.0,6,31,10,5,5.0,9,35,34,11,57,0.0,2.0,2.0,0.0,3.0,3.0,3.0,8.0,7.0,0.0,1.0,1.0,3.0,2.0,0.0,0.0,1.0,0.0,12.0,5.0,3.0,1.0,1.0,1.0,1.0,1.0,0.0
bacteria_staphylococcus_chunk_42,bacteria_staphylococcus.fasta,42,bacteria,30,8,18.0,29,17,3,13.0,5,24.0,15,15.0,14.0,14,19,17,28,16,2.0,7,12,5,4.0,5.0,7.0,6.0,3.0,12,0.0,1.0,6.0,6,20.0,8.0,3.0,13,11,10.0,8.0,1.0,4.0,14.0,11.0,0.0,11.0,9,14,10,7,15,17,6,11,4,29.0,8,9.0,12,26,10.0,26,21,13.0,11,10,15,6,3.0,2.0,1.0,7.0,6,2.0,5.0,9.0,5.0,8.0,15,7.0,1.0,2.0,2,3.0,0.0,0.0,4.0,4.0,5.0,3.0,9.0,3.0,4.0,8,7.0,1.0,1.0,0.0,1.0,5.0,7.0,6.0,10,12,0.0,2.0,4,1.0,1.0,2.0,17.0,1.0,2.0,4,4.0,2.0,4,22,10.0,21.0,16,2.0,2.0,2.0,4.0,3.0,14,7.0,19,18,11,4.0,4.0,12,3.0,7.0,3.0,6.0,9,7,2,5.0,1.0,0.0,3.0,7.0,1.0,2.0,2.0,4.0,0.0,3.0,16.0,4.0,8.0,4.0,19,4.0,5.0,15,6.0,0.0,1.0,15,4.0,4.0,6,14,9.0,7,5,20,9,19,18,5,6.0,7.0,5,11.0,6,1.0,9,9,7,14,22,15,5,7.0,11,3,5.0,7,5.0,1.0,9.0,5,1.0,3.0,35,7,8.0,34,6,4.0,8,3,7.0,2.0,10,9,3.0,2.0,12,21,9,13,18,14,3.0,4,5,23,8,8.0,6,17,3,10,12,2.0,5.0,1.0,0.0,3.0,8.0,0.0,1.0,9.0,6.0,6.0,3.0,1.0,2.0,4.0,0.0,6.0,1.0,3.0,3.0,0.0,1.0,4.0,0.0,1.0,0.0,0.0
bacteria_staphylococcus_chunk_43,bacteria_staphylococcus.fasta,43,bacteria,30,10,14.0,22,13,3,9.0,9,11.0,6,4.0,13.0,23,15,19,22,12,6.0,2,19,6,2.0,6.0,6.0,5.0,2.0,7,15.0,5.0,8.0,14,11.0,5.0,3.0,7,8,2.0,2.0,5.0,6.0,1.0,12.0,0.0,6.0,9,28,13,11,22,14,4,9,10,11.0,9,4.0,13,23,13.0,15,22,8.0,5,7,19,5,5.0,2.0,12.0,7.0,3,2.0,2.0,16.0,8.0,6.0,19,7.0,5.0,3.0,5,2.0,3.0,0.0,1.0,3.0,7.0,9.0,4.0,5.0,1.0,6,4.0,4.0,0.0,2.0,0.0,1.0,4.0,4.0,9,10,9.0,2.0,9,7.0,1.0,2.0,3.0,1.0,11.0,6,13.0,9.0,21,10,4.0,4.0,8,1.0,6.0,2.0,2.0,3.0,8,2.0,4,15,10,5.0,5.0,6,7.0,0.0,1.0,2.0,5,3,10,3.0,3.0,3.0,2.0,6.0,1.0,0.0,3.0,2.0,1.0,4.0,4.0,2.0,1.0,3.0,21,2.0,3.0,9,4.0,1.0,3.0,6,4.0,5.0,5,14,6.0,11,9,28,15,9,30,13,6.0,4.0,15,6.0,5,4.0,9,27,12,8,17,10,8,4.0,19,6,5.0,8,4.0,0.0,11.0,7,3.0,16.0,8,7,3.0,14,9,1.0,11,4,6.0,1.0,4,15,4.0,9.0,19,23,14,8,24,16,3.0,11,16,12,12,5.0,18,26,14,12,44,4.0,1.0,3.0,3.0,4.0,4.0,4.0,8.0,8.0,5.0,3.0,5.0,6.0,3.0,0.0,3.0,2.0,0.0,5.0,12.0,4.0,3.0,0.0,1.0,3.0,1.0,1.0
bacteria_staphylococcus_chunk_44,bacteria_staphylococcus.fasta,44,bacteria,44,13,16.0,29,11,5,3.0,11,16.0,8,5.0,16.0,25,12,15,39,15,2.0,5,8,4,1.0,6.0,6.0,0.0,0.0,5,5.0,4.0,2.0,11,13.0,2.0,3.0,13,8,6.0,5.0,5.0,3.0,7.0,5.0,7.0,8.0,13,28,8,11,32,18,4,4,9,17.0,6,8.0,11,38,14.0,19,41,13.0,4,6,14,6,2.0,2.0,1.0,3.0,6,1.0,3.0,10.0,7.0,9.0,20,2.0,0.0,2.0,4,1.0,1.0,0.0,0.0,5.0,0.0,5.0,5.0,2.0,0.0,7,2.0,2.0,0.0,1.0,1.0,1.0,5.0,0.0,7,8,2.0,4.0,8,5.0,3.0,3.0,4.0,2.0,0.0,9,9.0,4.0,14,9,4.0,14.0,11,1.0,2.0,5.0,1.0,0.0,16,3.0,9,19,6,2.0,0.0,15,0.0,1.0,3.0,3.0,4,3,5,5.0,2.0,2.0,7.0,5.0,0.0,0.0,1.0,3.0,1.0,4.0,8.0,1.0,3.0,5.0,9,4.0,3.0,12,7.0,1.0,3.0,6,4.0,3.0,4,10,4.0,8,16,36,9,9,37,9,3.0,5.0,8,7.0,5,5.0,14,28,13,9,34,14,7,6.0,19,1,6.0,7,1.0,0.0,5.0,8,1.0,15.0,15,2,7.0,20,8,3.0,8,8,2.0,4.0,5,10,3.0,5.0,13,46,11,13,32,15,2.0,6,12,17,10,6.0,16,45,8,18,42,1.0,2.0,1.0,0.0,0.0,1.0,1.0,2.0,4.0,1.0,6.0,2.0,2.0,0.0,2.0,3.0,0.0,0.0,3.0,3.0,1.0,3.0,0.0,0.0,4.0,1.0,1.0
bacteria_staphylococcus_chunk_45,bacteria_staphylococcus.fasta,45,bacteria,52,8,18.0,53,12,3,6.0,8,16.0,4,6.0,16.0,28,18,18,35,17,0.0,2,8,7,4.0,0.0,4.0,2.0,3.0,5,4.0,0.0,7.0,9,21.0,3.0,4.0,12,3,2.0,2.0,5.0,2.0,8.0,8.0,4.0,7.0,10,18,7,9,29,21,3,7,9,20.0,10,13.0,13,27,13.0,22,41,24.0,8,11,10,2,3.0,1.0,1.0,3.0,2,1.0,3.0,4.0,5.0,5.0,23,7.0,1.0,2.0,10,0.0,1.0,2.0,3.0,1.0,0.0,1.0,2.0,1.0,1.0,7,5.0,3.0,4.0,2.0,0.0,2.0,6.0,1.0,6,12,0.0,5.0,4,0.0,1.0,2.0,5.0,5.0,3.0,5,1.0,3.0,15,21,6.0,7.0,13,2.0,5.0,5.0,0.0,4.0,12,7.0,19,17,9,4.0,2.0,4,2.0,3.0,1.0,1.0,5,4,9,6.0,3.0,4.0,10.0,6.0,1.0,2.0,5.0,1.0,4.0,1.0,7.0,2.0,9.0,6.0,12,6.0,2.0,11,5.0,1.0,4.0,5,3.0,6.0,5,14,6.0,5,9,34,7,6,23,9,3.0,6.0,6,16.0,3,7.0,6,19,10,14,28,20,2,3.0,15,7,0.0,4,5.0,2.0,5.0,11,1.0,5.0,18,5,3.0,26,5,2.0,9,13,6.0,4.0,14,10,4.0,2.0,12,28,11,16,27,14,5.0,7,7,22,5,13.0,7,35,13,17,32,2.0,2.0,1.0,0.0,1.0,1.0,0.0,3.0,4.0,1.0,3.0,5.0,2.0,0.0,1.0,1.0,1.0,1.0,5.0,5.0,1.0,1.0,0.0,0.0,1.0,1.0,1.0
bacteria_staphylococcus_chunk_46,bacteria_staphylococcus.fasta,46,bacteria,54,12,23.0,37,11,5,8.0,8,19.0,8,12.0,13.0,21,12,27,27,12,4.0,1,16,4,0.0,6.0,3.0,4.0,4.0,4,9.0,2.0,3.0,8,19.0,5.0,9.0,13,4,3.0,3.0,8.0,5.0,8.0,11.0,3.0,4.0,14,16,8,10,28,12,5,9,1,21.0,11,10.0,19,30,5.0,21,29,20.0,9,4,16,6,1.0,3.0,4.0,1.0,2,3.0,4.0,7.0,4.0,6.0,17,6.0,2.0,2.0,2,0.0,1.0,0.0,0.0,2.0,2.0,4.0,7.0,3.0,2.0,3,6.0,2.0,4.0,1.0,2.0,2.0,3.0,0.0,6,7,2.0,1.0,6,2.0,0.0,1.0,7.0,2.0,4.0,3,4.0,9.0,5,22,8.0,14.0,14,1.0,3.0,10.0,0.0,4.0,17,6.0,17,12,7,6.0,3.0,11,2.0,5.0,4.0,2.0,2,5,7,6.0,4.0,3.0,12.0,7.0,0.0,5.0,3.0,5.0,2.0,3.0,6.0,2.0,11.0,3.0,13,2.0,9.0,11,3.0,0.0,3.0,9,3.0,2.0,12,15,4.0,14,16,30,3,11,19,7,4.0,2.0,7,17.0,3,7.0,11,17,5,11,29,24,2,4.0,5,4,0.0,7,2.0,1.0,5.0,3,0.0,2.0,26,3,6.0,24,10,6.0,6,8,5.0,3.0,9,15,6.0,9.0,26,27,8,18,17,18,0.0,1,4,22,8,11.0,21,22,10,18,18,3.0,7.0,0.0,0.0,2.0,2.0,0.0,1.0,9.0,2.0,6.0,4.0,0.0,0.0,4.0,2.0,5.0,1.0,4.0,1.0,1.0,1.0,1.0,1.0,0.0,0.0,0.0
bacteria_staphylococcus_chunk_47,bacteria_staphylococcus.fasta,47,bacteria,16,12,12.0,26,23,6,6.0,6,8.0,9,4.0,7.0,31,21,24,14,16,10.0,5,21,10,6.0,11.0,7.0,6.0,2.0,6,5.0,6.0,4.0,13,7.0,4.0,2.0,8,10,2.0,4.0,3.0,1.0,3.0,6.0,3.0,5.0,6,33,9,7,18,27,7,14,15,15.0,13,6.0,19,10,8.0,10,17,18.0,11,4,26,10,10.0,9.0,12.0,6.0,2,2.0,6.0,14.0,20.0,14.0,12,6.0,6.0,4.0,8,5.0,2.0,1.0,2.0,10.0,4.0,9.0,1.0,6.0,3.0,8,10.0,7.0,1.0,2.0,2.0,4.0,3.0,5.0,8,16,6.0,4.0,3,9.0,0.0,2.0,4.0,2.0,6.0,6,7.0,10.0,19,6,3.0,4.0,3,2.0,4.0,2.0,1.0,2.0,14,8.0,8,14,16,7.0,2.0,9,2.0,1.0,1.0,2.0,9,4,5,2.0,1.0,0.0,8.0,4.0,0.0,3.0,1.0,3.0,0.0,2.0,3.0,5.0,2.0,6.0,8,9.0,4.0,8,10.0,2.0,6.0,3,3.0,2.0,7,11,4.0,7,13,26,15,8,35,10,14.0,3.0,6,5.0,6,4.0,5,8,14,7,5,21,18,5.0,22,6,7.0,5,6.0,5.0,8.0,5,6.0,15.0,6,7,0.0,20,10,4.0,7,4,3.0,2.0,7,17,8.0,6.0,15,27,9,5,5,20,3.0,6,10,11,5,6.0,14,20,20,9,19,2.0,3.0,3.0,3.0,2.0,2.0,5.0,7.0,9.0,3.0,0.0,5.0,3.0,1.0,6.0,1.0,4.0,2.0,7.0,7.0,6.0,3.0,1.0,5.0,1.0,2.0,1.0
bacteria_staphylococcus_chunk_48,bacteria_staphylococcus.fasta,48,bacteria,85,11,57.0,42,20,10,3.0,10,36.0,13,11.0,14.0,23,24,21,23,29,4.0,4,14,15,3.0,3.0,3.0,0.0,0.0,3,8.0,0.0,7.0,6,25.0,4.0,7.0,19,16,5.0,10.0,6.0,1.0,10.0,10.0,3.0,8.0,11,26,5,11,21,20,5,4,8,25.0,7,7.0,10,20,7.0,16,22,31.0,20,9,18,8,2.0,1.0,0.0,5.0,8,5.0,3.0,9.0,7.0,3.0,15,10.0,2.0,5.0,6,2.0,0.0,3.0,0.0,2.0,3.0,4.0,5.0,2.0,0.0,2,2.0,0.0,1.0,3.0,1.0,0.0,3.0,2.0,5,10,4.0,4.0,5,1.0,0.0,0.0,8.0,4.0,5.0,6,3.0,3.0,4,32,6.0,4.0,14,4.0,2.0,8.0,3.0,2.0,18,4.0,17,9,18,3.0,5.0,8,3.0,2.0,0.0,4.0,7,6,4,7.0,2.0,2.0,6.0,4.0,0.0,2.0,3.0,1.0,0.0,2.0,9.0,3.0,6.0,1.0,10,8.0,8.0,4,8.0,0.0,0.0,7,3.0,2.0,6,15,2.0,9,5,47,6,4,17,13,6.0,0.0,9,6.0,12,2.0,13,13,3,8,18,21,2,7.0,6,4,3.0,2,1.0,2.0,4.0,6,1.0,2.0,19,10,6.0,21,12,0.0,4,9,3.0,1.0,7,7,3.0,3.0,14,28,11,10,12,7,3.0,2,4,16,6,7.0,6,20,4,7,18,5.0,3.0,2.0,0.0,0.0,1.0,1.0,2.0,10.0,2.0,2.0,2.0,1.0,1.0,1.0,0.0,3.0,1.0,3.0,2.0,1.0,1.0,0.0,1.0,0.0,1.0,0.0
bacteria_staphylococcus_chunk_49,bacteria_staphylococcus.fasta,49,bacteria,19,11,8.0,30,14,8,13.0,8,7.0,4,4.0,10.0,12,17,21,19,15,4.0,5,12,10,3.0,5.0,11.0,1.0,2.0,9,5.0,6.0,6.0,8,6.0,0.0,2.0,8,6,2.0,3.0,3.0,0.0,5.0,8.0,4.0,5.0,14,19,12,8,21,14,5,7,19,8.0,8,2.0,18,14,14.0,13,32,16.0,13,4,7,7,4.0,1.0,6.0,3.0,3,1.0,6.0,20.0,13.0,2.0,21,5.0,7.0,2.0,11,1.0,2.0,1.0,3.0,10.0,1.0,7.0,1.0,5.0,2.0,9,4.0,5.0,4.0,3.0,2.0,5.0,6.0,3.0,15,14,3.0,5.0,8,4.0,3.0,4.0,2.0,4.0,11.0,1,9.0,6.0,31,13,4.0,1.0,7,3.0,4.0,1.0,0.0,4.0,12,7.0,6,13,4,1.0,3.0,11,4.0,3.0,3.0,5.0,3,5,11,4.0,3.0,0.0,8.0,2.0,1.0,3.0,1.0,1.0,1.0,0.0,6.0,3.0,4.0,2.0,15,8.0,3.0,8,8.0,4.0,9.0,5,7.0,0.0,5,14,6.0,13,15,20,15,12,25,11,7.0,7.0,7,5.0,8,4.0,11,16,8,7,20,17,6,3.0,22,6,7.0,2,4.0,8.0,12.0,12,6.0,21.0,14,5,1.0,13,7,9.0,10,7,2.0,0.0,5,14,14.0,3.0,17,24,9,12,14,22,8.0,13,16,18,11,8.0,13,30,30,18,27,4.0,1.0,5.0,2.0,1.0,5.0,2.0,4.0,4.0,2.0,0.0,4.0,1.0,1.0,5.0,0.0,3.0,2.0,9.0,4.0,3.0,1.0,2.0,4.0,0.0,4.0,1.0
bacteria_staphylococcus_chunk_50,bacteria_staphylococcus.fasta,50,bacteria,28,7,19.0,34,18,4,7.0,4,13.0,12,14.0,11.0,25,13,20,27,11,5.0,5,20,8,3.0,2.0,8.0,4.0,2.0,9,1.0,1.0,7.0,8,14.0,3.0,3.0,17,14,6.0,6.0,5.0,4.0,14.0,11.0,1.0,8.0,9,30,13,12,20,8,4,7,9,25.0,13,15.0,9,26,9.0,17,28,11.0,8,10,17,5,3.0,2.0,6.0,6.0,5,3.0,6.0,13.0,6.0,10.0,20,5.0,3.0,2.0,6,3.0,1.0,1.0,1.0,2.0,3.0,0.0,4.0,7.0,2.0,7,4.0,2.0,3.0,2.0,0.0,1.0,4.0,1.0,6,9,3.0,4.0,6,3.0,0.0,1.0,7.0,2.0,4.0,5,1.0,8.0,5,16,4.0,18.0,13,2.0,3.0,4.0,5.0,3.0,17,2.0,18,11,21,5.0,9.0,8,2.0,4.0,2.0,2.0,10,2,6,5.0,4.0,6.0,4.0,5.0,1.0,2.0,2.0,3.0,0.0,6.0,7.0,4.0,11.0,11.0,11,2.0,6.0,13,9.0,0.0,4.0,9,4.0,3.0,7,10,4.0,12,12,33,13,3,21,11,6.0,8.0,4,14.0,5,6.0,9,20,7,14,22,9,3,4.0,15,1,0.0,5,1.0,1.0,2.0,9,1.0,5.0,28,4,3.0,20,20,3.0,10,8,6.0,5.0,12,10,7.0,1.0,12,20,11,12,24,11,1.0,2,6,15,14,11.0,10,26,6,13,24,1.0,2.0,3.0,0.0,3.0,3.0,0.0,4.0,7.0,6.0,2.0,4.0,1.0,0.0,3.0,2.0,0.0,3.0,5.0,2.0,1.0,0.0,0.0,2.0,2.0,1.0,0.0
bacteria_staphylococcus_chunk_51,bacteria_staphylococcus.fasta,51,bacteria,36,20,15.0,45,15,7,5.0,14,10.0,8,3.0,11.0,48,14,16,36,16,9.0,3,10,10,1.0,8.0,3.0,5.0,0.0,2,13.0,4.0,1.0,12,7.0,4.0,1.0,15,8,3.0,8.0,3.0,0.0,5.0,11.0,6.0,5.0,6,42,18,12,35,23,6,5,2,11.0,8,6.0,10,40,12.0,16,27,26.0,11,5,19,4,11.0,1.0,1.0,5.0,4,4.0,6.0,15.0,5.0,2.0,15,18.0,4.0,3.0,6,2.0,1.0,0.0,1.0,7.0,0.0,4.0,5.0,2.0,0.0,4,4.0,3.0,0.0,0.0,0.0,0.0,2.0,1.0,2,19,5.0,5.0,9,5.0,0.0,7.0,2.0,0.0,2.0,9,5.0,5.0,15,11,0.0,3.0,12,2.0,3.0,1.0,1.0,1.0,11,3.0,8,12,8,2.0,4.0,10,1.0,2.0,0.0,2.0,7,3,6,7.0,0.0,0.0,2.0,2.0,1.0,1.0,0.0,0.0,0.0,1.0,3.0,1.0,2.0,5.0,10,1.0,3.0,11,5.0,5.0,2.0,3,1.0,0.0,5,9,0.0,6,12,43,10,9,38,15,5.0,2.0,12,11.0,9,2.0,10,33,14,9,32,19,2,9.0,11,5,4.0,4,3.0,0.0,0.0,11,3.0,12.0,7,5,3.0,13,10,3.0,6,6,2.0,1.0,5,9,4.0,2.0,14,28,10,12,34,8,4.0,2,16,12,10,8.0,12,26,13,15,25,3.0,2.0,9.0,5.0,5.0,0.0,3.0,1.0,4.0,2.0,1.0,7.0,2.0,0.0,3.0,1.0,0.0,3.0,1.0,1.0,5.0,7.0,0.0,6.0,1.0,6.0,0.0
bacteria_staphylococcus_chunk_52,bacteria_staphylococcus.fasta,52,bacteria,21,14,11.0,27,11,2,6.0,11,8.0,5,5.0,11.0,14,14,14,24,8,3.0,5,12,7,0.0,4.0,4.0,2.0,1.0,8,6.0,3.0,4.0,10,3.0,1.0,3.0,11,8,2.0,6.0,3.0,5.0,9.0,5.0,6.0,5.0,12,17,8,7,16,10,5,11,9,8.0,11,12.0,13,31,17.0,17,46,10.0,7,7,15,2,5.0,1.0,4.0,1.0,5,2.0,8.0,12.0,7.0,12.0,22,5.0,3.0,4.0,7,2.0,0.0,1.0,1.0,2.0,0.0,6.0,5.0,1.0,1.0,5,2.0,3.0,3.0,4.0,0.0,4.0,3.0,3.0,9,7,2.0,2.0,10,5.0,3.0,6.0,4.0,0.0,4.0,13,4.0,12.0,15,14,3.0,4.0,1,0.0,1.0,1.0,1.0,1.0,6,0.0,7,25,7,3.0,4.0,13,4.0,2.0,5.0,1.0,8,6,10,5.0,3.0,3.0,7.0,5.0,1.0,3.0,7.0,5.0,2.0,1.0,7.0,5.0,10.0,6.0,9,2.0,4.0,16,9.0,2.0,5.0,5,7.0,4.0,6,16,6.0,13,12,28,6,6,23,9,4.0,6.0,7,8.0,7,8.0,8,16,14,11,40,19,3,3.0,21,6,5.0,4,5.0,4.0,7.0,5,5.0,18.0,9,4,1.0,15,12,4.0,11,7,7.0,3.0,14,16,5.0,5.0,20,31,14,18,39,22,4.0,3,10,12,11,15.0,23,42,12,19,29,2.0,3.0,0.0,0.0,3.0,2.0,3.0,4.0,6.0,2.0,5.0,6.0,1.0,1.0,2.0,2.0,3.0,2.0,2.0,6.0,1.0,6.0,1.0,0.0,3.0,1.0,1.0
bacteria_staphylococcus_chunk_53,bacteria_staphylococcus.fasta,53,bacteria,37,12,29.0,28,15,9,4.0,10,22.0,6,10.0,14.0,25,15,17,16,11,11.0,6,16,11,5.0,3.0,8.0,3.0,1.0,5,9.0,1.0,9.0,12,16.0,10.0,7.0,13,8,3.0,4.0,4.0,2.0,12.0,11.0,3.0,7.0,14,21,8,6,37,25,6,8,4,31.0,9,9.0,10,17,14.0,17,26,12.0,17,7,17,11,4.0,3.0,6.0,9.0,5,0.0,5.0,13.0,10.0,9.0,19,9.0,3.0,3.0,6,4.0,2.0,1.0,2.0,3.0,0.0,2.0,10.0,7.0,8.0,6,3.0,1.0,1.0,2.0,2.0,0.0,4.0,1.0,2,9,3.0,2.0,6,3.0,1.0,0.0,8.0,2.0,2.0,6,3.0,3.0,12,24,5.0,10.0,17,4.0,9.0,8.0,4.0,9.0,15,2.0,14,19,10,3.0,4.0,9,2.0,10.0,1.0,1.0,2,2,6,4.0,0.0,2.0,6.0,6.0,0.0,2.0,3.0,4.0,1.0,1.0,7.0,1.0,5.0,9.0,5,4.0,4.0,15,5.0,2.0,4.0,12,2.0,5.0,2,8,6.0,9,8,33,4,6,11,12,2.0,5.0,6,7.0,2,3.0,7,19,16,19,20,23,7,6.0,20,8,0.0,9,2.0,2.0,2.0,6,0.0,4.0,26,7,11.0,25,9,5.0,5,3,6.0,2.0,9,6,7.0,6.0,6,19,10,6,16,23,4.0,5,4,18,8,4.0,11,20,13,13,17,2.0,2.0,0.0,0.0,1.0,3.0,0.0,1.0,6.0,5.0,7.0,2.0,0.0,0.0,2.0,1.0,1.0,2.0,2.0,1.0,0.0,0.0,4.0,0.0,3.0,2.0,2.0
bacteria_staphylococcus_chunk_54,bacteria_staphylococcus.fasta,54,bacteria,55,15,10.0,35,15,5,4.0,16,14.0,6,7.0,10.0,24,12,9,33,12,8.0,5,16,7,2.0,7.0,5.0,3.0,0.0,5,6.0,6.0,11.0,15,14.0,2.0,13.0,18,8,3.0,6.0,6.0,0.0,4.0,2.0,6.0,3.0,19,22,15,10,26,13,3,7,8,13.0,8,6.0,6,31,17.0,7,30,15.0,10,6,14,6,2.0,5.0,8.0,8.0,4,1.0,13.0,12.0,7.0,2.0,14,9.0,6.0,1.0,5,6.0,0.0,0.0,1.0,1.0,3.0,13.0,10.0,2.0,2.0,6,3.0,3.0,0.0,1.0,0.0,0.0,4.0,4.0,6,6,3.0,1.0,10,9.0,1.0,9.0,3.0,2.0,6.0,19,3.0,9.0,22,17,5.0,9.0,15,1.0,6.0,5.0,9.0,1.0,9,4.0,6,12,5,4.0,10.0,1,12.0,4.0,0.0,2.0,7,1,10,7.0,2.0,1.0,4.0,2.0,3.0,0.0,4.0,2.0,0.0,1.0,2.0,1.0,1.0,3.0,2,2.0,4.0,8,9.0,2.0,1.0,3,2.0,0.0,1,17,5.0,9,3,28,10,12,14,16,12.0,3.0,7,20.0,6,3.0,6,28,8,16,27,19,3,10.0,13,6,3.0,5,1.0,1.0,8.0,6,3.0,15.0,15,6,3.0,3,7,5.0,11,6,3.0,3.0,2,8,2.0,0.0,6,34,18,20,35,14,6.0,6,6,8,16,6.0,3,40,7,8,31,8.0,5.0,3.0,0.0,0.0,2.0,3.0,4.0,4.0,1.0,4.0,5.0,0.0,1.0,2.0,0.0,1.0,4.0,0.0,7.0,2.0,7.0,0.0,4.0,6.0,1.0,0.0
bacteria_staphylococcus_chunk_55,bacteria_staphylococcus.fasta,55,bacteria,47,8,32.0,37,17,6,0.0,8,28.0,10,6.0,11.0,19,17,12,31,19,4.0,10,12,4,0.0,7.0,3.0,4.0,1.0,5,7.0,2.0,5.0,11,19.0,8.0,2.0,16,7,2.0,10.0,2.0,0.0,5.0,5.0,2.0,4.0,14,27,12,7,31,19,5,5,9,11.0,7,7.0,15,38,8.0,13,36,21.0,6,7,16,7,0.0,3.0,3.0,9.0,5,1.0,2.0,13.0,4.0,3.0,21,3.0,2.0,0.0,8,2.0,1.0,1.0,1.0,4.0,3.0,6.0,4.0,2.0,0.0,3,2.0,6.0,0.0,1.0,0.0,4.0,4.0,2.0,5,13,4.0,5.0,8,2.0,0.0,3.0,10.0,3.0,1.0,18,6.0,4.0,10,18,4.0,10.0,7,1.0,2.0,2.0,1.0,3.0,17,2.0,9,7,10,3.0,3.0,7,2.0,3.0,1.0,2.0,6,5,12,0.0,3.0,2.0,2.0,1.0,1.0,5.0,3.0,0.0,0.0,1.0,5.0,1.0,5.0,6.0,9,3.0,0.0,9,5.0,0.0,1.0,4,3.0,1.0,3,15,8.0,4,13,38,13,6,19,12,5.0,7.0,12,6.0,5,3.0,9,28,15,16,35,18,4,5.0,14,5,1.0,1,4.0,2.0,3.0,13,2.0,9.0,16,2,4.0,14,13,0.0,6,5,4.0,1.0,7,7,2.0,2.0,15,27,17,11,46,15,3.0,4,17,11,9,6.0,7,30,17,12,39,2.0,5.0,1.0,2.0,2.0,0.0,1.0,5.0,9.0,3.0,2.0,3.0,2.0,3.0,3.0,0.0,1.0,1.0,6.0,5.0,3.0,0.0,2.0,1.0,2.0,2.0,1.0
bacteria_staphylococcus_chunk_56,bacteria_staphylococcus.fasta,56,bacteria,16,9,5.0,21,13,8,10.0,10,4.0,5,2.0,13.0,21,15,8,20,7,7.0,2,5,13,7.0,13.0,4.0,4.0,3.0,11,8.0,4.0,5.0,12,9.0,3.0,1.0,8,4,2.0,7.0,1.0,3.0,5.0,10.0,2.0,6.0,12,13,14,15,21,15,5,9,16,4.0,7,1.0,11,15,19.0,13,17,6.0,12,4,12,2,9.0,5.0,6.0,3.0,7,2.0,8.0,9.0,8.0,3.0,14,10.0,4.0,4.0,10,3.0,2.0,3.0,5.0,3.0,10.0,10.0,7.0,2.0,0.0,11,3.0,4.0,1.0,1.0,3.0,5.0,4.0,9.0,14,11,6.0,4.0,11,3.0,1.0,7.0,8.0,4.0,11.0,9,8.0,13.0,22,9,2.0,5.0,15,3.0,2.0,0.0,2.0,0.0,15,1.0,8,12,3,5.0,4.0,8,9.0,2.0,1.0,4.0,3,4,12,4.0,1.0,0.0,2.0,2.0,0.0,2.0,1.0,3.0,1.0,4.0,5.0,3.0,2.0,9.0,16,3.0,2.0,13,5.0,4.0,12.0,3,5.0,1.0,12,14,9.0,14,22,20,18,10,16,4,17.0,4.0,11,14.0,2,5.0,9,18,21,4,18,14,6,10.0,11,8,5.0,11,3.0,4.0,8.0,18,2.0,18.0,11,4,2.0,15,11,7.0,10,2,2.0,2.0,5,15,9.0,12.0,24,23,13,9,16,18,6.0,14,14,17,14,5.0,26,23,16,22,27,3.0,1.0,3.0,1.0,6.0,1.0,4.0,7.0,2.0,3.0,1.0,4.0,1.0,0.0,4.0,0.0,2.0,4.0,11.0,5.0,2.0,6.0,0.0,4.0,3.0,2.0,2.0
bacteria_staphylococcus_chunk_57,bacteria_staphylococcus.fasta,57,bacteria,34,7,22.0,26,14,3,9.0,4,17.0,10,6.0,16.0,31,7,29,25,18,6.0,7,13,11,3.0,6.0,6.0,5.0,0.0,5,10.0,0.0,4.0,6,18.0,6.0,7.0,10,12,7.0,10.0,10.0,4.0,3.0,6.0,3.0,12.0,14,27,7,18,18,11,2,8,4,27.0,14,12.0,10,23,5.0,12,32,13.0,13,8,19,6,7.0,1.0,4.0,8.0,6,1.0,6.0,5.0,11.0,8.0,11,10.0,3.0,2.0,5,4.0,1.0,1.0,2.0,2.0,3.0,5.0,7.0,6.0,1.0,9,1.0,5.0,0.0,1.0,3.0,1.0,6.0,1.0,3,8,6.0,5.0,8,1.0,0.0,2.0,6.0,1.0,4.0,7,1.0,5.0,6,20,4.0,10.0,18,3.0,6.0,4.0,6.0,3.0,18,0.0,18,11,14,4.0,7.0,8,2.0,7.0,3.0,4.0,8,7,6,8.0,3.0,2.0,11.0,6.0,3.0,2.0,3.0,9.0,4.0,4.0,7.0,2.0,3.0,3.0,8,2.0,4.0,10,7.0,2.0,0.0,10,8.0,2.0,8,10,2.0,9,11,22,6,9,30,10,7.0,3.0,6,12.0,11,7.0,10,16,7,8,25,11,5,5.0,9,1,4.0,6,1.0,1.0,4.0,7,0.0,2.0,19,11,9.0,17,14,7.0,5,5,6.0,10.0,7,5,5.0,8.0,12,24,11,13,20,11,1.0,2,3,13,5,13.0,8,28,9,13,20,4.0,3.0,4.0,3.0,3.0,5.0,1.0,3.0,14.0,3.0,6.0,4.0,4.0,4.0,4.0,5.0,2.0,1.0,0.0,4.0,0.0,2.0,2.0,0.0,2.0,0.0,0.0
bacteria_staphylococcus_chunk_58,bacteria_staphylococcus.fasta,58,bacteria,29,10,14.0,33,25,6,6.0,14,11.0,4,4.0,6.0,38,19,22,25,15,5.0,6,18,20,1.0,7.0,5.0,6.0,0.0,5,9.0,5.0,12.0,12,9.0,8.0,2.0,7,5,0.0,10.0,3.0,1.0,10.0,6.0,3.0,2.0,4,27,16,12,21,12,8,9,12,10.0,8,4.0,11,29,6.0,15,22,11.0,19,1,31,5,5.0,2.0,3.0,5.0,6,4.0,1.0,14.0,10.0,3.0,21,20.0,4.0,4.0,13,2.0,1.0,1.0,2.0,8.0,4.0,1.0,5.0,0.0,2.0,5,2.0,5.0,1.0,3.0,0.0,1.0,8.0,4.0,5,20,11.0,5.0,7,3.0,2.0,9.0,5.0,2.0,7.0,5,8.0,8.0,15,16,4.0,2.0,6,9.0,2.0,1.0,1.0,2.0,7,5.0,4,5,18,2.0,2.0,6,3.0,2.0,1.0,0.0,13,7,12,3.0,3.0,0.0,2.0,7.0,1.0,1.0,2.0,1.0,2.0,1.0,5.0,3.0,8.0,3.0,16,4.0,5.0,5,4.0,4.0,2.0,1,5.0,7.0,4,9,6.0,7,6,30,18,8,34,10,12.0,5.0,19,9.0,6,6.0,6,17,7,4,21,10,4,4.0,11,11,6.0,3,3.0,3.0,11.0,13,5.0,11.0,11,6,1.0,7,14,3.0,18,3,5.0,3.0,7,11,6.0,6.0,16,27,15,5,16,10,7.0,3,10,9,12,5.0,17,20,10,13,20,2.0,1.0,4.0,0.0,4.0,1.0,4.0,13.0,4.0,2.0,1.0,6.0,1.0,0.0,4.0,0.0,6.0,4.0,4.0,3.0,2.0,5.0,3.0,4.0,3.0,2.0,1.0
bacteria_staphylococcus_chunk_59,bacteria_staphylococcus.fasta,59,bacteria,27,5,13.0,24,15,2,6.0,7,6.0,5,4.0,12.0,13,7,16,27,15,2.0,6,8,15,3.0,4.0,5.0,2.0,1.0,6,4.0,2.0,10.0,8,9.0,1.0,1.0,6,13,6.0,7.0,1.0,0.0,11.0,12.0,1.0,9.0,13,11,9,1,9,9,3,3,9,11.0,4,8.0,9,25,15.0,19,26,8.0,10,4,17,2,7.0,0.0,6.0,5.0,10,15.0,10.0,4.0,6.0,5.0,17,5.0,2.0,18.0,9,3.0,0.0,0.0,5.0,6.0,2.0,3.0,7.0,5.0,1.0,5,1.0,1.0,0.0,0.0,2.0,2.0,3.0,5.0,11,13,0.0,5.0,4,1.0,2.0,2.0,2.0,6.0,5.0,5,16.0,15.0,20,10,4.0,5.0,6,1.0,3.0,1.0,4.0,5.0,5,2.0,5,10,10,6.0,8.0,7,5.0,6.0,2.0,5.0,8,3,15,3.0,3.0,5.0,5.0,2.0,0.0,2.0,9.0,2.0,0.0,1.0,5.0,2.0,12.0,14.0,9,4.0,5.0,12,5.0,3.0,13.0,4,9.0,7.0,8,16,6.0,25,23,24,11,5,16,7,12.0,4.0,8,5.0,7,1.0,8,8,9,6,31,9,5,8.0,8,10,3.0,4,3.0,0.0,4.0,4,3.0,31.0,6,6,6.0,6,15,4.0,10,13,2.0,1.0,19,10,15.0,6.0,32,23,18,10,29,15,8.0,4,19,7,23,14.0,41,34,9,26,27,0.0,11.0,1.0,0.0,2.0,1.0,2.0,7.0,7.0,4.0,3.0,8.0,0.0,3.0,0.0,0.0,2.0,2.0,5.0,14.0,0.0,1.0,1.0,0.0,1.0,1.0,0.0
bacteria_staphylococcus_chunk_60,bacteria_staphylococcus.fasta,60,bacteria,22,13,9.0,25,13,6,5.0,18,9.0,8,3.0,13.0,29,16,20,24,14,4.0,2,12,9,1.0,9.0,2.0,5.0,3.0,6,8.0,3.0,9.0,18,7.0,6.0,1.0,9,9,1.0,8.0,2.0,0.0,0.0,8.0,5.0,3.0,6,28,12,8,24,25,3,5,13,15.0,8,3.0,18,15,17.0,10,27,12.0,13,9,24,2,5.0,7.0,6.0,1.0,4,1.0,3.0,15.0,15.0,6.0,15,10.0,5.0,1.0,11,2.0,1.0,2.0,1.0,1.0,2.0,13.0,0.0,2.0,1.0,5,0.0,4.0,1.0,2.0,0.0,4.0,3.0,2.0,6,10,6.0,3.0,9,9.0,1.0,2.0,8.0,4.0,5.0,8,16.0,16.0,20,10,3.0,4.0,10,5.0,3.0,3.0,1.0,2.0,12,1.0,9,16,10,1.0,2.0,7,3.0,3.0,1.0,2.0,10,5,9,2.0,1.0,0.0,3.0,4.0,1.0,1.0,4.0,0.0,0.0,1.0,2.0,1.0,3.0,3.0,18,5.0,2.0,2,7.0,3.0,5.0,5,5.0,1.0,3,6,4.0,10,15,25,13,11,30,10,4.0,4.0,11,10.0,8,1.0,4,16,14,9,14,24,10,4.0,21,6,2.0,1,4.0,1.0,4.0,9,5.0,20.0,18,6,5.0,21,7,2.0,11,3,4.0,1.0,4,14,8.0,6.0,20,23,6,10,18,18,9.0,3,21,22,9,4.0,22,28,14,21,41,3.0,4.0,3.0,2.0,4.0,2.0,1.0,6.0,7.0,0.0,1.0,9.0,3.0,1.0,2.0,0.0,1.0,3.0,7.0,8.0,4.0,2.0,4.0,0.0,3.0,5.0,1.0
bacteria_staphylococcus_chunk_61,bacteria_staphylococcus.fasta,61,bacteria,21,14,9.0,21,4,13,5.0,15,4.0,6,2.0,13.0,10,15,5,28,4,2.0,6,7,10,1.0,16.0,5.0,2.0,2.0,5,4.0,4.0,8.0,19,4.0,3.0,1.0,4,6,1.0,10.0,2.0,1.0,3.0,7.0,3.0,5.0,16,9,10,4,6,14,5,5,13,6.0,6,1.0,9,16,14.0,12,24,17.0,8,3,9,3,6.0,2.0,5.0,3.0,9,2.0,12.0,14.0,8.0,9.0,15,11.0,3.0,7.0,13,2.0,2.0,1.0,0.0,5.0,9.0,17.0,5.0,4.0,4.0,3,4.0,6.0,0.0,5.0,0.0,2.0,2.0,4.0,4,9,5.0,4.0,7,8.0,2.0,8.0,6.0,3.0,19.0,4,25.0,12.0,44,4,6.0,6.0,9,3.0,5.0,0.0,2.0,1.0,3,2.0,7,8,2,5.0,6.0,8,5.0,3.0,1.0,2.0,5,4,18,1.0,1.0,0.0,1.0,2.0,3.0,2.0,7.0,0.0,2.0,0.0,3.0,1.0,1.0,5.0,14,4.0,4.0,7,8.0,3.0,4.0,4,1.0,2.0,4,11,9.0,9,22,23,9,7,19,9,8.0,6.0,10,5.0,10,4.0,5,2,12,1,15,20,6,7.0,18,11,10.0,6,9.0,3.0,3.0,11,6.0,31.0,15,4,0.0,12,9,2.0,9,1,3.0,1.0,5,17,10.0,5.0,26,25,14,12,10,21,15.0,11,35,15,13,4.0,26,30,34,25,56,10.0,4.0,6.0,5.0,2.0,0.0,2.0,5.0,3.0,1.0,2.0,7.0,5.0,3.0,2.0,0.0,3.0,1.0,12.0,5.0,5.0,5.0,3.0,3.0,5.0,3.0,0.0
bacteria_staphylococcus_chunk_62,bacteria_staphylococcus.fasta,62,bacteria,43,13,19.0,23,7,6,7.0,19,8.0,6,5.0,14.0,18,11,13,28,13,1.0,2,12,14,2.0,3.0,8.0,5.0,1.0,3,9.0,2.0,9.0,15,9.0,2.0,5.0,6,11,5.0,6.0,5.0,3.0,8.0,12.0,4.0,5.0,11,16,9,5,15,17,4,4,10,12.0,7,7.0,9,18,9.0,23,31,18.0,11,9,18,7,3.0,1.0,3.0,4.0,8,9.0,7.0,8.0,13.0,5.0,16,10.0,5.0,7.0,9,4.0,2.0,2.0,2.0,3.0,1.0,6.0,4.0,5.0,3.0,8,4.0,4.0,1.0,2.0,0.0,3.0,5.0,5.0,4,12,2.0,2.0,6,4.0,1.0,1.0,5.0,4.0,4.0,3,17.0,9.0,19,17,4.0,3.0,8,2.0,6.0,4.0,2.0,3.0,5,4.0,8,14,15,6.0,8.0,9,0.0,3.0,3.0,1.0,4,3,8,3.0,4.0,4.0,5.0,7.0,0.0,3.0,2.0,2.0,1.0,4.0,8.0,1.0,10.0,8.0,11,7.0,7.0,12,5.0,6.0,4.0,1,6.0,6.0,4,13,8.0,9,9,21,11,2,21,8,11.0,5.0,7,6.0,7,3.0,8,14,7,9,23,18,2,11.0,12,6,6.0,5,1.0,0.0,8.0,6,2.0,19.0,16,7,0.0,11,16,2.0,7,8,5.0,4.0,12,12,6.0,2.0,16,16,13,10,20,17,6.0,8,19,16,12,12.0,19,25,16,18,36,1.0,4.0,2.0,2.0,3.0,0.0,4.0,7.0,6.0,4.0,3.0,9.0,0.0,2.0,3.0,0.0,1.0,5.0,7.0,7.0,3.0,2.0,0.0,3.0,4.0,3.0,1.0
bacteria_staphylococcus_chunk_63,bacteria_staphylococcus.fasta,63,bacteria,23,8,9.0,33,7,6,11.0,8,6.0,4,3.0,9.0,25,22,18,29,10,5.0,1,9,13,1.0,4.0,6.0,1.0,5.0,5,4.0,2.0,4.0,19,9.0,1.0,1.0,8,7,1.0,8.0,1.0,0.0,6.0,8.0,1.0,5.0,5,16,13,8,30,23,5,9,29,8.0,9,4.0,12,21,9.0,20,32,20.0,8,3,17,6,3.0,5.0,8.0,4.0,2,0.0,5.0,13.0,17.0,5.0,17,7.0,7.0,1.0,14,0.0,3.0,0.0,0.0,3.0,2.0,10.0,1.0,2.0,0.0,4,4.0,4.0,2.0,4.0,0.0,4.0,5.0,4.0,7,18,2.0,2.0,16,3.0,1.0,8.0,1.0,1.0,7.0,7,9.0,15.0,28,5,3.0,6.0,13,2.0,4.0,2.0,2.0,1.0,11,0.0,4,12,9,3.0,5.0,9,5.0,0.0,2.0,3.0,7,3,11,2.0,2.0,1.0,1.0,4.0,1.0,2.0,1.0,2.0,1.0,0.0,5.0,3.0,1.0,7.0,13,2.0,6.0,9,4.0,4.0,7.0,4,4.0,0.0,4,9,5.0,11,9,25,13,4,31,9,10.0,0.0,9,7.0,9,4.0,4,18,27,6,24,22,7,4.0,20,8,4.0,1,4.0,3.0,9.0,24,8.0,19.0,15,5,3.0,14,11,4.0,10,1,2.0,3.0,6,12,8.0,5.0,16,26,11,8,20,23,4.0,6,13,24,15,7.0,18,28,23,18,41,1.0,0.0,3.0,0.0,2.0,1.0,2.0,6.0,3.0,1.0,0.0,5.0,3.0,0.0,2.0,0.0,1.0,1.0,6.0,9.0,4.0,2.0,0.0,3.0,2.0,2.0,1.0
bacteria_staphylococcus_chunk_64,bacteria_staphylococcus.fasta,64,bacteria,50,10,34.0,29,16,3,7.0,6,30.0,16,9.0,14.0,11,8,19,29,15,6.0,9,10,7,5.0,5.0,6.0,3.0,4.0,8,3.0,0.0,4.0,8,17.0,4.0,8.0,23,11,7.0,1.0,7.0,1.0,12.0,12.0,4.0,6.0,10,15,12,7,16,7,7,5,3,26.0,15,15.0,9,26,5.0,17,30,18.0,6,12,15,9,6.0,2.0,1.0,6.0,1,7.0,5.0,7.0,0.0,7.0,15,5.0,4.0,5.0,2,3.0,2.0,3.0,2.0,5.0,0.0,6.0,8.0,2.0,4.0,9,8.0,2.0,5.0,1.0,0.0,6.0,8.0,3.0,7,7,1.0,4.0,3,1.0,0.0,2.0,5.0,2.0,3.0,5,4.0,2.0,9,26,9.0,14.0,10,3.0,4.0,6.0,2.0,4.0,24,5.0,22,15,19,5.0,2.0,11,2.0,8.0,4.0,4.0,5,6,3,9.0,1.0,3.0,11.0,4.0,1.0,7.0,5.0,4.0,2.0,1.0,9.0,3.0,13.0,7.0,10,6.0,6.0,10,6.0,1.0,3.0,9,4.0,7.0,6,16,6.0,10,4,29,7,9,13,12,6.0,7.0,4,10.0,4,6.0,9,8,9,17,19,12,3,3.0,6,3,4.0,6,1.0,1.0,5.0,2,1.0,3.0,25,8,1.0,23,14,6.0,8,8,8.0,6.0,13,3,1.0,6.0,12,25,10,12,24,10,2.0,7,3,17,9,11.0,4,24,7,12,16,3.0,6.0,3.0,0.0,0.0,1.0,0.0,5.0,3.0,5.0,4.0,3.0,2.0,2.0,4.0,0.0,1.0,2.0,5.0,5.0,0.0,0.0,0.0,1.0,2.0,1.0,1.0
bacteria_staphylococcus_chunk_65,bacteria_staphylococcus.fasta,65,bacteria,27,14,12.0,38,13,5,6.0,11,7.0,14,7.0,13.0,23,16,31,21,15,4.0,9,4,9,2.0,5.0,3.0,2.0,2.0,6,7.0,2.0,5.0,7,12.0,3.0,1.0,9,11,5.0,12.0,5.0,2.0,7.0,11.0,3.0,9.0,13,25,13,6,16,13,8,7,7,16.0,3,19.0,16,24,6.0,15,21,16.0,7,8,21,4,5.0,1.0,2.0,6.0,11,2.0,6.0,10.0,6.0,4.0,15,11.0,2.0,5.0,9,4.0,1.0,0.0,4.0,4.0,3.0,5.0,10.0,3.0,0.0,3,5.0,9.0,0.0,1.0,1.0,1.0,6.0,3.0,5,8,5.0,7.0,5,2.0,3.0,2.0,3.0,3.0,7.0,9,4.0,4.0,14,22,4.0,11.0,10,0.0,3.0,2.0,2.0,3.0,13,1.0,11,7,16,4.0,6.0,10,2.0,6.0,1.0,1.0,11,9,11,6.0,1.0,3.0,4.0,9.0,0.0,4.0,5.0,2.0,2.0,4.0,10.0,0.0,5.0,9.0,8,4.0,10.0,19,4.0,2.0,3.0,7,7.0,1.0,6,9,6.0,13,16,26,10,10,22,11,10.0,3.0,5,10.0,5,6.0,14,14,12,8,23,10,2,5.0,13,10,4.0,3,9.0,0.0,5.0,3,1.0,8.0,19,3,4.0,16,11,3.0,9,7,12.0,5.0,12,14,5.0,5.0,17,27,7,12,17,11,8.0,5,4,16,9,13.0,12,21,12,18,31,4.0,3.0,4.0,1.0,2.0,2.0,0.0,8.0,4.0,3.0,1.0,4.0,0.0,4.0,4.0,3.0,2.0,1.0,4.0,4.0,1.0,0.0,0.0,4.0,4.0,3.0,2.0
bacteria_staphylococcus_chunk_66,bacteria_staphylococcus.fasta,66,bacteria,42,18,19.0,35,22,2,15.0,3,20.0,11,4.0,10.0,18,10,22,26,21,10.0,6,13,5,4.0,6.0,14.0,8.0,3.0,7,1.0,3.0,2.0,9,12.0,8.0,6.0,17,5,10.0,5.0,2.0,0.0,10.0,10.0,2.0,7.0,12,19,11,6,29,10,3,7,4,28.0,15,12.0,13,39,11.0,15,31,21.0,9,11,14,9,6.0,4.0,2.0,3.0,3,2.0,5.0,9.0,4.0,8.0,14,9.0,1.0,3.0,6,3.0,2.0,1.0,0.0,3.0,0.0,2.0,8.0,6.0,3.0,17,5.0,2.0,1.0,0.0,0.0,5.0,7.0,4.0,5,4,1.0,4.0,4,5.0,0.0,0.0,4.0,3.0,2.0,7,1.0,4.0,5,21,5.0,8.0,8,1.0,5.0,3.0,3.0,8.0,18,1.0,23,24,7,6.0,2.0,8,0.0,9.0,0.0,7.0,5,4,6,4.0,1.0,2.0,7.0,2.0,0.0,2.0,2.0,1.0,0.0,1.0,8.0,2.0,6.0,8.0,9,7.0,4.0,16,7.0,2.0,1.0,10,2.0,4.0,3,15,4.0,6,10,30,10,7,19,10,6.0,7.0,5,17.0,4,3.0,8,20,9,15,32,18,4,2.0,8,7,0.0,8,1.0,2.0,4.0,4,0.0,0.0,18,6,7.0,24,11,3.0,7,10,5.0,2.0,8,11,3.0,4.0,10,34,9,18,27,10,3.0,7,4,13,6,6.0,10,27,8,10,25,1.0,1.0,0.0,0.0,3.0,2.0,0.0,2.0,9.0,6.0,4.0,7.0,0.0,1.0,2.0,0.0,1.0,1.0,5.0,4.0,0.0,1.0,3.0,0.0,1.0,0.0,0.0
bacteria_staphylococcus_chunk_67,bacteria_staphylococcus.fasta,67,bacteria,29,12,21.0,42,23,7,5.0,11,13.0,15,7.0,10.0,19,11,15,31,21,6.0,4,14,4,7.0,8.0,4.0,1.0,4.0,6,5.0,3.0,1.0,13,13.0,2.0,4.0,13,14,5.0,6.0,5.0,0.0,10.0,7.0,8.0,5.0,7,17,5,9,17,20,5,7,11,12.0,7,5.0,16,22,12.0,19,30,28.0,8,9,22,7,9.0,5.0,4.0,7.0,4,4.0,4.0,8.0,15.0,5.0,19,9.0,2.0,1.0,8,3.0,1.0,0.0,5.0,3.0,5.0,5.0,3.0,5.0,1.0,6,1.0,2.0,2.0,2.0,0.0,5.0,6.0,2.0,10,6,5.0,3.0,9,2.0,3.0,2.0,4.0,3.0,5.0,8,4.0,5.0,17,17,10.0,9.0,2,1.0,2.0,4.0,1.0,3.0,10,4.0,10,8,9,6.0,5.0,12,2.0,4.0,1.0,3.0,4,5,8,7.0,1.0,6.0,1.0,3.0,3.0,2.0,2.0,3.0,0.0,0.0,8.0,6.0,8.0,5.0,14,5.0,5.0,10,14.0,2.0,3.0,4,8.0,4.0,3,13,5.0,12,6,30,16,6,11,7,5.0,3.0,5,8.0,9,5.0,10,11,13,9,25,28,11,9.0,13,5,3.0,4,2.0,4.0,6.0,11,3.0,8.0,15,5,2.0,12,14,2.0,7,5,2.0,3.0,12,13,5.0,4.0,14,26,5,15,22,25,2.0,4,9,14,9,10.0,12,25,19,9,14,4.0,6.0,4.0,2.0,2.0,2.0,2.0,2.0,8.0,2.0,5.0,7.0,2.0,1.0,1.0,2.0,2.0,0.0,3.0,3.0,3.0,3.0,0.0,3.0,0.0,3.0,1.0
bacteria_staphylococcus_chunk_68,bacteria_staphylococcus.fasta,68,bacteria,18,10,8.0,20,8,5,6.0,18,7.0,6,1.0,7.0,22,20,17,34,15,3.0,2,8,18,5.0,12.0,9.0,6.0,2.0,8,9.0,3.0,11.0,11,5.0,1.0,2.0,9,7,1.0,6.0,4.0,1.0,2.0,8.0,2.0,4.0,8,23,12,4,19,19,8,5,20,9.0,8,5.0,12,13,12.0,19,35,12.0,7,8,33,6,15.0,8.0,5.0,3.0,9,4.0,6.0,9.0,10.0,6.0,17,14.0,14.0,5.0,13,2.0,3.0,0.0,1.0,3.0,0.0,9.0,3.0,3.0,0.0,14,5.0,4.0,0.0,2.0,0.0,0.0,7.0,1.0,6,13,5.0,4.0,6,6.0,1.0,8.0,8.0,5.0,7.0,6,13.0,12.0,20,1,4.0,1.0,16,1.0,4.0,2.0,1.0,2.0,17,6.0,5,13,9,8.0,5.0,3,0.0,3.0,0.0,2.0,4,9,7,3.0,2.0,1.0,4.0,3.0,2.0,0.0,0.0,0.0,1.0,1.0,3.0,2.0,1.0,3.0,12,9.0,3.0,9,7.0,2.0,3.0,5,4.0,2.0,2,2,7.0,5,14,25,16,4,24,8,15.0,6.0,7,5.0,4,3.0,7,10,16,6,15,22,9,10.0,18,15,4.0,6,1.0,0.0,6.0,12,8.0,24.0,11,10,2.0,14,10,5.0,13,6,1.0,1.0,6,15,9.0,5.0,11,21,10,8,13,27,7.0,5,19,15,12,2.0,18,31,26,11,37,6.0,1.0,5.0,1.0,2.0,3.0,5.0,6.0,6.0,5.0,0.0,8.0,3.0,1.0,3.0,0.0,2.0,0.0,6.0,2.0,2.0,6.0,2.0,1.0,3.0,3.0,0.0
bacteria_staphylococcus_chunk_69,bacteria_staphylococcus.fasta,69,bacteria,66,20,31.0,41,13,5,12.0,15,29.0,7,9.0,11.0,30,12,14,29,13,6.0,7,12,5,0.0,7.0,11.0,3.0,2.0,9,12.0,7.0,4.0,14,30.0,5.0,0.0,22,5,5.0,7.0,11.0,1.0,4.0,7.0,3.0,6.0,9,28,11,13,34,13,5,3,10,18.0,4,7.0,12,23,15.0,8,28,19.0,5,4,12,6,3.0,4.0,7.0,5.0,3,4.0,4.0,12.0,4.0,2.0,9,9.0,2.0,2.0,4,0.0,1.0,0.0,0.0,6.0,2.0,2.0,8.0,3.0,2.0,10,1.0,3.0,1.0,1.0,0.0,1.0,3.0,3.0,7,16,4.0,5.0,9,7.0,2.0,6.0,8.0,1.0,3.0,8,3.0,5.0,11,32,9.0,17.0,10,1.0,6.0,6.0,2.0,0.0,20,3.0,12,13,7,3.0,1.0,1,1.0,5.0,0.0,4.0,6,5,4,9.0,3.0,6.0,3.0,0.0,0.0,2.0,0.0,1.0,0.0,0.0,3.0,0.0,5.0,4.0,6,3.0,5.0,8,2.0,0.0,4.0,6,2.0,2.0,7,10,3.0,8,10,41,11,4,22,13,4.0,5.0,9,17.0,7,1.0,10,24,12,13,24,11,9,6.0,10,9,2.0,7,1.0,1.0,1.0,10,7.0,7.0,21,6,2.0,13,6,2.0,7,8,1.0,0.0,7,9,3.0,5.0,11,28,13,12,21,14,5.0,2,8,10,7,6.0,6,33,8,8,21,2.0,0.0,1.0,3.0,1.0,1.0,4.0,3.0,6.0,4.0,2.0,2.0,1.0,0.0,0.0,0.0,3.0,0.0,4.0,1.0,3.0,3.0,0.0,1.0,2.0,3.0,1.0
bacteria_staphylococcus_chunk_70,bacteria_staphylococcus.fasta,70,bacteria,2,2,3.0,9,6,2,2.0,12,0.0,6,0.0,8.0,11,7,9,23,1,3.0,4,9,4,0.0,10.0,0.0,1.0,0.0,4,5.0,1.0,6.0,14,4.0,0.0,1.0,2,18,4.0,13.0,2.0,0.0,4.0,11.0,5.0,2.0,22,3,4,4,10,24,5,6,23,3.0,12,0.0,5,31,13.0,10,38,4.0,6,3,13,2,5.0,0.0,7.0,2.0,10,4.0,19.0,4.0,22.0,1.0,36,2.0,2.0,1.0,5,1.0,4.0,0.0,2.0,1.0,5.0,6.0,0.0,1.0,0.0,5,3.0,8.0,2.0,0.0,0.0,1.0,3.0,3.0,12,11,4.0,3.0,5,3.0,0.0,3.0,6.0,8.0,14.0,4,28.0,19.0,25,2,3.0,4.0,7,0.0,1.0,1.0,1.0,2.0,3,8.0,7,11,6,2.0,8.0,34,0.0,1.0,1.0,4.0,2,12,30,1.0,1.0,1.0,3.0,1.0,0.0,1.0,0.0,0.0,0.0,1.0,1.0,5.0,3.0,7.0,5,3.0,10.0,7,8.0,3.0,5.0,1,4.0,0.0,9,18,3.0,31,28,8,11,4,21,6,7.0,3.0,6,4.0,18,2.0,11,3,21,3,23,17,7,22.0,15,5,2.0,4,6.0,2.0,9.0,15,3.0,26.0,11,2,3.0,19,28,2.0,25,2,1.0,1.0,10,10,8.0,8.0,39,25,11,18,28,26,3.0,10,33,25,26,6.0,37,29,28,34,52,0.0,1.0,0.0,0.0,1.0,1.0,0.0,16.0,3.0,0.0,1.0,1.0,0.0,3.0,1.0,0.0,5.0,4.0,20.0,3.0,0.0,0.0,0.0,0.0,2.0,0.0,0.0
bacteria_staphylococcus_chunk_71,bacteria_staphylococcus.fasta,71,bacteria,29,20,16.0,29,20,8,7.0,10,17.0,11,5.0,14.0,15,12,24,28,22,7.0,7,13,12,3.0,4.0,4.0,0.0,2.0,14,7.0,2.0,5.0,14,18.0,6.0,5.0,14,10,5.0,6.0,1.0,2.0,13.0,5.0,2.0,5.0,10,18,5,7,9,16,2,6,8,25.0,9,10.0,11,25,10.0,22,21,16.0,3,12,16,11,4.0,6.0,3.0,8.0,5,2.0,5.0,5.0,8.0,5.0,19,3.0,4.0,5.0,9,0.0,1.0,1.0,3.0,1.0,6.0,1.0,3.0,2.0,1.0,3,1.0,3.0,2.0,1.0,0.0,5.0,8.0,5.0,9,9,5.0,2.0,4,5.0,1.0,2.0,6.0,4.0,8.0,6,5.0,6.0,10,23,8.0,17.0,11,4.0,8.0,3.0,4.0,1.0,13,4.0,11,12,8,7.0,2.0,7,1.0,1.0,3.0,5.0,3,7,4,4.0,4.0,2.0,4.0,1.0,1.0,1.0,1.0,1.0,0.0,3.0,12.0,3.0,12.0,8.0,13,8.0,3.0,15,2.0,1.0,3.0,13,6.0,1.0,12,12,5.0,17,16,26,14,2,23,15,3.0,5.0,7,15.0,3,4.0,2,6,8,15,19,14,6,6.0,8,5,3.0,4,2.0,2.0,9.0,9,4.0,8.0,34,5,5.0,19,12,4.0,8,10,3.0,2.0,14,14,4.0,6.0,23,25,12,12,20,11,4.0,3,10,19,10,14.0,16,26,8,14,10,2.0,0.0,0.0,0.0,0.0,9.0,3.0,2.0,3.0,2.0,5.0,4.0,0.0,1.0,3.0,0.0,8.0,1.0,2.0,3.0,1.0,1.0,2.0,0.0,4.0,1.0,0.0
bacteria_staphylococcus_chunk_72,bacteria_staphylococcus.fasta,72,bacteria,21,12,5.0,35,11,4,6.0,11,4.0,1,3.0,9.0,28,20,14,28,5,8.0,6,7,8,0.0,3.0,3.0,2.0,1.0,10,10.0,4.0,4.0,15,6.0,5.0,2.0,5,3,4.0,5.0,3.0,1.0,3.0,11.0,5.0,3.0,5,27,8,5,28,19,9,7,27,9.0,8,2.0,9,23,17.0,14,30,8.0,7,4,25,4,4.0,2.0,7.0,3.0,5,1.0,6.0,8.0,13.0,3.0,19,11.0,2.0,2.0,8,4.0,3.0,0.0,5.0,1.0,1.0,7.0,1.0,1.0,5.0,7,2.0,7.0,2.0,2.0,1.0,0.0,4.0,6.0,15,14,5.0,3.0,10,6.0,5.0,5.0,5.0,3.0,6.0,11,12.0,9.0,25,6,2.0,2.0,4,0.0,4.0,5.0,4.0,3.0,7,8.0,6,12,5,2.0,1.0,9,3.0,2.0,0.0,3.0,5,3,15,2.0,3.0,2.0,2.0,4.0,0.0,1.0,2.0,1.0,0.0,2.0,5.0,2.0,3.0,1.0,13,3.0,3.0,8,4.0,2.0,8.0,5,2.0,2.0,6,9,9.0,6,13,38,11,6,26,7,7.0,2.0,11,6.0,3,3.0,6,25,21,5,25,23,5,6.0,19,8,6.0,5,5.0,4.0,13.0,16,6.0,21.0,5,5,5.0,19,8,2.0,14,3,3.0,1.0,6,7,7.0,3.0,16,27,11,7,30,24,7.0,9,17,15,14,6.0,12,32,19,17,34,1.0,2.0,3.0,4.0,3.0,6.0,2.0,8.0,4.0,6.0,2.0,4.0,0.0,5.0,2.0,1.0,6.0,3.0,14.0,8.0,0.0,3.0,0.0,4.0,5.0,3.0,4.0
bacteria_staphylococcus_chunk_73,bacteria_staphylococcus.fasta,73,bacteria,25,15,17.0,35,18,12,10.0,5,21.0,8,3.0,7.0,34,19,16,30,20,9.0,6,11,18,3.0,11.0,6.0,7.0,3.0,2,8.0,5.0,7.0,7,14.0,9.0,3.0,10,12,1.0,7.0,2.0,0.0,6.0,8.0,3.0,5.0,5,29,18,8,23,23,9,10,8,10.0,10,8.0,9,22,6.0,19,27,20.0,17,8,24,6,9.0,1.0,9.0,2.0,7,2.0,4.0,11.0,8.0,4.0,27,17.0,3.0,2.0,15,3.0,3.0,1.0,1.0,10.0,4.0,3.0,3.0,2.0,4.0,10,4.0,8.0,4.0,2.0,0.0,2.0,5.0,0.0,4,11,9.0,4.0,6,6.0,0.0,2.0,10.0,1.0,10.0,6,5.0,5.0,6,11,4.0,6.0,13,1.0,5.0,4.0,4.0,3.0,20,3.0,11,2,15,8.0,4.0,7,3.0,8.0,1.0,2.0,7,15,7,3.0,0.0,3.0,3.0,5.0,1.0,3.0,4.0,1.0,0.0,1.0,7.0,2.0,1.0,3.0,15,4.0,1.0,13,4.0,1.0,1.0,2,3.0,1.0,3,12,2.0,6,5,36,9,8,27,15,13.0,5.0,8,9.0,4,6.0,7,13,20,6,15,17,5,3.0,17,13,5.0,2,6.0,3.0,5.0,5,3.0,5.0,14,4,1.0,13,13,6.0,11,2,8.0,2.0,4,13,4.0,2.0,13,25,10,13,12,9,5.0,3,8,9,10,6.0,10,20,12,5,24,3.0,3.0,0.0,1.0,3.0,1.0,4.0,11.0,7.0,2.0,0.0,6.0,0.0,2.0,1.0,0.0,3.0,1.0,6.0,4.0,1.0,3.0,2.0,3.0,1.0,0.0,2.0
bacteria_staphylococcus_chunk_74,bacteria_staphylococcus.fasta,74,bacteria,20,12,21.0,38,11,4,9.0,9,19.0,12,9.0,14.0,17,10,31,22,8,4.0,8,11,3,4.0,3.0,6.0,2.0,0.0,5,3.0,1.0,7.0,9,24.0,5.0,10.0,16,12,1.0,12.0,3.0,3.0,12.0,12.0,1.0,9.0,9,21,7,12,17,10,4,7,5,33.0,7,17.0,19,26,6.0,13,29,10.0,6,7,5,7,4.0,1.0,3.0,4.0,5,1.0,8.0,8.0,7.0,5.0,12,2.0,4.0,4.0,2,4.0,1.0,5.0,2.0,2.0,1.0,1.0,10.0,2.0,3.0,6,1.0,2.0,2.0,0.0,2.0,5.0,8.0,0.0,6,10,1.0,4.0,3,1.0,0.0,2.0,8.0,3.0,5.0,4,1.0,3.0,10,30,9.0,20.0,16,1.0,3.0,14.0,4.0,4.0,18,3.0,20,14,9,3.0,3.0,8,0.0,1.0,2.0,4.0,10,8,4,9.0,0.0,6.0,5.0,2.0,1.0,4.0,2.0,2.0,3.0,6.0,11.0,4.0,7.0,10.0,13,2.0,5.0,24,2.0,1.0,2.0,9,4.0,3.0,8,13,5.0,18,13,31,6,6,20,8,3.0,2.0,5,18.0,8,8.0,5,14,6,20,26,9,4,3.0,11,3,1.0,10,1.0,2.0,6.0,3,2.0,4.0,32,3,7.0,28,8,1.0,7,13,2.0,6.0,9,13,7.0,5.0,24,19,8,18,22,14,3.0,5,2,20,5,7.0,17,24,12,15,20,4.0,4.0,2.0,0.0,0.0,3.0,1.0,2.0,5.0,1.0,4.0,4.0,0.0,3.0,1.0,1.0,7.0,4.0,2.0,2.0,0.0,0.0,2.0,2.0,1.0,1.0,1.0
bacteria_staphylococcus_chunk_75,bacteria_staphylococcus.fasta,75,bacteria,77,29,23.0,42,20,12,4.0,22,20.0,14,4.0,19.0,34,16,13,28,26,1.0,7,8,7,1.0,11.0,3.0,2.0,1.0,5,19.0,4.0,6.0,14,26.0,3.0,2.0,17,8,5.0,5.0,7.0,0.0,5.0,12.0,5.0,5.0,9,33,16,6,24,15,4,6,7,14.0,5,6.0,8,27,9.0,7,26,22.0,8,9,13,4,3.0,1.0,6.0,10.0,4,4.0,2.0,9.0,4.0,4.0,9,7.0,1.0,4.0,3,0.0,0.0,1.0,3.0,11.0,2.0,2.0,6.0,0.0,1.0,1,2.0,3.0,2.0,0.0,1.0,1.0,4.0,4.0,5,16,12.0,5.0,8,5.0,1.0,6.0,3.0,2.0,4.0,11,1.0,8.0,13,24,5.0,14.0,13,1.0,2.0,6.0,1.0,3.0,16,2.0,3,8,4,3.0,3.0,3,1.0,3.0,1.0,2.0,5,1,6,3.0,0.0,6.0,5.0,0.0,0.0,1.0,2.0,0.0,0.0,2.0,6.0,1.0,3.0,4.0,11,5.0,3.0,9,5.0,1.0,6.0,2,1.0,4.0,5,8,3.0,6,16,48,16,11,23,18,8.0,3.0,13,12.0,1,2.0,7,20,10,13,24,15,9,6.0,12,4,3.0,2,3.0,1.0,4.0,6,4.0,11.0,21,3,4.0,6,3,2.0,4,5,2.0,1.0,6,6,4.0,3.0,15,38,9,8,26,16,1.0,1,4,15,4,2.0,11,35,9,11,28,2.0,1.0,2.0,1.0,2.0,1.0,1.0,2.0,0.0,3.0,3.0,2.0,2.0,1.0,5.0,0.0,2.0,0.0,2.0,2.0,3.0,3.0,3.0,5.0,2.0,0.0,2.0
bacteria_staphylococcus_chunk_76,bacteria_staphylococcus.fasta,76,bacteria,32,14,9.0,28,15,4,5.0,17,8.0,9,5.0,9.0,29,17,12,33,15,10.0,5,9,4,4.0,8.0,5.0,1.0,1.0,5,6.0,6.0,9.0,16,3.0,2.0,2.0,9,6,4.0,7.0,5.0,0.0,12.0,6.0,1.0,5.0,6,26,10,8,24,14,4,7,17,13.0,6,12.0,6,22,17.0,18,24,13.0,11,3,20,8,7.0,0.0,5.0,3.0,2,3.0,1.0,8.0,8.0,6.0,19,9.0,0.0,1.0,6,3.0,1.0,0.0,2.0,4.0,7.0,7.0,5.0,2.0,2.0,8,2.0,5.0,0.0,0.0,2.0,1.0,3.0,3.0,7,12,5.0,1.0,11,5.0,3.0,8.0,10.0,4.0,3.0,15,15.0,7.0,20,9,4.0,10.0,13,1.0,5.0,3.0,0.0,3.0,17,1.0,6,10,9,1.0,1.0,5,2.0,2.0,1.0,4.0,8,4,8,6.0,3.0,1.0,6.0,3.0,1.0,2.0,1.0,3.0,1.0,3.0,6.0,4.0,7.0,7.0,11,4.0,1.0,9,3.0,6.0,4.0,5,0.0,3.0,7,8,5.0,6,15,29,12,9,30,11,6.0,5.0,10,2.0,6,7.0,5,14,16,13,19,14,9,3.0,21,8,7.0,7,5.0,1.0,3.0,11,5.0,26.0,22,6,4.0,11,5,2.0,11,8,5.0,5.0,8,10,6.0,2.0,14,30,13,10,18,25,6.0,5,20,15,7,7.0,16,26,19,14,34,0.0,1.0,3.0,2.0,1.0,1.0,1.0,10.0,5.0,2.0,3.0,1.0,2.0,2.0,4.0,2.0,1.0,0.0,7.0,5.0,3.0,2.0,3.0,2.0,4.0,2.0,0.0
bacteria_staphylococcus_chunk_77,bacteria_staphylococcus.fasta,77,bacteria,31,7,12.0,27,9,3,4.0,10,11.0,6,5.0,5.0,21,13,13,31,9,5.0,1,13,9,3.0,9.0,1.0,3.0,0.0,7,7.0,3.0,5.0,19,12.0,1.0,0.0,7,4,0.0,7.0,0.0,0.0,6.0,7.0,2.0,0.0,10,16,10,4,38,14,5,9,21,11.0,5,5.0,10,25,11.0,15,42,18.0,3,5,15,4,6.0,2.0,5.0,6.0,4,1.0,5.0,15.0,11.0,1.0,18,4.0,2.0,3.0,8,1.0,1.0,1.0,3.0,4.0,2.0,8.0,1.0,2.0,0.0,3,6.0,7.0,0.0,2.0,1.0,3.0,2.0,4.0,8,13,5.0,1.0,10,8.0,0.0,8.0,4.0,3.0,7.0,13,20.0,10.0,30,7,4.0,4.0,12,3.0,5.0,0.0,0.0,0.0,6,3.0,5,10,5,3.0,3.0,4,4.0,1.0,1.0,3.0,6,5,12,2.0,1.0,0.0,1.0,2.0,2.0,1.0,1.0,0.0,1.0,0.0,3.0,4.0,3.0,7.0,9,6.0,1.0,10,6.0,3.0,8.0,2,3.0,1.0,4,12,6.0,7,14,22,12,6,24,13,10.0,4.0,14,3.0,2,1.0,9,26,22,12,34,23,7,9.0,20,2,3.0,3,8.0,4.0,3.0,12,7.0,34.0,12,6,0.0,13,3,6.0,12,4,2.0,0.0,8,14,9.0,5.0,14,26,20,9,36,31,1.0,7,22,14,13,5.0,21,41,24,21,47,1.0,1.0,4.0,1.0,1.0,2.0,1.0,4.0,1.0,1.0,0.0,2.0,2.0,0.0,2.0,0.0,2.0,2.0,6.0,4.0,1.0,3.0,0.0,1.0,4.0,3.0,1.0
bacteria_staphylococcus_chunk_78,bacteria_staphylococcus.fasta,78,bacteria,20,13,14.0,22,18,8,2.0,11,8.0,5,7.0,9.0,19,10,16,24,16,6.0,8,10,8,2.0,8.0,2.0,2.0,1.0,8,10.0,4.0,6.0,10,12.0,3.0,3.0,7,9,2.0,8.0,2.0,1.0,12.0,6.0,5.0,6.0,12,17,7,9,9,6,6,5,12,8.0,2,15.0,11,30,16.0,17,27,15.0,12,3,15,7,4.0,2.0,3.0,5.0,8,3.0,2.0,3.0,8.0,5.0,21,7.0,2.0,5.0,8,2.0,0.0,0.0,3.0,4.0,3.0,5.0,2.0,1.0,2.0,5,3.0,0.0,0.0,1.0,1.0,0.0,4.0,1.0,12,4,10.0,5.0,10,5.0,0.0,9.0,9.0,4.0,4.0,11,12.0,7.0,18,10,7.0,6.0,11,3.0,2.0,3.0,0.0,8.0,10,2.0,5,11,11,3.0,3.0,9,1.0,4.0,0.0,3.0,6,6,6,5.0,3.0,4.0,7.0,4.0,1.0,2.0,2.0,5.0,1.0,4.0,12.0,2.0,12.0,10.0,9,4.0,4.0,14,0.0,4.0,5.0,4,8.0,3.0,8,12,9.0,16,24,24,7,6,21,11,5.0,6.0,14,8.0,8,8.0,10,10,9,10,34,11,5,2.0,10,8,7.0,2,2.0,1.0,6.0,9,4.0,27.0,15,5,2.0,9,10,3.0,11,12,4.0,8.0,20,9,3.0,2.0,27,28,15,16,30,17,7.0,4,20,10,11,22.0,18,36,11,21,33,2.0,3.0,4.0,1.0,1.0,3.0,1.0,4.0,4.0,3.0,0.0,2.0,1.0,1.0,1.0,5.0,2.0,2.0,6.0,1.0,0.0,4.0,1.0,2.0,3.0,1.0,0.0
bacteria_staphylococcus_chunk_79,bacteria_staphylococcus.fasta,79,bacteria,34,15,14.0,18,16,3,6.0,11,13.0,5,3.0,11.0,21,5,9,28,15,1.0,3,10,4,1.0,8.0,1.0,3.0,3.0,3,11.0,3.0,4.0,14,12.0,4.0,2.0,7,8,5.0,13.0,6.0,3.0,7.0,4.0,5.0,12.0,14,17,5,9,18,13,4,6,5,10.0,7,8.0,13,38,7.0,18,37,11.0,7,6,15,2,3.0,2.0,4.0,2.0,8,2.0,9.0,6.0,6.0,10.0,21,2.0,1.0,2.0,5,5.0,0.0,2.0,3.0,2.0,3.0,4.0,3.0,1.0,3.0,5,2.0,2.0,2.0,5.0,0.0,2.0,4.0,1.0,10,7,2.0,8.0,11,4.0,1.0,4.0,2.0,3.0,8.0,11,5.0,4.0,16,14,5.0,6.0,5,2.0,5.0,4.0,2.0,3.0,8,2.0,4,14,10,6.0,10.0,12,2.0,4.0,3.0,5.0,8,8,9,7.0,1.0,3.0,6.0,9.0,1.0,4.0,5.0,2.0,3.0,3.0,9.0,2.0,8.0,5.0,6,6.0,7.0,10,8.0,2.0,4.0,5,5.0,6.0,9,21,5.0,7,20,23,9,6,24,7,5.0,2.0,12,6.0,14,11.0,12,14,15,15,37,12,3,6.0,16,4,1.0,2,2.0,1.0,6.0,7,2.0,9.0,8,5,2.0,10,19,3.0,8,7,10.0,5.0,12,12,6.0,3.0,24,32,13,19,42,12,3.0,4,9,8,15,17.0,15,36,11,26,37,3.0,1.0,1.0,1.0,1.0,2.0,2.0,6.0,4.0,0.0,1.0,1.0,3.0,2.0,2.0,5.0,0.0,5.0,4.0,3.0,1.0,3.0,2.0,0.0,3.0,1.0,2.0
bacteria_staphylococcus_chunk_80,bacteria_staphylococcus.fasta,80,bacteria,9,13,6.0,27,10,9,12.0,11,2.0,3,2.0,11.0,18,11,12,15,6,5.0,4,16,18,4.0,10.0,6.0,5.0,4.0,12,7.0,4.0,4.0,12,5.0,2.0,1.0,4,4,2.0,7.0,4.0,0.0,3.0,6.0,8.0,5.0,8,18,13,4,20,12,5,5,18,9.0,7,8.0,8,8,13.0,15,26,15.0,9,5,11,6,10.0,5.0,6.0,4.0,6,6.0,5.0,18.0,9.0,5.0,21,16.0,11.0,6.0,12,2.0,3.0,1.0,6.0,1.0,4.0,10.0,3.0,5.0,1.0,5,3.0,5.0,2.0,4.0,0.0,4.0,6.0,4.0,14,11,4.0,6.0,5,2.0,1.0,7.0,7.0,4.0,8.0,5,21.0,12.0,18,10,7.0,2.0,6,7.0,3.0,3.0,1.0,3.0,8,5.0,9,11,9,2.0,5.0,8,0.0,3.0,1.0,6.0,5,5,9,2.0,4.0,2.0,10.0,6.0,0.0,4.0,1.0,1.0,0.0,0.0,6.0,2.0,5.0,5.0,8,10.0,3.0,10,4.0,4.0,6.0,7,4.0,6.0,11,8,8.0,15,16,21,13,5,12,10,11.0,6.0,7,3.0,6,2.0,8,11,15,6,15,9,9,6.0,17,11,4.0,3,6.0,4.0,8.0,13,5.0,25.0,15,8,4.0,14,11,2.0,10,11,3.0,1.0,11,13,7.0,10.0,20,14,7,6,12,23,9.0,8,23,18,14,8.0,23,18,21,21,32,3.0,4.0,7.0,1.0,4.0,8.0,6.0,5.0,5.0,4.0,1.0,9.0,1.0,4.0,2.0,0.0,7.0,3.0,11.0,7.0,3.0,2.0,4.0,5.0,4.0,6.0,1.0
bacteria_staphylococcus_chunk_81,bacteria_staphylococcus.fasta,81,bacteria,31,8,15.0,24,13,8,7.0,17,12.0,7,2.0,9.0,35,11,14,24,15,3.0,7,13,15,2.0,6.0,9.0,3.0,3.0,8,7.0,2.0,7.0,19,11.0,5.0,2.0,16,12,4.0,2.0,0.0,0.0,7.0,9.0,5.0,6.0,8,27,13,13,36,19,3,6,7,18.0,7,9.0,16,17,11.0,8,30,13.0,13,8,18,9,6.0,6.0,3.0,6.0,5,6.0,9.0,9.0,9.0,6.0,12,11.0,6.0,5.0,12,1.0,2.0,2.0,2.0,2.0,4.0,5.0,7.0,1.0,2.0,8,2.0,4.0,1.0,5.0,0.0,5.0,5.0,6.0,4,5,7.0,0.0,8,2.0,1.0,1.0,6.0,5.0,5.0,8,8.0,11.0,13,9,11.0,3.0,13,3.0,4.0,2.0,5.0,3.0,20,4.0,9,9,11,9.0,5.0,4,0.0,4.0,2.0,5.0,5,4,7,3.0,1.0,1.0,4.0,10.0,1.0,2.0,2.0,1.0,2.0,1.0,9.0,2.0,4.0,9.0,15,5.0,6.0,10,5.0,5.0,4.0,7,6.0,4.0,5,13,9.0,8,3,25,13,3,29,12,8.0,6.0,11,14.0,3,2.0,7,25,11,21,21,15,6,9.0,7,12,5.0,4,4.0,4.0,4.0,6,4.0,9.0,15,8,5.0,14,5,5.0,9,7,5.0,4.0,11,13,4.0,8.0,12,23,12,8,24,11,8.0,6,11,11,5,9.0,11,29,8,9,17,2.0,3.0,4.0,0.0,3.0,4.0,3.0,3.0,4.0,4.0,0.0,3.0,1.0,4.0,2.0,3.0,3.0,1.0,4.0,2.0,0.0,0.0,2.0,2.0,1.0,1.0,0.0
bacteria_staphylococcus_chunk_82,bacteria_staphylococcus.fasta,82,bacteria,42,16,10.0,32,16,9,7.0,7,17.0,8,6.0,10.0,35,5,27,30,17,3.0,6,14,7,3.0,6.0,6.0,3.0,3.0,2,9.0,2.0,5.0,8,21.0,0.0,7.0,15,8,3.0,5.0,5.0,3.0,6.0,11.0,2.0,5.0,11,32,16,12,28,13,2,4,5,19.0,10,5.0,15,30,15.0,16,35,13.0,5,10,22,6,1.0,0.0,6.0,7.0,4,3.0,2.0,14.0,3.0,8.0,16,5.0,2.0,2.0,8,4.0,2.0,0.0,1.0,2.0,1.0,5.0,7.0,3.0,4.0,5,3.0,2.0,2.0,1.0,1.0,3.0,3.0,2.0,6,4,7.0,2.0,7,3.0,5.0,3.0,3.0,3.0,4.0,7,4.0,2.0,12,15,6.0,8.0,20,2.0,6.0,7.0,3.0,8.0,12,4.0,5,20,8,3.0,5.0,5,1.0,2.0,1.0,5.0,4,1,6,5.0,4.0,3.0,6.0,4.0,0.0,1.0,2.0,3.0,2.0,2.0,7.0,3.0,4.0,7.0,12,4.0,3.0,11,11.0,1.0,3.0,4,0.0,8.0,4,15,2.0,5,11,30,12,13,23,15,7.0,6.0,5,11.0,4,3.0,9,27,12,9,30,20,5,3.0,14,4,2.0,7,3.0,3.0,4.0,5,5.0,7.0,16,5,7.0,15,6,3.0,5,8,3.0,3.0,10,9,10.0,6.0,9,30,6,10,32,15,3.0,6,10,17,6,8.0,11,26,13,19,24,3.0,1.0,1.0,0.0,2.0,1.0,2.0,1.0,3.0,1.0,3.0,5.0,0.0,2.0,2.0,2.0,2.0,2.0,4.0,3.0,2.0,3.0,3.0,3.0,3.0,0.0,0.0
bacteria_staphylococcus_chunk_83,bacteria_staphylococcus.fasta,83,bacteria,37,13,8.0,40,10,6,2.0,7,8.0,3,2.0,11.0,40,16,7,38,5,3.0,3,12,9,1.0,3.0,1.0,1.0,2.0,2,8.0,2.0,0.0,13,11.0,1.0,1.0,8,5,2.0,4.0,5.0,1.0,1.0,10.0,4.0,2.0,13,40,8,8,52,15,8,5,21,6.0,3,3.0,8,26,22.0,15,49,14.0,1,3,14,4,3.0,3.0,3.0,4.0,1,1.0,4.0,26.0,8.0,3.0,18,8.0,3.0,3.0,15,1.0,1.0,0.0,2.0,4.0,1.0,5.0,5.0,1.0,3.0,4,0.0,3.0,1.0,0.0,0.0,3.0,1.0,3.0,3,14,2.0,4.0,16,2.0,2.0,11.0,2.0,1.0,0.0,12,9.0,3.0,23,12,1.0,5.0,8,1.0,1.0,2.0,2.0,3.0,8,4.0,1,14,2,0.0,1.0,5,3.0,1.0,2.0,1.0,5,1,3,5.0,2.0,0.0,4.0,1.0,1.0,1.0,1.0,0.0,0.0,1.0,3.0,0.0,4.0,4.0,8,4.0,1.0,7,6.0,2.0,5.0,1,1.0,5.0,3,4,3.0,5,18,35,10,8,39,6,8.0,1.0,12,7.0,5,1.0,11,34,21,8,42,17,7,3.0,23,9,5.0,10,4.0,0.0,3.0,19,10.0,26.0,5,1,6.0,11,2,1.0,3,5,4.0,0.0,6,6,8.0,3.0,10,30,13,11,30,27,9.0,8,20,14,5,6.0,16,42,30,18,67,0.0,0.0,8.0,2.0,3.0,1.0,3.0,1.0,3.0,0.0,3.0,3.0,2.0,0.0,0.0,0.0,2.0,4.0,2.0,4.0,3.0,4.0,0.0,5.0,2.0,4.0,0.0
bacteria_staphylococcus_chunk_84,bacteria_staphylococcus.fasta,84,bacteria,59,14,31.0,42,11,4,6.0,9,25.0,7,5.0,15.0,34,9,18,29,13,3.0,7,8,5,1.0,2.0,10.0,2.0,2.0,5,7.0,3.0,1.0,8,19.0,7.0,12.0,17,5,2.0,5.0,7.0,3.0,5.0,12.0,2.0,5.0,10,28,5,11,34,10,4,2,6,14.0,12,7.0,15,20,8.0,21,39,13.0,6,5,9,4,2.0,2.0,3.0,10.0,1,2.0,4.0,6.0,5.0,4.0,9,8.0,2.0,2.0,2,1.0,0.0,1.0,1.0,2.0,1.0,2.0,8.0,2.0,5.0,4,2.0,2.0,2.0,2.0,1.0,2.0,6.0,3.0,2,9,6.0,2.0,10,2.0,0.0,3.0,4.0,1.0,2.0,7,1.0,2.0,16,38,4.0,6.0,14,0.0,4.0,11.0,1.0,3.0,16,2.0,8,20,5,2.0,4.0,5,0.0,4.0,1.0,4.0,7,1,9,13.0,3.0,1.0,9.0,2.0,2.0,3.0,4.0,6.0,3.0,3.0,4.0,2.0,5.0,8.0,15,3.0,5.0,6,7.0,1.0,5.0,2,3.0,6.0,4,7,4.0,12,12,36,6,10,25,9,3.0,4.0,3,10.0,5,6.0,7,22,6,18,30,7,4,4.0,9,2,3.0,4,1.0,3.0,2.0,11,1.0,7.0,22,6,1.0,16,7,5.0,8,11,4.0,8.0,9,7,9.0,4.0,15,25,5,9,26,5,3.0,5,9,25,5,18.0,14,31,9,27,46,2.0,2.0,6.0,3.0,0.0,1.0,1.0,0.0,7.0,7.0,4.0,1.0,2.0,1.0,2.0,7.0,3.0,1.0,4.0,0.0,0.0,0.0,1.0,1.0,2.0,3.0,0.0
bacteria_staphylococcus_chunk_85,bacteria_staphylococcus.fasta,85,bacteria,11,10,10.0,21,15,6,8.0,5,4.0,10,6.0,10.0,24,16,18,14,12,8.0,5,9,19,4.0,13.0,8.0,6.0,2.0,3,4.0,4.0,4.0,15,3.0,2.0,2.0,6,11,1.0,15.0,3.0,0.0,4.0,5.0,7.0,3.0,11,26,15,7,14,15,9,8,15,10.0,8,14.0,5,7,4.0,14,23,12.0,10,5,17,5,14.0,5.0,6.0,3.0,10,2.0,8.0,12.0,18.0,5.0,13,14.0,5.0,3.0,14,1.0,4.0,1.0,3.0,6.0,4.0,14.0,4.0,3.0,0.0,10,4.0,10.0,0.0,0.0,0.0,3.0,9.0,4.0,3,18,10.0,1.0,5,2.0,1.0,10.0,8.0,5.0,6.0,3,30.0,11.0,27,5,6.0,6.0,9,3.0,4.0,3.0,3.0,4.0,15,5.0,9,4,7,6.0,9.0,11,4.0,2.0,0.0,7.0,10,10,13,6.0,0.0,1.0,5.0,5.0,1.0,5.0,1.0,0.0,1.0,1.0,5.0,3.0,4.0,2.0,10,8.0,1.0,8,3.0,3.0,10.0,5,5.0,1.0,6,9,4.0,8,8,23,8,9,25,9,15.0,6.0,12,3.0,7,2.0,4,11,8,5,17,11,11,6.0,14,8,8.0,6,7.0,0.0,6.0,14,2.0,29.0,13,7,7.0,12,13,3.0,15,9,8.0,2.0,6,8,6.0,7.0,13,11,9,7,14,22,6.0,7,24,16,10,5.0,17,22,21,15,27,3.0,3.0,2.0,0.0,3.0,3.0,4.0,13.0,5.0,0.0,0.0,7.0,1.0,0.0,2.0,1.0,3.0,4.0,14.0,5.0,2.0,3.0,2.0,2.0,8.0,2.0,1.0
bacteria_staphylococcus_chunk_86,bacteria_staphylococcus.fasta,86,bacteria,27,10,13.0,20,18,3,6.0,12,15.0,6,5.0,20.0,16,6,25,19,18,3.0,4,18,3,0.0,2.0,4.0,0.0,1.0,9,10.0,4.0,2.0,9,10.0,2.0,9.0,16,9,4.0,8.0,9.0,1.0,5.0,13.0,4.0,10.0,13,16,2,15,17,19,5,5,4,21.0,9,15.0,13,33,14.0,15,39,12.0,8,14,15,6,2.0,2.0,2.0,5.0,6,3.0,4.0,5.0,10.0,12.0,22,6.0,2.0,3.0,8,1.0,0.0,0.0,0.0,3.0,0.0,3.0,3.0,4.0,1.0,4,1.0,3.0,2.0,2.0,1.0,4.0,5.0,4.0,7,10,3.0,2.0,11,2.0,3.0,0.0,3.0,4.0,2.0,13,3.0,4.0,5,13,9.0,10.0,7,1.0,4.0,5.0,6.0,3.0,17,4.0,9,18,6,3.0,4.0,8,3.0,3.0,5.0,3.0,6,5,9,8.0,3.0,3.0,7.0,4.0,1.0,4.0,5.0,0.0,0.0,5.0,6.0,5.0,8.0,10.0,9,7.0,4.0,13,10.0,2.0,3.0,10,2.0,6.0,6,13,7.0,8,15,18,12,9,24,13,0.0,3.0,7,12.0,6,8.0,13,12,13,12,42,19,4,7.0,15,10,1.0,4,6.0,3.0,6.0,7,0.0,4.0,18,4,4.0,21,7,2.0,6,10,9.0,3.0,15,9,4.0,4.0,13,28,11,18,38,14,4.0,9,7,13,6,12.0,9,36,10,13,39,3.0,3.0,2.0,1.0,1.0,2.0,1.0,1.0,5.0,3.0,2.0,4.0,0.0,1.0,0.0,1.0,2.0,0.0,3.0,3.0,0.0,0.0,1.0,1.0,2.0,1.0,0.0
bacteria_staphylococcus_chunk_87,bacteria_staphylococcus.fasta,87,bacteria,17,10,7.0,32,7,7,9.0,13,1.0,4,1.0,15.0,18,15,17,30,4,6.0,4,13,10,1.0,15.0,5.0,6.0,2.0,11,5.0,2.0,6.0,10,4.0,1.0,2.0,2,7,0.0,7.0,3.0,1.0,3.0,7.0,3.0,5.0,15,24,18,6,19,8,8,10,23,6.0,9,8.0,11,10,9.0,10,27,12.0,9,6,16,5,6.0,6.0,2.0,4.0,5,1.0,6.0,24.0,15.0,7.0,11,12.0,6.0,3.0,12,0.0,2.0,0.0,3.0,7.0,11.0,9.0,3.0,1.0,1.0,7,6.0,5.0,3.0,1.0,1.0,1.0,9.0,6.0,8,19,10.0,3.0,2,6.0,6.0,3.0,6.0,9.0,8.0,2,21.0,9.0,21,14,3.0,3.0,5,3.0,1.0,3.0,2.0,3.0,6,5.0,6,8,10,2.0,3.0,10,2.0,1.0,0.0,4.0,8,5,9,7.0,4.0,1.0,8.0,5.0,0.0,2.0,8.0,2.0,3.0,2.0,2.0,4.0,2.0,5.0,12,5.0,3.0,10,9.0,6.0,4.0,4,5.0,3.0,4,9,9.0,8,17,23,14,5,27,12,13.0,7.0,7,1.0,5,6.0,6,19,15,4,7,17,5,5.0,22,11,7.0,6,6.0,4.0,8.0,14,7.0,25.0,11,3,4.0,8,7,5.0,10,12,10.0,5.0,7,12,6.0,6.0,15,14,6,6,14,26,9.0,8,24,10,5,14.0,16,19,28,18,34,2.0,1.0,6.0,3.0,5.0,3.0,5.0,7.0,3.0,2.0,0.0,6.0,1.0,2.0,2.0,0.0,0.0,0.0,8.0,4.0,6.0,3.0,0.0,3.0,8.0,10.0,2.0
bacteria_staphylococcus_chunk_88,bacteria_staphylococcus.fasta,88,bacteria,23,4,14.0,28,7,2,10.0,11,7.0,6,1.0,15.0,31,16,15,20,9,12.0,4,9,6,5.0,5.0,7.0,8.0,2.0,6,1.0,5.0,10.0,22,4.0,4.0,5.0,8,6,5.0,2.0,2.0,1.0,2.0,5.0,4.0,8.0,13,29,12,10,16,19,4,6,18,12.0,6,6.0,18,13,11.0,14,22,9.0,10,3,11,10,6.0,5.0,8.0,6.0,2,1.0,4.0,10.0,14.0,9.0,13,6.0,6.0,2.0,7,4.0,1.0,0.0,3.0,7.0,5.0,5.0,6.0,6.0,2.0,11,6.0,4.0,3.0,0.0,2.0,4.0,2.0,4.0,12,17,2.0,2.0,3,3.0,6.0,3.0,10.0,4.0,7.0,6,10.0,8.0,20,11,1.0,4.0,11,4.0,10.0,3.0,2.0,4.0,18,8.0,10,15,7,3.0,1.0,8,5.0,7.0,5.0,3.0,4,3,4,1.0,3.0,0.0,11.0,2.0,1.0,4.0,2.0,3.0,0.0,1.0,6.0,2.0,3.0,2.0,10,4.0,3.0,7,4.0,0.0,6.0,9,3.0,7.0,9,9,4.0,13,18,26,15,8,32,8,6.0,1.0,9,5.0,7,5.0,7,8,9,8,12,11,8,6.0,22,2,5.0,7,7.0,2.0,9.0,12,3.0,13.0,16,16,2.0,21,5,3.0,6,7,7.0,1.0,6,11,7.0,14.0,18,25,6,9,11,21,5.0,6,12,24,9,4.0,16,23,19,18,28,4.0,2.0,6.0,2.0,3.0,3.0,1.0,8.0,9.0,6.0,0.0,7.0,5.0,3.0,2.0,4.0,7.0,0.0,11.0,12.0,4.0,2.0,5.0,2.0,3.0,3.0,0.0
bacteria_staphylococcus_chunk_89,bacteria_staphylococcus.fasta,89,bacteria,38,14,11.0,35,18,6,7.0,9,8.0,6,5.0,9.0,29,17,21,27,12,6.0,9,12,15,3.0,4.0,6.0,3.0,3.0,3,12.0,3.0,7.0,17,10.0,2.0,2.0,6,7,2.0,4.0,3.0,1.0,8.0,13.0,7.0,3.0,6,24,10,7,32,17,4,5,18,16.0,12,7.0,12,25,10.0,12,28,19.0,10,6,20,5,6.0,3.0,13.0,5.0,5,3.0,9.0,10.0,10.0,4.0,16,17.0,5.0,6.0,10,3.0,2.0,1.0,1.0,7.0,5.0,4.0,6.0,0.0,4.0,5,2.0,3.0,2.0,2.0,1.0,1.0,5.0,1.0,2,13,9.0,3.0,9,5.0,1.0,2.0,10.0,2.0,4.0,8,9.0,6.0,15,12,2.0,4.0,14,3.0,9.0,3.0,1.0,4.0,15,2.0,8,8,13,5.0,2.0,5,7.0,1.0,0.0,1.0,6,2,4,2.0,1.0,3.0,2.0,3.0,2.0,0.0,1.0,0.0,0.0,2.0,7.0,3.0,8.0,5.0,9,5.0,3.0,16,7.0,6.0,2.0,6,3.0,3.0,3,5,5.0,5,12,28,14,7,25,15,12.0,2.0,8,4.0,3,5.0,7,19,15,14,24,14,11,5.0,13,14,7.0,5,2.0,2.0,4.0,9,5.0,13.0,14,13,2.0,20,13,1.0,7,3,0.0,0.0,12,8,5.0,3.0,14,28,13,6,15,14,9.0,6,11,17,7,3.0,11,24,16,15,28,2.0,4.0,5.0,0.0,3.0,1.0,6.0,4.0,1.0,3.0,3.0,4.0,1.0,0.0,2.0,0.0,1.0,2.0,6.0,5.0,1.0,3.0,1.0,5.0,3.0,2.0,2.0
bacteria_staphylococcus_chunk_90,bacteria_staphylococcus.fasta,90,bacteria,35,17,12.0,21,25,7,5.0,13,20.0,9,4.0,6.0,18,18,9,30,18,6.0,8,19,12,2.0,12.0,8.0,2.0,1.0,6,6.0,4.0,11.0,15,16.0,6.0,5.0,12,10,8.0,3.0,4.0,0.0,8.0,8.0,3.0,5.0,6,16,12,4,24,25,4,6,14,20.0,10,5.0,8,17,14.0,12,33,12.0,10,7,21,7,11.0,3.0,4.0,7.0,6,3.0,8.0,14.0,13.0,12.0,16,3.0,7.0,2.0,12,2.0,1.0,0.0,0.0,6.0,5.0,5.0,6.0,7.0,1.0,8,2.0,3.0,2.0,1.0,0.0,1.0,4.0,2.0,9,15,8.0,2.0,6,5.0,3.0,6.0,11.0,4.0,5.0,11,9.0,8.0,11,14,10.0,12.0,9,3.0,5.0,4.0,3.0,4.0,8,6.0,15,9,7,4.0,4.0,5,4.0,7.0,0.0,3.0,6,3,7,3.0,3.0,3.0,2.0,0.0,0.0,1.0,3.0,0.0,0.0,2.0,8.0,1.0,6.0,6.0,12,6.0,4.0,6,8.0,0.0,2.0,5,3.0,3.0,2,6,3.0,5,12,24,13,8,24,11,7.0,1.0,14,8.0,5,3.0,4,17,12,7,21,22,8,10.0,19,4,3.0,5,1.0,3.0,6.0,13,4.0,11.0,20,8,6.0,16,8,5.0,9,5,1.0,2.0,10,8,5.0,2.0,5,26,7,10,21,21,5.0,5,11,14,10,6.0,5,30,16,10,20,2.0,2.0,2.0,0.0,3.0,0.0,1.0,4.0,8.0,8.0,4.0,6.0,0.0,0.0,5.0,0.0,1.0,1.0,5.0,5.0,2.0,5.0,1.0,2.0,2.0,2.0,0.0
bacteria_staphylococcus_chunk_91,bacteria_staphylococcus.fasta,91,bacteria,21,8,10.0,31,20,5,2.0,16,8.0,5,2.0,6.0,21,14,16,35,15,4.0,7,18,9,3.0,7.0,4.0,1.0,1.0,2,8.0,3.0,6.0,24,6.0,2.0,1.0,5,9,0.0,6.0,3.0,0.0,3.0,7.0,2.0,3.0,10,32,9,7,18,25,7,8,7,14.0,9,3.0,10,28,12.0,15,45,10.0,12,5,16,2,8.0,2.0,10.0,1.0,6,2.0,8.0,16.0,17.0,9.0,21,6.0,4.0,3.0,10,1.0,1.0,2.0,2.0,3.0,2.0,7.0,3.0,2.0,1.0,4,1.0,3.0,0.0,2.0,0.0,1.0,6.0,6.0,5,8,11.0,2.0,8,5.0,1.0,5.0,4.0,0.0,8.0,15,9.0,5.0,24,13,7.0,0.0,5,1.0,1.0,1.0,0.0,2.0,11,0.0,6,9,6,2.0,6.0,10,2.0,0.0,0.0,4.0,4,5,7,2.0,0.0,0.0,3.0,3.0,0.0,1.0,1.0,0.0,0.0,1.0,6.0,0.0,0.0,3.0,7,4.0,2.0,11,8.0,4.0,5.0,1,4.0,1.0,4,7,4.0,10,17,26,16,6,34,18,6.0,2.0,14,4.0,5,1.0,6,18,16,5,35,16,12,1.0,25,9,6.0,5,4.0,0.0,10.0,14,3.0,15.0,15,4,2.0,14,11,3.0,9,2,3.0,1.0,4,5,13.0,6.0,20,35,16,5,37,16,6.0,6,18,15,9,6.0,22,43,21,22,55,1.0,0.0,1.0,2.0,2.0,1.0,2.0,4.0,4.0,2.0,1.0,4.0,0.0,0.0,0.0,0.0,4.0,3.0,3.0,3.0,1.0,4.0,0.0,1.0,3.0,1.0,0.0
bacteria_staphylococcus_chunk_92,bacteria_staphylococcus.fasta,92,bacteria,39,22,15.0,25,16,3,19.0,10,20.0,10,16.0,10.0,15,8,20,25,17,6.0,20,16,7,0.0,1.0,11.0,3.0,1.0,24,9.0,3.0,4.0,13,24.0,5.0,7.0,13,7,3.0,12.0,5.0,2.0,20.0,12.0,5.0,3.0,6,18,7,4,15,13,1,4,5,26.0,10,8.0,10,31,10.0,10,17,20.0,10,11,14,5,3.0,3.0,3.0,10.0,6,7.0,9.0,6.0,2.0,6.0,16,6.0,1.0,4.0,4,2.0,0.0,0.0,3.0,0.0,2.0,0.0,8.0,8.0,3.0,4,2.0,4.0,3.0,1.0,1.0,1.0,12.0,7.0,10,5,3.0,2.0,10,3.0,2.0,3.0,15.0,5.0,5.0,10,5.0,2.0,3,18,5.0,28.0,14,1.0,7.0,5.0,5.0,2.0,12,1.0,20,6,8,5.0,6.0,3,1.0,6.0,3.0,5.0,5,13,3,3.0,4.0,0.0,4.0,4.0,1.0,6.0,3.0,1.0,1.0,2.0,13.0,2.0,11.0,8.0,13,10.0,9.0,12,7.0,1.0,2.0,12,5.0,4.0,5,10,8.0,11,9,24,11,2,15,25,1.0,9.0,9,14.0,4,7.0,5,11,12,8,21,24,2,2.0,7,3,0.0,4,3.0,2.0,7.0,6,3.0,4.0,30,12,7.0,19,9,6.0,4,2,4.0,1.0,11,7,3.0,2.0,14,16,24,15,15,12,3.0,3,9,15,8,1.0,6,19,4,6,8,3.0,8.0,0.0,0.0,1.0,10.0,0.0,0.0,13.0,8.0,5.0,5.0,0.0,3.0,3.0,1.0,7.0,2.0,6.0,4.0,0.0,0.0,2.0,0.0,2.0,0.0,0.0
bacteria_staphylococcus_chunk_93,bacteria_staphylococcus.fasta,93,bacteria,34,16,16.0,33,12,8,4.0,7,9.0,6,4.0,15.0,39,12,29,20,15,13.0,3,7,14,3.0,14.0,3.0,6.0,1.0,3,13.0,6.0,8.0,6,7.0,8.0,0.0,5,10,6.0,5.0,2.0,0.0,3.0,11.0,5.0,1.0,8,27,20,9,28,12,4,5,11,13.0,12,7.0,16,13,7.0,18,22,20.0,7,8,24,8,9.0,2.0,7.0,3.0,4,4.0,4.0,14.0,5.0,8.0,13,13.0,5.0,5.0,11,2.0,1.0,1.0,3.0,11.0,5.0,9.0,3.0,2.0,1.0,4,7.0,2.0,3.0,2.0,1.0,1.0,7.0,3.0,9,18,4.0,7.0,5,5.0,2.0,2.0,7.0,0.0,10.0,2,7.0,6.0,15,8,1.0,2.0,11,5.0,6.0,1.0,2.0,1.0,13,2.0,3,10,23,4.0,3.0,9,6.0,2.0,1.0,9.0,4,5,3,5.0,2.0,0.0,3.0,4.0,1.0,4.0,0.0,1.0,0.0,0.0,3.0,1.0,3.0,4.0,21,5.0,5.0,8,1.0,5.0,1.0,4,6.0,0.0,3,5,4.0,14,14,36,7,8,32,10,12.0,3.0,13,7.0,10,2.0,5,18,13,8,17,9,4,4.0,13,7,4.0,3,5.0,4.0,9.0,6,1.0,12.0,7,11,3.0,16,18,5.0,6,4,2.0,0.0,7,18,6.0,4.0,16,17,9,3,15,12,4.0,6,12,13,15,6.0,15,24,16,11,27,1.0,5.0,9.0,2.0,6.0,5.0,1.0,8.0,8.0,4.0,0.0,4.0,7.0,3.0,6.0,0.0,8.0,1.0,7.0,12.0,3.0,2.0,3.0,3.0,1.0,2.0,0.0
bacteria_staphylococcus_chunk_94,bacteria_staphylococcus.fasta,94,bacteria,4,7,9.0,16,7,6,7.0,15,6.0,6,1.0,8.0,17,18,4,21,8,0.0,3,13,14,6.0,4.0,1.0,5.0,1.0,7,5.0,9.0,7.0,10,5.0,3.0,0.0,3,9,7.0,10.0,1.0,1.0,5.0,8.0,6.0,4.0,6,13,9,11,22,22,2,4,27,2.0,1,1.0,8,15,17.0,12,34,10.0,10,3,18,4,5.0,2.0,3.0,0.0,8,2.0,8.0,13.0,19.0,0.0,14,12.0,5.0,0.0,8,6.0,1.0,0.0,6.0,2.0,0.0,7.0,2.0,4.0,1.0,5,2.0,7.0,1.0,1.0,4.0,1.0,5.0,3.0,17,12,6.0,4.0,8,4.0,4.0,17.0,10.0,3.0,12.0,4,21.0,16.0,28,5,3.0,2.0,4,4.0,7.0,1.0,3.0,1.0,6,1.0,2,18,6,0.0,2.0,8,3.0,3.0,3.0,6.0,5,4,20,0.0,2.0,0.0,5.0,1.0,1.0,2.0,1.0,0.0,0.0,5.0,2.0,2.0,3.0,7.0,11,2.0,4.0,18,7.0,3.0,4.0,1,5.0,2.0,11,9,13.0,11,22,17,15,7,22,5,10.0,5.0,6,4.0,11,3.0,7,18,17,6,25,15,9,13.0,17,6,5.0,2,1.0,3.0,10.0,18,15.0,32.0,7,10,5.0,14,4,5.0,12,5,4.0,0.0,3,20,4.0,8.0,25,25,9,6,18,21,11.0,7,36,23,13,6.0,26,30,24,29,39,2.0,0.0,4.0,2.0,0.0,4.0,3.0,5.0,8.0,0.0,1.0,1.0,1.0,1.0,3.0,0.0,1.0,6.0,19.0,3.0,0.0,3.0,1.0,1.0,1.0,2.0,0.0
bacteria_staphylococcus_chunk_95,bacteria_staphylococcus.fasta,95,bacteria,20,13,12.0,29,12,7,9.0,16,9.0,4,2.0,15.0,27,12,11,22,11,8.0,6,10,12,4.0,6.0,7.0,6.0,2.0,6,11.0,4.0,6.0,12,10.0,1.0,3.0,5,2,4.0,6.0,7.0,5.0,3.0,8.0,8.0,7.0,10,20,14,12,32,25,3,4,10,9.0,3,6.0,13,22,11.0,9,33,12.0,18,5,11,4,5.0,4.0,4.0,3.0,2,7.0,8.0,15.0,12.0,6.0,21,9.0,2.0,5.0,9,1.0,2.0,0.0,4.0,2.0,3.0,4.0,4.0,7.0,1.0,10,3.0,4.0,1.0,3.0,0.0,1.0,2.0,4.0,12,12,3.0,3.0,10,3.0,1.0,5.0,3.0,3.0,8.0,6,17.0,7.0,18,9,6.0,5.0,6,3.0,6.0,3.0,2.0,0.0,15,6.0,4,10,3,2.0,0.0,12,3.0,3.0,1.0,7.0,2,5,11,3.0,4.0,0.0,8.0,7.0,0.0,1.0,1.0,0.0,4.0,3.0,3.0,2.0,0.0,8.0,9,4.0,4.0,5,10.0,3.0,6.0,5,6.0,2.0,7,7,14.0,11,16,33,7,8,26,10,8.0,7.0,7,4.0,4,7.0,10,21,12,10,22,23,5,9.0,23,8,1.0,10,0.0,2.0,6.0,13,3.0,21.0,9,7,2.0,12,5,6.0,10,7,0.0,2.0,6,9,6.0,8.0,18,33,11,6,18,23,6.0,12,20,13,12,4.0,13,33,19,15,34,0.0,2.0,4.0,0.0,1.0,5.0,2.0,4.0,9.0,1.0,1.0,1.0,0.0,1.0,3.0,0.0,1.0,2.0,4.0,4.0,0.0,1.0,3.0,1.0,3.0,3.0,0.0
bacteria_staphylococcus_chunk_96,bacteria_staphylococcus.fasta,96,bacteria,36,6,13.0,31,5,3,6.0,2,14.0,3,3.0,14.0,30,10,14,26,8,2.0,5,8,7,3.0,2.0,4.0,1.0,0.0,7,5.0,2.0,2.0,12,11.0,0.0,4.0,13,7,1.0,9.0,2.0,2.0,7.0,16.0,1.0,7.0,14,22,12,10,30,14,3,10,10,16.0,9,12.0,14,28,16.0,23,37,10.0,3,5,14,4,4.0,0.0,7.0,4.0,3,5.0,4.0,6.0,8.0,7.0,13,5.0,3.0,1.0,5,2.0,1.0,1.0,3.0,3.0,0.0,3.0,5.0,0.0,1.0,5,3.0,1.0,0.0,2.0,3.0,4.0,3.0,1.0,12,4,3.0,4.0,19,2.0,0.0,3.0,0.0,1.0,6.0,15,5.0,4.0,12,15,1.0,3.0,11,0.0,2.0,1.0,2.0,5.0,15,1.0,9,14,8,4.0,7.0,5,1.0,2.0,1.0,3.0,8,3,11,2.0,3.0,1.0,3.0,6.0,1.0,3.0,3.0,2.0,4.0,5.0,12.0,1.0,7.0,11.0,10,4.0,9.0,21,2.0,1.0,1.0,5,3.0,5.0,7,22,5.0,13,18,25,6,13,24,10,6.0,6.0,10,9.0,10,7.0,15,23,18,21,51,11,6,3.0,16,4,3.0,3,3.0,7.0,4.0,14,2.0,10.0,12,3,2.0,18,8,2.0,10,5,3.0,6.0,15,13,3.0,5.0,21,32,13,18,43,18,4.0,5,15,14,9,11.0,16,41,16,10,28,1.0,4.0,1.0,0.0,1.0,1.0,1.0,1.0,4.0,0.0,0.0,2.0,0.0,2.0,0.0,1.0,2.0,2.0,3.0,2.0,0.0,0.0,0.0,1.0,1.0,0.0,0.0
bacteria_staphylococcus_chunk_97,bacteria_staphylococcus.fasta,97,bacteria,28,15,19.0,21,18,8,1.0,12,15.0,12,6.0,7.0,28,11,9,29,18,6.0,7,14,6,5.0,8.0,1.0,6.0,2.0,1,12.0,10.0,5.0,8,10.0,7.0,3.0,14,9,8.0,9.0,6.0,0.0,5.0,5.0,4.0,4.0,8,27,17,5,30,23,5,5,7,13.0,4,3.0,12,22,13.0,10,45,18.0,11,7,25,4,5.0,0.0,7.0,7.0,8,5.0,4.0,19.0,11.0,1.0,24,8.0,0.0,4.0,9,3.0,2.0,0.0,4.0,2.0,3.0,5.0,6.0,3.0,2.0,3,5.0,7.0,2.0,1.0,1.0,0.0,7.0,1.0,6,11,8.0,3.0,7,8.0,6.0,10.0,7.0,1.0,7.0,7,8.0,2.0,14,9,6.0,6.0,8,1.0,6.0,2.0,3.0,4.0,17,5.0,6,12,12,2.0,3.0,10,1.0,5.0,1.0,5.0,6,5,8,4.0,2.0,1.0,5.0,5.0,1.0,1.0,1.0,0.0,0.0,1.0,2.0,2.0,2.0,4.0,7,2.0,3.0,10,5.0,2.0,4.0,4,2.0,3.0,2,6,6.0,3,15,27,7,8,23,16,7.0,4.0,10,10.0,5,3.0,6,15,13,16,25,23,8,10.0,22,10,4.0,5,7.0,1.0,5.0,9,7.0,10.0,9,7,3.0,18,8,2.0,6,4,4.0,0.0,4,8,4.0,4.0,12,20,10,13,22,27,9.0,7,11,13,6,5.0,7,31,27,16,31,2.0,3.0,2.0,3.0,3.0,1.0,1.0,4.0,7.0,5.0,0.0,3.0,1.0,1.0,3.0,0.0,0.0,0.0,6.0,0.0,1.0,4.0,3.0,2.0,4.0,3.0,3.0
bacteria_staphylococcus_chunk_98,bacteria_staphylococcus.fasta,98,bacteria,22,12,11.0,21,6,14,5.0,17,2.0,13,2.0,11.0,17,7,15,28,7,6.0,4,9,7,4.0,15.0,4.0,5.0,2.0,6,11.0,3.0,11.0,13,5.0,4.0,2.0,6,10,3.0,7.0,3.0,0.0,3.0,5.0,3.0,3.0,9,13,10,8,26,17,4,5,6,12.0,17,3.0,11,19,15.0,26,20,16.0,11,4,10,7,6.0,4.0,8.0,4.0,3,0.0,5.0,13.0,13.0,9.0,19,8.0,2.0,2.0,8,4.0,3.0,0.0,4.0,5.0,11.0,7.0,6.0,2.0,1.0,6,7.0,7.0,1.0,2.0,0.0,1.0,3.0,9.0,4,17,8.0,5.0,11,3.0,2.0,10.0,6.0,3.0,19.0,8,12.0,8.0,18,5,7.0,7.0,10,0.0,4.0,0.0,2.0,0.0,10,3.0,11,10,11,5.0,5.0,11,3.0,5.0,1.0,2.0,8,7,12,3.0,0.0,0.0,5.0,3.0,1.0,1.0,8.0,0.0,1.0,0.0,4.0,2.0,1.0,1.0,16,4.0,4.0,8,12.0,4.0,4.0,4,2.0,5.0,2,6,5.0,22,10,24,12,6,26,8,9.0,3.0,9,11.0,5,5.0,4,17,9,8,23,15,12,1.0,26,5,7.0,2,4.0,1.0,4.0,17,1.0,14.0,15,8,0.0,17,12,9.0,15,4,8.0,1.0,4,20,8.0,9.0,28,22,7,8,12,22,8.0,2,16,18,15,6.0,33,16,16,16,23,3.0,2.0,4.0,4.0,3.0,0.0,3.0,5.0,5.0,5.0,1.0,4.0,2.0,1.0,5.0,0.0,2.0,4.0,4.0,3.0,2.0,4.0,0.0,3.0,10.0,3.0,2.0
bacteria_staphylococcus_chunk_99,bacteria_staphylococcus.fasta,99,bacteria,29,10,19.0,27,5,4,8.0,9,6.0,6,10.0,10.0,30,14,18,22,10,6.0,3,11,14,1.0,6.0,6.0,2.0,4.0,5,8.0,6.0,6.0,14,9.0,5.0,2.0,5,9,2.0,6.0,3.0,2.0,9.0,7.0,2.0,6.0,2,21,19,5,31,13,9,8,6,15.0,10,6.0,15,21,11.0,11,33,18.0,5,2,21,4,6.0,4.0,7.0,4.0,2,3.0,1.0,17.0,4.0,10.0,18,9.0,3.0,2.0,14,3.0,1.0,1.0,2.0,2.0,6.0,7.0,7.0,2.0,1.0,8,7.0,2.0,3.0,0.0,0.0,3.0,4.0,6.0,5,12,4.0,3.0,8,6.0,3.0,8.0,12.0,6.0,4.0,8,12.0,8.0,14,12,5.0,5.0,14,4.0,4.0,3.0,3.0,1.0,13,4.0,3,11,12,2.0,2.0,7,4.0,3.0,0.0,6.0,7,8,8,6.0,2.0,2.0,5.0,2.0,1.0,2.0,3.0,1.0,0.0,2.0,4.0,2.0,11.0,5.0,4,6.0,4.0,10,7.0,3.0,3.0,4,7.0,6.0,8,5,13.0,8,9,26,6,6,22,11,8.0,3.0,14,8.0,7,3.0,5,16,14,15,25,15,10,3.0,17,10,4.0,6,6.0,1.0,3.0,10,7.0,13.0,14,11,4.0,13,5,7.0,16,8,4.0,1.0,8,9,3.0,7.0,23,24,7,11,21,19,8.0,5,20,11,9,3.0,15,29,16,11,29,1.0,4.0,2.0,2.0,2.0,1.0,5.0,5.0,10.0,2.0,2.0,2.0,1.0,1.0,3.0,0.0,0.0,5.0,7.0,4.0,6.0,5.0,1.0,1.0,4.0,6.0,0.0
bacteria_staphylococcus_chunk_100,bacteria_staphylococcus.fasta,100,bacteria,28,13,6.0,39,28,4,2.0,14,7.0,7,3.0,6.0,21,15,20,21,16,12.0,4,26,16,5.0,9.0,4.0,2.0,2.0,1,7.0,6.0,6.0,17,7.0,5.0,0.0,1,5,1.0,6.0,3.0,0.0,2.0,3.0,1.0,4.0,2,29,10,3,31,26,6,12,16,22.0,6,3.0,17,20,14.0,13,32,18.0,16,9,13,11,19.0,0.0,9.0,2.0,6,3.0,0.0,17.0,14.0,12.0,23,12.0,8.0,3.0,11,3.0,5.0,2.0,2.0,6.0,2.0,7.0,3.0,4.0,1.0,9,6.0,3.0,2.0,1.0,2.0,1.0,3.0,2.0,4,12,8.0,1.0,14,5.0,1.0,4.0,5.0,4.0,7.0,9,17.0,6.0,14,7,6.0,5.0,5,5.0,3.0,1.0,1.0,1.0,15,4.0,8,13,5,5.0,0.0,7,1.0,2.0,0.0,0.0,6,4,7,4.0,2.0,0.0,2.0,2.0,0.0,0.0,4.0,1.0,0.0,3.0,5.0,0.0,4.0,3.0,11,3.0,2.0,9,4.0,2.0,5.0,5,2.0,1.0,6,5,4.0,3,11,33,13,3,20,14,3.0,5.0,10,3.0,3,1.0,3,20,27,8,22,23,15,4.0,22,8,4.0,8,4.0,2.0,7.0,16,3.0,15.0,9,4,3.0,28,4,2.0,8,2,2.0,2.0,6,14,9.0,5.0,14,17,11,4,23,29,10.0,7,16,12,4,4.0,12,21,26,10,26,5.0,3.0,4.0,2.0,3.0,1.0,4.0,3.0,5.0,2.0,1.0,6.0,1.0,1.0,2.0,0.0,1.0,5.0,7.0,1.0,2.0,1.0,1.0,1.0,4.0,5.0,1.0
