unique_id,file_name,sample_id,class,AAAA,AAAC,AAAG,AAAT,AACA,AACC,AACG,AACT,AAGA,AAGC,AAGG,AAGT,AATA,AATC,AATG,AATT,ACAA,ACAC,ACAG,ACAT,ACCA,ACCC,ACCG,ACCT,ACGA,ACGC,ACGG,ACGT,ACTA,ACTC,ACTG,ACTT,AGAA,AGAC,AGAG,AGAT,AGCA,AGCC,AGCG,AGCT,AGGA,AGGC,AGGG,AGGT,AGTA,AGTC,AGTG,AGTT,ATAA,ATAC,ATAG,ATAT,ATCA,ATCC,ATCG,ATCT,ATGA,ATGC,ATGG,ATGT,ATTA,ATTC,ATTG,ATTT,CAAA,CAAC,CAAG,CAAT,CACA,CACC,CACG,CACT,CAGA,CAGC,CAGG,CAGT,CATA,CATC,CATG,CATT,CCAA,CCAC,CCAG,CCAT,CCCA,CCCC,CCCG,CCCT,CCGA,CCGC,CCGG,CCGT,CCTA,CCTC,CCTG,CCTT,CGAA,CGAC,CGAG,CGAT,CGCA,CGCC,CGCG,CGCT,CGGA,CGGC,CGGG,CGGT,CGTA,CGTC,CGTG,CGTT,CTAA,CTAC,CTAG,CTAT,CTCA,CTCC,CTCG,CTCT,CTGA,CTGC,CTGG,CTGT,CTTA,CTTC,CTTG,CTTT,GAAA,GAAC,GAAG,GAAT,GACA,GACC,GACG,GACT,GAGA,GAGC,GAGG,GAGT,GATA,GATC,GATG,GATT,GCAA,GCAC,GCAG,GCAT,GCCA,GCCC,GCCG,GCCT,GCGA,GCGC,GCGG,GCGT,GCTA,GCTC,GCTG,GCTT,GGAA,GGAC,GGAG,GGAT,GGCA,GGCC,GGCG,GGCT,GGGA,GGGC,GGGG,GGGT,GGTA,GGTC,GGTG,GGTT,GTAA,GTAC,GTAG,GTAT,GTCA,GTCC,GTCG,GTCT,GTGA,GTGC,GTGG,GTGT,GTTA,GTTC,GTTG,GTTT,TAAA,TAAC,TAAT,TACA,TACC,TACG,TACT,TAGA,TAGC,TAGG,TAGT,TATA,TATC,TATG,TATT,TCAA,TCAC,TCAG,TCAT,TCCA,TCCC,TCCG,TCCT,TCGA,TCGC,TCGG,TCGT,TCTA,TCTC,TCTG,TCTT,TGAA,TGAC,TGAG,TGAT,TGCA,TGCC,TGCG,TGCT,TGGA,TGGC,TGGG,TGGT,TGTA,TGTC,TGTG,TGTT,TTAC,TTAG,TTAT,TTCA,TTCC,TTCG,TTCT,TTGA,TTGC,TTGG,TTGT,TTTA,TTTC,TTTG,TTTT,TAAG,TTAA
bacteria_mycobacterium_chunk_1,bacteria_mycobacterium.fasta,1,bacteria,5.0,9.0,2.0,3.0,8.0,15,18,4.0,3.0,6.0,1.0,2.0,3.0,3.0,5.0,6.0,10.0,9,6.0,2.0,18,12.0,20,11.0,8.0,16,15,9.0,4.0,6.0,4,7.0,4.0,4,2.0,4.0,7,7,10,4.0,4.0,3,6.0,5,2.0,2.0,4.0,5.0,4.0,2.0,4.0,5.0,10,7.0,11.0,6.0,11.0,4.0,9,3.0,2.0,7.0,5.0,3.0,6.0,24,6.0,7.0,9.0,27,9,5,6.0,11,5,4.0,1.0,13.0,5,2.0,11,20,7,9,7,12.0,13,5.0,21,12,18,12,6.0,10,7,1.0,7,28,13.0,15,7,26,19,6,7,30,15,18,2.0,17,14.0,7.0,1.0,12.0,2.0,4.0,3.0,6,10,3.0,6.0,12,10,4.0,1.0,7.0,6.0,3.0,4.0,11,4.0,6.0,4,14,14,10.0,4.0,9,8,5.0,5.0,15.0,11,8.0,12.0,8,9,6,16,8,22,7,16,17,24,13,7.0,5,12,6.0,7.0,3,8.0,8.0,16,12,26,14,7,19,11.0,6,3,10,16,6.0,1.0,4.0,1.0,2.0,11,3,17,4.0,8,11,17,3.0,4.0,5.0,7.0,5.0,4.0,1.0,1.0,6.0,5.0,7.0,2.0,1.0,2.0,4.0,2.0,6.0,3.0,6.0,1.0,10,13,4.0,4.0,6.0,6,8,1,18.0,13,13,6.0,2.0,1.0,8.0,3.0,7.0,7,3.0,12.0,5.0,8,15,6,8.0,16,11.0,6,1.0,6.0,5.0,3.0,2.0,2.0,5.0,7.0,5.0,12.0,1.0,4.0,7.0,5.0,5.0,2.0,6.0,3.0,2.0,0.0,0.0
bacteria_mycobacterium_chunk_2,bacteria_mycobacterium.fasta,2,bacteria,1.0,2.0,2.0,2.0,5.0,4,6,1.0,3.0,5.0,9.0,2.0,1.0,4.0,3.0,1.0,2.0,10,2.0,4.0,5,10.0,9,5.0,8.0,13,11,9.0,2.0,5.0,6,3.0,0.0,3,5.0,6.0,8,6,16,8.0,1.0,19,7.0,7,2.0,3.0,1.0,5.0,0.0,4.0,0.0,3.0,9,3.0,14.0,4.0,7.0,6.0,10,2.0,0.0,5.0,2.0,2.0,5.0,8,9.0,1.0,2.0,12,14,7,3.0,17,9,3.0,2.0,7.0,11,4.0,6,6,12,6,7,3.0,17,1.0,13,22,14,7,3.0,8,1,6.0,9,21,13.0,14,14,26,36,19,10,27,27,19,2.0,19,13.0,9.0,2.0,6.0,3.0,3.0,6.0,9,14,3.0,6.0,5,10,4.0,0.0,5.0,10.0,4.0,1.0,5,7.0,5.0,8,10,18,3.0,8.0,12,13,4.0,2.0,18.0,8,3.0,12.0,10,10,9,11,12,25,7,23,36,36,14,6.0,11,16,7.0,3.0,3,12.0,3.0,14,14,38,7,6,15,8.0,20,5,18,30,8.0,1.0,3.0,6.0,1.0,4,3,31,7.0,11,16,12,7.0,1.0,10.0,11.0,4.0,0.0,1.0,1.0,3.0,3.0,3.0,5.0,0.0,4.0,3.0,2.0,2.0,1.0,3.0,1.0,3,9,8.0,5.0,7.0,3,5,5,13.0,24,22,13.0,3.0,8.0,2.0,3.0,6.0,12,7.0,8.0,5.0,10,19,6,4.0,12,7.0,15,2.0,5.0,2.0,4.0,1.0,0.0,0.0,6.0,5.0,13.0,2.0,9.0,13.0,6.0,0.0,0.0,5.0,5.0,3.0,1.0,0.0
bacteria_mycobacterium_chunk_3,bacteria_mycobacterium.fasta,3,bacteria,3.0,5.0,4.0,3.0,10.0,6,5,1.0,5.0,9.0,7.0,4.0,0.0,1.0,3.0,1.0,2.0,10,3.0,6.0,15,9.0,17,10.0,9.0,6,10,5.0,2.0,1.0,4,1.0,8.0,1,1.0,1.0,7,15,12,5.0,4.0,8,9.0,7,2.0,7.0,1.0,7.0,0.0,3.0,1.0,0.0,7,6.0,14.0,6.0,6.0,5.0,9,2.0,0.0,0.0,2.0,3.0,5.0,9,8.0,0.0,4.0,29,3,3,4.0,19,11,3.0,2.0,14.0,8,2.0,7,14,14,8,6,6.0,16,3.0,16,38,29,9,3.0,8,13,4.0,10,23,14.0,15,17,31,28,11,5,41,18,24,5.0,22,7.0,2.0,0.0,5.0,4.0,2.0,5.0,7,12,0.0,7.0,9,17,3.0,0.0,7.0,5.0,1.0,7.0,8,12.0,1.0,5,14,14,1.0,1.0,8,6,8.0,2.0,17.0,10,2.0,8.0,9,14,6,19,12,44,13,22,33,27,11,3.0,10,16,2.0,6.0,4,5.0,5.0,7,34,40,10,4,26,5.0,8,4,13,23,8.0,0.0,7.0,4.0,0.0,10,6,21,9.0,5,14,13,3.0,2.0,10.0,6.0,2.0,0.0,0.0,1.0,2.0,2.0,8.0,3.0,1.0,3.0,4.0,2.0,0.0,1.0,1.0,0.0,5,6,6.0,6.0,3.0,4,15,2,15.0,11,22,11.0,3.0,5.0,3.0,6.0,4.0,6,3.0,10.0,6.0,8,13,5,7.0,16,11.0,9,0.0,4.0,4.0,3.0,0.0,1.0,0.0,1.0,5.0,12.0,2.0,5.0,4.0,4.0,3.0,0.0,3.0,3.0,3.0,0.0,1.0
bacteria_mycobacterium_chunk_4,bacteria_mycobacterium.fasta,4,bacteria,1.0,6.0,1.0,3.0,3.0,6,11,5.0,3.0,3.0,10.0,4.0,0.0,5.0,5.0,0.0,6.0,4,0.0,6.0,11,11.0,17,7.0,13.0,13,9,9.0,2.0,4.0,9,4.0,1.0,4,0.0,7.0,6,7,6,1.0,5.0,11,8.0,4,2.0,5.0,4.0,4.0,1.0,0.0,0.0,2.0,8,8.0,13.0,7.0,2.0,7.0,8,4.0,1.0,7.0,3.0,3.0,4.0,11,12.0,3.0,0.0,20,11,6,3.0,10,7,2.0,1.0,14.0,3,4.0,9,8,12,8,12,12.0,18,4.0,22,29,28,7,2.0,2,12,4.0,9,25,21.0,15,14,23,30,16,6,31,11,21,4.0,13,10.0,8.0,2.0,7.0,0.0,1.0,2.0,8,8,0.0,6.0,23,26,5.0,0.0,11.0,1.0,0.0,6.0,6,6.0,4.0,12,17,12,7.0,6.0,6,10,9.0,2.0,16.0,9,9.0,10.0,17,8,6,10,18,34,6,15,27,26,10,2.0,7,30,2.0,8.0,12,10.0,6.0,14,25,23,11,10,18,9.0,6,3,9,27,5.0,0.0,6.0,2.0,3.0,3,5,19,4.0,10,17,15,5.0,1.0,10.0,7.0,1.0,0.0,2.0,0.0,1.0,3.0,10.0,1.0,0.0,1.0,1.0,0.0,0.0,1.0,4.0,1.0,5,8,2.0,2.0,4.0,5,17,3,20.0,14,6,9.0,4.0,5.0,9.0,2.0,4.0,7,0.0,8.0,8.0,13,18,13,15.0,13,15.0,13,2.0,4.0,6.0,2.0,2.0,0.0,0.0,4.0,8.0,9.0,9.0,1.0,5.0,7.0,0.0,0.0,2.0,2.0,0.0,1.0,0.0
bacteria_mycobacterium_chunk_5,bacteria_mycobacterium.fasta,5,bacteria,2.0,5.0,4.0,2.0,2.0,5,4,5.0,3.0,9.0,5.0,2.0,0.0,7.0,6.0,1.0,1.0,6,1.0,3.0,12,8.0,11,10.0,11.0,10,8,4.0,1.0,4.0,4,7.0,3.0,3,2.0,6.0,7,9,14,8.0,7.0,5,4.0,8,2.0,2.0,2.0,5.0,0.0,3.0,0.0,0.0,6,10.0,14.0,5.0,6.0,6.0,11,4.0,0.0,4.0,6.0,6.0,4.0,6,7.0,3.0,2.0,20,9,2,5.0,17,6,7.0,1.0,9.0,8,2.0,9,12,10,8,7,4.0,18,2.0,23,22,22,10,4.0,7,11,7.0,12,18,14.0,16,13,27,30,13,12,36,15,12,2.0,11,15.0,7.0,1.0,9.0,2.0,3.0,4.0,6,6,4.0,4.0,20,13,7.0,0.0,12.0,7.0,7.0,7.0,5,7.0,9.0,3,13,15,7.0,5.0,12,11,2.0,2.0,16.0,11,9.0,4.0,7,15,7,16,9,39,12,15,31,30,15,5.0,7,24,9.0,6.0,11,12.0,8.0,6,27,32,12,8,15,7.0,6,2,15,13,3.0,0.0,2.0,1.0,4.0,10,4,16,4.0,3,13,16,5.0,0.0,7.0,11.0,2.0,0.0,0.0,0.0,4.0,3.0,5.0,2.0,1.0,0.0,2.0,0.0,0.0,3.0,2.0,4.0,6,8,9.0,2.0,4.0,10,9,5,11.0,20,15,6.0,5.0,2.0,5.0,3.0,7.0,6,2.0,7.0,7.0,13,15,12,10.0,21,10.0,7,1.0,6.0,7.0,5.0,0.0,0.0,2.0,5.0,8.0,16.0,2.0,9.0,8.0,8.0,3.0,2.0,9.0,4.0,5.0,1.0,0.0
bacteria_mycobacterium_chunk_6,bacteria_mycobacterium.fasta,6,bacteria,8.0,4.0,4.0,4.0,1.0,11,14,4.0,2.0,3.0,4.0,2.0,5.0,10.0,7.0,0.0,2.0,10,2.0,2.0,5,9.0,24,10.0,9.0,14,12,7.0,0.0,6.0,5,3.0,4.0,2,0.0,2.0,7,6,12,4.0,3.0,2,1.0,7,2.0,7.0,7.0,3.0,3.0,4.0,3.0,2.0,4,11.0,11.0,7.0,5.0,6.0,7,5.0,1.0,6.0,2.0,2.0,2.0,12,0.0,9.0,4.0,22,7,4,3.0,16,5,8.0,2.0,6.0,7,1.0,10,11,13,4,9,13.0,15,6.0,21,22,30,8,1.0,10,11,5.0,19,19,10.0,15,18,21,18,19,16,26,16,19,4.0,10,7.0,15.0,1.0,5.0,1.0,0.0,4.0,8,14,5.0,7.0,17,13,4.0,2.0,4.0,7.0,5.0,7.0,11,7.0,8.0,8,10,16,5.0,3.0,6,1,5.0,5.0,14.0,8,10.0,11.0,11,11,8,17,13,28,6,17,19,20,11,4.0,11,18,5.0,6.0,9,4.0,13.0,8,24,15,6,5,13,6.0,10,1,12,22,10.0,1.0,3.0,5.0,1.0,3,12,22,3.0,5,18,10,8.0,1.0,8.0,19.0,5.0,3.0,3.0,1.0,3.0,5.0,5.0,1.0,0.0,4.0,3.0,4.0,0.0,3.0,1.0,0.0,1,5,6.0,2.0,7.0,8,14,5,16.0,21,15,10.0,2.0,4.0,7.0,5.0,4.0,9,1.0,7.0,8.0,13,22,9,8.0,12,11.0,9,3.0,11.0,5.0,5.0,2.0,2.0,1.0,3.0,3.0,14.0,3.0,4.0,11.0,10.0,7.0,3.0,5.0,4.0,3.0,0.0,2.0
bacteria_mycobacterium_chunk_7,bacteria_mycobacterium.fasta,7,bacteria,4.0,6.0,3.0,3.0,9.0,13,9,5.0,7.0,6.0,3.0,3.0,4.0,2.0,3.0,4.0,6.0,8,14.0,5.0,19,7.0,16,8.0,10.0,11,6,3.0,2.0,5.0,3,2.0,3.0,8,3.0,8.0,13,12,19,7.0,6.0,10,7.0,6,5.0,3.0,4.0,4.0,2.0,4.0,2.0,3.0,7,6.0,12.0,3.0,3.0,14.0,2,6.0,2.0,6.0,2.0,4.0,5.0,14,6.0,5.0,13.0,18,12,3,11.0,29,13,8.0,4.0,9.0,6,3.0,7,18,23,5,6,5.0,19,7.0,10,25,20,14,1.0,8,13,10.0,17,15,13.0,13,14,23,16,5,8,30,13,16,7.0,13,9.0,7.0,1.0,0.0,3.0,1.0,4.0,5,12,2.0,6.0,12,9,4.0,1.0,6.0,8.0,6.0,7.0,12,8.0,2.0,8,15,7,1.0,1.0,12,8,5.0,3.0,13.0,12,3.0,12.0,13,19,4,14,17,30,10,19,15,26,10,1.0,9,12,4.0,8.0,1,3.0,7.0,12,21,24,4,4,10,9.0,8,3,15,17,7.0,3.0,5.0,5.0,4.0,8,11,17,4.0,5,10,11,7.0,3.0,10.0,8.0,2.0,0.0,4.0,3.0,3.0,4.0,2.0,3.0,3.0,4.0,5.0,0.0,0.0,4.0,4.0,4.0,5,7,5.0,8.0,14.0,7,4,7,19.0,7,15,9.0,1.0,1.0,3.0,5.0,1.0,7,7.0,3.0,9.0,15,11,10,1.0,11,2.0,12,2.0,9.0,3.0,5.0,3.0,2.0,4.0,6.0,10.0,9.0,1.0,4.0,10.0,4.0,2.0,6.0,4.0,2.0,5.0,2.0,3.0
bacteria_mycobacterium_chunk_8,bacteria_mycobacterium.fasta,8,bacteria,2.0,4.0,2.0,4.0,3.0,10,6,4.0,3.0,9.0,3.0,2.0,3.0,4.0,4.0,0.0,6.0,6,6.0,4.0,10,7.0,18,11.0,5.0,9,3,7.0,1.0,1.0,7,1.0,3.0,3,1.0,5.0,9,14,18,5.0,6.0,10,5.0,9,2.0,5.0,8.0,5.0,2.0,1.0,4.0,4.0,6,3.0,14.0,4.0,2.0,8.0,6,3.0,0.0,3.0,5.0,5.0,4.0,6,7.0,6.0,9.0,24,6,1,2.0,24,17,10.0,2.0,15.0,5,7.0,8,10,26,8,9,12.0,13,7.0,11,26,16,9,3.0,14,10,6.0,14,10,14.0,6,17,35,31,11,7,36,7,18,5.0,10,13.0,10.0,4.0,5.0,0.0,1.0,4.0,4,16,0.0,5.0,13,14,4.0,0.0,6.0,8.0,2.0,6.0,8,6.0,1.0,8,7,9,3.0,4.0,9,8,6.0,4.0,8.0,6,5.0,5.0,14,15,14,26,18,28,12,19,34,25,15,5.0,6,13,6.0,2.0,6,5.0,6.0,8,22,30,10,1,10,2.0,7,6,22,15,4.0,1.0,6.0,7.0,2.0,12,4,28,6.0,11,15,8,5.0,0.0,5.0,14.0,5.0,0.0,5.0,0.0,2.0,5.0,3.0,2.0,3.0,4.0,2.0,2.0,2.0,0.0,4.0,1.0,4,10,6.0,3.0,7.0,4,3,3,9.0,25,24,7.0,1.0,3.0,6.0,3.0,2.0,8,7.0,6.0,13.0,13,14,4,5.0,14,6.0,13,3.0,13.0,3.0,5.0,0.0,0.0,0.0,1.0,6.0,8.0,3.0,5.0,8.0,10.0,12.0,0.0,4.0,8.0,4.0,2.0,0.0
bacteria_mycobacterium_chunk_9,bacteria_mycobacterium.fasta,9,bacteria,2.0,3.0,2.0,3.0,11.0,4,5,3.0,2.0,0.0,3.0,5.0,2.0,2.0,2.0,1.0,3.0,9,11.0,3.0,18,12.0,23,3.0,11.0,8,13,5.0,0.0,4.0,1,3.0,1.0,5,3.0,8.0,18,14,17,4.0,9.0,13,2.0,9,3.0,2.0,5.0,0.0,0.0,3.0,7.0,3.0,6,4.0,12.0,2.0,5.0,7.0,6,4.0,0.0,3.0,3.0,2.0,4.0,11,3.0,4.0,9.0,29,16,2,6.0,36,20,2.0,1.0,7.0,4,1.0,11,22,25,5,12,15.0,26,2.0,17,28,37,10,0.0,5,5,4.0,8,22,12.0,15,11,35,28,3,13,45,17,28,1.0,25,8.0,4.0,0.0,0.0,1.0,0.0,5.0,2,9,1.0,3.0,2,10,1.0,1.0,4.0,2.0,3.0,4.0,9,5.0,0.0,4,22,14,3.0,6.0,13,6,1.0,9.0,13.0,15,5.0,1.0,18,19,5,27,23,36,7,17,25,32,18,1.0,4,8,3.0,5.0,7,4.0,14.0,6,35,37,6,3,13,8.0,7,3,17,26,5.0,0.0,1.0,5.0,2.0,11,9,29,1.0,12,17,10,4.0,0.0,3.0,5.0,3.0,0.0,0.0,0.0,2.0,1.0,2.0,0.0,3.0,4.0,4.0,2.0,1.0,2.0,1.0,1.0,7,7,9.0,0.0,7.0,4,7,2,12.0,16,21,5.0,0.0,4.0,2.0,0.0,4.0,9,7.0,5.0,8.0,9,10,3,5.0,13,4.0,7,1.0,6.0,4.0,2.0,1.0,0.0,0.0,1.0,5.0,4.0,2.0,5.0,4.0,3.0,4.0,0.0,2.0,6.0,1.0,0.0,0.0
bacteria_mycobacterium_chunk_10,bacteria_mycobacterium.fasta,10,bacteria,3.0,7.0,3.0,3.0,5.0,10,3,6.0,1.0,3.0,7.0,5.0,1.0,10.0,2.0,2.0,7.0,4,5.0,5.0,11,13.0,15,6.0,5.0,12,10,11.0,2.0,5.0,9,2.0,3.0,6,0.0,4.0,4,14,8,7.0,2.0,13,4.0,5,1.0,4.0,4.0,3.0,1.0,2.0,3.0,0.0,3,8.0,18.0,7.0,4.0,6.0,7,9.0,2.0,5.0,3.0,4.0,4.0,10,7.0,6.0,7.0,18,5,1,6.0,20,10,6.0,1.0,13.0,7,7.0,9,10,13,8,7,10.0,18,6.0,23,24,26,13,3.0,2,7,9.0,7,28,11.0,17,18,19,26,7,7,33,11,22,0.0,16,11.0,13.0,0.0,6.0,0.0,7.0,5.0,10,5,4.0,7.0,12,14,2.0,3.0,7.0,3.0,6.0,7.0,5,6.0,5.0,7,12,22,8.0,6.0,7,6,1.0,4.0,13.0,10,5.0,6.0,8,19,11,15,8,39,6,21,21,24,8,2.0,11,12,5.0,5.0,8,6.0,6.0,16,23,30,9,3,11,5.0,8,2,13,23,7.0,1.0,2.0,0.0,0.0,9,7,17,5.0,8,13,22,3.0,4.0,10.0,9.0,3.0,2.0,2.0,1.0,2.0,5.0,8.0,3.0,0.0,3.0,1.0,0.0,0.0,0.0,7.0,0.0,5,9,5.0,4.0,7.0,10,14,3,14.0,13,12,8.0,6.0,6.0,7.0,3.0,8.0,7,3.0,6.0,6.0,12,10,7,13.0,21,7.0,10,0.0,5.0,8.0,3.0,8.0,1.0,0.0,6.0,9.0,7.0,6.0,5.0,4.0,8.0,2.0,3.0,6.0,4.0,1.0,0.0,3.0
bacteria_mycobacterium_chunk_11,bacteria_mycobacterium.fasta,11,bacteria,0.0,3.0,3.0,4.0,5.0,12,12,4.0,2.0,6.0,4.0,1.0,2.0,4.0,2.0,2.0,5.0,6,6.0,4.0,12,13.0,25,9.0,13.0,9,16,7.0,2.0,4.0,4,1.0,3.0,7,6.0,0.0,15,11,12,8.0,5.0,10,4.0,3,2.0,2.0,2.0,4.0,2.0,6.0,2.0,0.0,7,6.0,16.0,3.0,1.0,5.0,2,3.0,1.0,3.0,4.0,0.0,6.0,18,5.0,2.0,4.0,28,15,2,6.0,22,14,5.0,5.0,12.0,1,2.0,11,21,21,3,11,14.0,23,6.0,20,29,23,14,0.0,12,11,3.0,6,22,14.0,17,10,28,36,14,11,43,19,23,4.0,22,11.0,3.0,2.0,2.0,1.0,1.0,6.0,10,18,1.0,7.0,12,9,4.0,0.0,2.0,3.0,2.0,4.0,9,4.0,2.0,9,11,17,4.0,5.0,13,5,3.0,3.0,16.0,8,3.0,10.0,14,12,8,23,19,31,7,15,31,31,11,4.0,15,15,2.0,6.0,7,4.0,8.0,13,27,29,12,6,14,6.0,6,5,15,11,4.0,2.0,4.0,5.0,0.0,10,11,23,3.0,7,10,7,5.0,1.0,5.0,5.0,1.0,0.0,3.0,2.0,3.0,8.0,1.0,1.0,3.0,5.0,0.0,1.0,0.0,0.0,0.0,1.0,5,8,8.0,5.0,10.0,8,7,4,11.0,19,26,8.0,0.0,4.0,2.0,1.0,4.0,5,2.0,5.0,6.0,14,11,2,3.0,14,3.0,3,0.0,8.0,5.0,1.0,1.0,1.0,0.0,3.0,2.0,7.0,0.0,1.0,6.0,5.0,1.0,0.0,2.0,1.0,1.0,1.0,0.0
bacteria_mycobacterium_chunk_12,bacteria_mycobacterium.fasta,12,bacteria,6.0,2.0,4.0,6.0,3.0,10,6,3.0,2.0,4.0,5.0,3.0,1.0,9.0,3.0,4.0,8.0,6,4.0,2.0,10,16.0,16,5.0,12.0,14,8,3.0,2.0,3.0,4,4.0,0.0,4,1.0,2.0,12,14,8,8.0,8.0,8,4.0,7,1.0,5.0,1.0,1.0,0.0,8.0,1.0,4.0,3,11.0,19.0,5.0,2.0,6.0,10,3.0,1.0,6.0,4.0,3.0,3.0,12,6.0,4.0,6.0,21,8,2,2.0,22,13,4.0,1.0,7.0,10,5.0,6,15,14,7,8,13.0,19,7.0,17,30,25,10,3.0,6,17,10.0,12,23,7.0,19,10,34,23,9,15,25,14,14,5.0,17,12.0,2.0,5.0,3.0,3.0,0.0,3.0,3,9,1.0,8.0,16,15,8.0,4.0,8.0,7.0,4.0,6.0,6,3.0,7.0,10,12,16,5.0,1.0,12,7,1.0,10.0,18.0,4,3.0,9.0,9,17,9,18,16,33,14,15,19,19,13,3.0,6,20,7.0,7.0,8,10.0,10.0,15,22,18,11,8,15,10.0,5,2,15,11,7.0,1.0,3.0,2.0,4.0,10,14,16,4.0,7,9,10,4.0,1.0,4.0,6.0,4.0,3.0,2.0,0.0,1.0,4.0,7.0,3.0,2.0,4.0,2.0,0.0,1.0,4.0,4.0,2.0,2,7,6.0,5.0,6.0,2,14,11,17.0,13,16,10.0,3.0,1.0,6.0,2.0,3.0,8,3.0,4.0,7.0,11,17,8,4.0,18,10.0,9,2.0,7.0,5.0,5.0,1.0,2.0,3.0,4.0,5.0,12.0,2.0,1.0,12.0,6.0,4.0,0.0,5.0,6.0,2.0,1.0,0.0
bacteria_mycobacterium_chunk_13,bacteria_mycobacterium.fasta,13,bacteria,0.0,4.0,2.0,1.0,10.0,7,4,6.0,1.0,9.0,2.0,2.0,1.0,3.0,6.0,2.0,4.0,9,12.0,4.0,9,8.0,13,8.0,7.0,10,9,4.0,0.0,7.0,6,3.0,1.0,4,0.0,6.0,6,10,16,9.0,7.0,13,1.0,5,1.0,1.0,7.0,6.0,4.0,2.0,3.0,1.0,6,8.0,13.0,8.0,5.0,11.0,3,6.0,4.0,5.0,4.0,2.0,4.0,9,4.0,4.0,9.0,13,15,4,5.0,24,11,8.0,2.0,12.0,5,10.0,4,10,16,12,5,6.0,11,6.0,13,20,23,10,3.0,12,8,3.0,13,12,9.0,20,14,20,31,13,12,25,16,25,4.0,16,12.0,5.0,2.0,1.0,4.0,1.0,8.0,6,19,3.0,4.0,8,18,4.0,0.0,5.0,5.0,3.0,1.0,11,7.0,3.0,9,15,8,4.0,3.0,6,7,4.0,6.0,16.0,13,3.0,8.0,15,12,7,18,11,31,7,17,33,25,14,4.0,11,14,4.0,3.0,9,8.0,7.0,12,22,31,5,5,9,5.0,14,4,16,24,8.0,2.0,4.0,2.0,2.0,8,12,18,2.0,12,16,13,5.0,2.0,9.0,10.0,3.0,2.0,3.0,4.0,1.0,3.0,3.0,2.0,2.0,2.0,6.0,1.0,1.0,4.0,1.0,0.0,5,7,8.0,6.0,10.0,3,11,5,17.0,16,21,8.0,1.0,6.0,6.0,3.0,5.0,11,3.0,5.0,10.0,15,11,6,3.0,23,11.0,8,1.0,7.0,3.0,5.0,2.0,2.0,2.0,4.0,3.0,12.0,3.0,3.0,7.0,11.0,1.0,2.0,3.0,3.0,2.0,1.0,2.0
bacteria_mycobacterium_chunk_14,bacteria_mycobacterium.fasta,14,bacteria,3.0,0.0,5.0,2.0,3.0,6,4,1.0,3.0,10.0,7.0,3.0,2.0,6.0,3.0,5.0,2.0,4,2.0,6.0,6,6.0,14,3.0,8.0,6,12,8.0,2.0,2.0,4,2.0,2.0,8,2.0,4.0,6,17,14,8.0,5.0,9,5.0,7,1.0,4.0,4.0,4.0,0.0,1.0,6.0,5.0,6,5.0,17.0,6.0,5.0,5.0,5,8.0,1.0,4.0,11.0,3.0,2.0,5,7.0,3.0,2.0,11,15,3,5.0,19,8,1.0,3.0,10.0,8,5.0,6,13,13,5,8,3.0,12,5.0,13,16,25,10,1.0,3,13,3.0,7,8,13.0,11,10,15,14,11,17,21,23,20,6.0,17,16.0,11.0,1.0,3.0,2.0,2.0,1.0,6,8,2.0,6.0,11,14,7.0,1.0,7.0,8.0,3.0,4.0,7,10.0,11.0,6,9,12,4.0,6.0,11,8,6.0,6.0,13.0,10,4.0,5.0,9,12,10,12,15,26,8,6,10,28,15,4.0,10,15,9.0,12.0,9,11.0,9.0,12,19,17,8,17,10,16.0,13,7,15,26,13.0,2.0,7.0,3.0,4.0,9,13,24,2.0,13,15,19,8.0,2.0,15.0,14.0,5.0,1.0,2.0,0.0,3.0,3.0,3.0,2.0,2.0,5.0,3.0,3.0,1.0,5.0,2.0,5.0,4,5,6.0,5.0,11.0,4,11,4,12.0,18,16,17.0,1.0,2.0,6.0,5.0,11.0,6,5.0,10.0,8.0,10,14,11,2.0,16,12.0,21,2.0,12.0,9.0,8.0,0.0,2.0,2.0,4.0,6.0,14.0,4.0,8.0,12.0,13.0,8.0,1.0,2.0,8.0,1.0,1.0,1.0
bacteria_mycobacterium_chunk_15,bacteria_mycobacterium.fasta,15,bacteria,2.0,3.0,1.0,4.0,1.0,7,5,3.0,3.0,3.0,1.0,1.0,1.0,0.0,5.0,3.0,3.0,4,4.0,7.0,8,9.0,18,8.0,12.0,15,11,7.0,4.0,1.0,5,1.0,1.0,4,2.0,4.0,3,5,9,5.0,5.0,10,4.0,7,1.0,4.0,3.0,1.0,0.0,1.0,0.0,3.0,9,7.0,16.0,2.0,1.0,6.0,7,3.0,0.0,6.0,4.0,6.0,5.0,8,3.0,3.0,6.0,17,14,2,6.0,8,16,3.0,1.0,17.0,3,7.0,4,12,12,8,5,6.0,25,2.0,12,31,30,9,3.0,3,12,3.0,6,26,9.0,10,17,31,25,23,8,37,18,20,2.0,15,9.0,8.0,0.0,13.0,2.0,2.0,5.0,5,7,2.0,2.0,16,30,6.0,2.0,3.0,5.0,1.0,3.0,5,3.0,2.0,7,12,15,4.0,1.0,10,8,3.0,1.0,14.0,5,6.0,6.0,18,11,6,17,16,33,5,11,28,28,10,8.0,11,30,5.0,4.0,2,7.0,9.0,15,22,34,13,3,13,10.0,16,5,12,24,15.0,1.0,2.0,3.0,3.0,6,7,22,7.0,6,11,15,9.0,4.0,12.0,9.0,6.0,0.0,0.0,0.0,4.0,7.0,11.0,2.0,1.0,1.0,1.0,2.0,1.0,3.0,4.0,0.0,6,6,6.0,7.0,6.0,7,6,6,16.0,22,14,8.0,2.0,4.0,7.0,2.0,2.0,6,3.0,3.0,6.0,13,9,13,6.0,24,10.0,13,1.0,11.0,5.0,7.0,8.0,0.0,0.0,5.0,6.0,15.0,4.0,5.0,8.0,1.0,6.0,2.0,9.0,2.0,2.0,1.0,0.0
bacteria_mycobacterium_chunk_16,bacteria_mycobacterium.fasta,16,bacteria,1.0,6.0,6.0,0.0,8.0,7,10,4.0,4.0,8.0,5.0,2.0,2.0,6.0,4.0,3.0,3.0,7,6.0,4.0,11,9.0,25,9.0,7.0,14,10,6.0,3.0,5.0,4,0.0,3.0,6,4.0,4.0,7,15,9,13.0,1.0,11,5.0,5,3.0,3.0,2.0,2.0,0.0,4.0,5.0,3.0,16,6.0,7.0,3.0,0.0,12.0,4,5.0,0.0,2.0,6.0,1.0,6.0,13,10.0,9.0,8.0,31,17,4,8.0,23,12,6.0,8.0,11.0,4,2.0,14,19,21,5,13,9.0,15,5.0,13,36,18,12,2.0,11,7,8.0,8,10,10.0,15,20,33,35,9,9,43,12,14,0.0,20,12.0,6.0,2.0,3.0,1.0,1.0,4.0,10,20,7.0,8.0,12,4,6.0,0.0,6.0,6.0,5.0,4.0,8,2.0,4.0,4,9,8,3.0,5.0,9,3,2.0,1.0,12.0,12,3.0,12.0,20,13,10,27,17,31,6,14,35,28,11,0.0,17,14,5.0,2.0,4,2.0,5.0,19,23,31,3,1,13,0.0,5,6,13,7,3.0,5.0,2.0,0.0,2.0,13,8,22,4.0,5,10,5,4.0,0.0,7.0,8.0,1.0,2.0,2.0,2.0,0.0,6.0,2.0,1.0,0.0,4.0,2.0,0.0,1.0,3.0,1.0,1.0,9,14,9.0,6.0,8.0,7,8,8,9.0,12,22,9.0,2.0,8.0,5.0,4.0,5.0,4,3.0,4.0,9.0,10,13,11,2.0,9,2.0,5,0.0,12.0,3.0,5.0,0.0,0.0,0.0,5.0,7.0,3.0,5.0,3.0,9.0,5.0,5.0,0.0,5.0,2.0,4.0,1.0,0.0
bacteria_mycobacterium_chunk_17,bacteria_mycobacterium.fasta,17,bacteria,0.0,1.0,4.0,0.0,6.0,4,10,2.0,0.0,2.0,5.0,5.0,2.0,2.0,4.0,1.0,1.0,9,9.0,1.0,10,9.0,21,3.0,7.0,12,12,4.0,0.0,7.0,3,3.0,1.0,1,3.0,6.0,10,12,14,11.0,4.0,9,6.0,9,3.0,6.0,5.0,5.0,0.0,4.0,4.0,1.0,8,9.0,7.0,1.0,3.0,11.0,5,6.0,1.0,3.0,1.0,3.0,1.0,10,4.0,3.0,6.0,26,13,5,6.0,29,14,7.0,2.0,6.0,9,4.0,5,20,26,9,16,6.0,6,6.0,12,23,21,16,1.0,4,9,3.0,9,15,9.0,13,15,30,21,12,8,35,15,25,4.0,17,9.0,13.0,2.0,1.0,2.0,0.0,2.0,10,15,2.0,4.0,15,11,4.0,2.0,5.0,9.0,1.0,4.0,9,4.0,5.0,8,9,10,4.0,3.0,9,4,5.0,4.0,14.0,12,1.0,2.0,17,15,8,19,14,31,6,13,25,28,19,3.0,14,17,9.0,8.0,7,3.0,4.0,10,17,33,6,6,11,6.0,11,5,24,16,7.0,1.0,1.0,10.0,3.0,11,10,25,6.0,13,12,9,6.0,1.0,10.0,13.0,4.0,0.0,2.0,1.0,0.0,4.0,2.0,2.0,2.0,7.0,5.0,2.0,1.0,3.0,0.0,2.0,10,4,6.0,3.0,15.0,5,14,2,14.0,18,22,4.0,1.0,4.0,5.0,2.0,4.0,8,6.0,8.0,7.0,11,17,15,4.0,11,7.0,7,3.0,5.0,9.0,3.0,2.0,0.0,2.0,2.0,7.0,11.0,3.0,6.0,12.0,4.0,4.0,0.0,5.0,3.0,1.0,0.0,0.0
bacteria_mycobacterium_chunk_18,bacteria_mycobacterium.fasta,18,bacteria,2.0,4.0,1.0,3.0,4.0,10,5,3.0,3.0,5.0,1.0,1.0,2.0,4.0,4.0,1.0,3.0,8,5.0,5.0,7,7.0,25,6.0,7.0,12,8,4.0,2.0,3.0,9,0.0,2.0,1,3.0,4.0,8,13,11,4.0,5.0,7,7.0,4,0.0,2.0,2.0,1.0,0.0,3.0,3.0,4.0,5,2.0,13.0,3.0,7.0,11.0,12,6.0,1.0,2.0,3.0,3.0,1.0,10,4.0,4.0,9.0,17,10,1,4.0,6,12,3.0,2.0,6.0,11,2.0,7,11,7,6,6,6.0,12,5.0,24,23,25,9,2.0,2,16,5.0,13,20,17.0,10,9,18,25,12,10,31,21,20,2.0,12,15.0,12.0,0.0,5.0,0.0,1.0,2.0,3,11,3.0,9.0,17,29,5.0,1.0,5.0,7.0,2.0,7.0,6,5.0,4.0,7,11,11,5.0,3.0,19,9,1.0,5.0,9.0,18,5.0,7.0,9,10,7,13,15,31,11,14,22,29,19,2.0,12,27,8.0,5.0,7,5.0,13.0,10,27,26,17,7,22,15.0,13,9,15,28,6.0,1.0,8.0,3.0,3.0,7,12,18,2.0,10,18,14,5.0,2.0,9.0,6.0,5.0,0.0,2.0,0.0,1.0,7.0,5.0,5.0,0.0,6.0,1.0,0.0,1.0,4.0,2.0,1.0,2,9,3.0,3.0,5.0,1,13,3,15.0,7,20,9.0,0.0,2.0,8.0,2.0,3.0,6,7.0,10.0,6.0,12,22,16,8.0,20,14.0,21,4.0,10.0,2.0,3.0,2.0,1.0,0.0,3.0,5.0,9.0,4.0,0.0,10.0,8.0,3.0,0.0,5.0,5.0,0.0,0.0,1.0
bacteria_mycobacterium_chunk_19,bacteria_mycobacterium.fasta,19,bacteria,4.0,2.0,2.0,4.0,0.0,3,16,1.0,5.0,8.0,7.0,3.0,0.0,2.0,7.0,3.0,5.0,7,2.0,4.0,4,7.0,20,6.0,6.0,12,15,5.0,1.0,3.0,5,2.0,0.0,4,3.0,5.0,4,7,17,8.0,5.0,8,4.0,7,2.0,2.0,1.0,3.0,1.0,0.0,0.0,0.0,5,5.0,6.0,5.0,3.0,13.0,7,4.0,1.0,4.0,7.0,2.0,2.0,15,10.0,6.0,7.0,15,3,4,3.0,10,6,2.0,0.0,8.0,6,2.0,8,7,5,3,6,7.0,13,3.0,19,11,38,10,4.0,2,4,3.0,8,23,11.0,12,8,19,22,16,7,47,33,27,2.0,11,10.0,12.0,2.0,8.0,1.0,6.0,2.0,1,11,2.0,7.0,18,9,9.0,1.0,3.0,7.0,0.0,5.0,2,10.0,0.0,11,13,12,5.0,3.0,17,9,2.0,1.0,10.0,13,4.0,14.0,11,12,8,11,11,39,2,16,32,45,12,8.0,9,29,6.0,4.0,7,10.0,5.0,21,20,52,19,6,29,16.0,13,4,9,32,10.0,2.0,2.0,3.0,2.0,1,4,17,2.0,10,11,26,4.0,1.0,15.0,12.0,4.0,1.0,1.0,2.0,0.0,6.0,7.0,1.0,1.0,1.0,2.0,1.0,0.0,1.0,2.0,5.0,6,4,2.0,1.0,2.0,4,6,2,13.0,10,16,8.0,4.0,2.0,5.0,0.0,5.0,7,7.0,6.0,12.0,17,13,9,8.0,28,11.0,8,1.0,2.0,8.0,7.0,4.0,1.0,0.0,5.0,4.0,13.0,2.0,5.0,9.0,13.0,1.0,2.0,2.0,2.0,2.0,1.0,0.0
bacteria_mycobacterium_chunk_20,bacteria_mycobacterium.fasta,20,bacteria,0.0,0.0,1.0,3.0,1.0,6,10,8.0,1.0,7.0,3.0,3.0,3.0,2.0,3.0,3.0,0.0,6,7.0,3.0,14,8.0,21,7.0,4.0,12,13,5.0,1.0,5.0,5,5.0,3.0,3,2.0,2.0,10,6,14,10.0,4.0,4,6.0,7,2.0,11.0,7.0,1.0,0.0,5.0,3.0,1.0,3,7.0,14.0,2.0,5.0,2.0,4,6.0,1.0,1.0,7.0,2.0,0.0,11,4.0,2.0,7.0,23,4,4,6.0,20,12,6.0,2.0,7.0,10,2.0,6,15,18,9,10,8.0,20,2.0,15,17,33,18,1.0,2,6,4.0,13,20,9.0,10,13,25,25,11,11,41,19,20,7.0,25,9.0,7.0,3.0,0.0,3.0,0.0,4.0,4,6,2.0,8.0,8,11,10.0,1.0,8.0,7.0,1.0,3.0,11,7.0,6.0,6,15,16,2.0,2.0,4,4,6.0,4.0,16.0,4,5.0,6.0,10,15,5,20,15,32,1,16,25,25,15,4.0,5,20,4.0,3.0,9,2.0,9.0,8,23,34,7,2,17,15.0,17,8,18,23,6.0,2.0,8.0,12.0,1.0,12,9,39,7.0,5,17,15,7.0,0.0,6.0,11.0,2.0,1.0,3.0,0.0,2.0,6.0,4.0,2.0,1.0,9.0,2.0,6.0,0.0,1.0,0.0,1.0,5,7,4.0,4.0,4.0,9,10,3,17.0,20,20,10.0,0.0,4.0,6.0,4.0,8.0,7,3.0,7.0,5.0,14,8,5,6.0,10,11.0,11,7.0,13.0,5.0,5.0,1.0,0.0,0.0,1.0,6.0,8.0,3.0,7.0,5.0,8.0,7.0,0.0,3.0,2.0,0.0,2.0,1.0
bacteria_mycobacterium_chunk_21,bacteria_mycobacterium.fasta,21,bacteria,3.0,0.0,8.0,2.0,6.0,13,8,2.0,8.0,10.0,6.0,7.0,1.0,8.0,3.0,3.0,5.0,2,7.0,8.0,11,9.0,16,7.0,7.0,9,5,6.0,2.0,2.0,4,0.0,5.0,6,7.0,4.0,7,8,13,9.0,5.0,10,6.0,10,2.0,7.0,5.0,8.0,0.0,1.0,3.0,3.0,6,10.0,15.0,5.0,6.0,9.0,8,2.0,1.0,11.0,7.0,5.0,3.0,10,14.0,5.0,7.0,15,8,1,6.0,11,10,10.0,3.0,15.0,8,8.0,7,11,12,6,13,5.0,17,5.0,11,28,17,13,1.0,5,11,8.0,13,12,12.0,17,16,19,28,11,12,27,6,14,11.0,17,10.0,6.0,1.0,2.0,2.0,2.0,5.0,2,6,3.0,8.0,17,7,4.0,0.0,9.0,6.0,4.0,7.0,13,9.0,8.0,9,13,9,4.0,4.0,10,10,4.0,2.0,12.0,10,10.0,11.0,12,11,10,5,18,27,10,21,20,23,16,3.0,6,14,6.0,10.0,9,3.0,6.0,11,16,24,6,5,7,7.0,5,4,16,10,9.0,5.0,2.0,8.0,4.0,15,7,20,3.0,8,8,10,5.0,3.0,8.0,11.0,4.0,0.0,6.0,0.0,0.0,2.0,2.0,1.0,4.0,6.0,5.0,1.0,1.0,1.0,4.0,4.0,9,6,7.0,10.0,7.0,8,9,3,15.0,17,14,9.0,1.0,3.0,7.0,5.0,9.0,8,6.0,7.0,10.0,17,15,3,6.0,12,5.0,10,2.0,5.0,6.0,3.0,0.0,3.0,1.0,6.0,8.0,14.0,5.0,8.0,11.0,8.0,5.0,0.0,5.0,8.0,3.0,0.0,0.0
bacteria_mycobacterium_chunk_22,bacteria_mycobacterium.fasta,22,bacteria,0.0,1.0,0.0,1.0,4.0,2,2,0.0,2.0,2.0,2.0,1.0,0.0,2.0,2.0,0.0,1.0,6,0.0,5.0,3,8.0,16,5.0,4.0,15,9,5.0,0.0,1.0,4,2.0,1.0,1,1.0,3.0,2,5,6,4.0,0.0,7,0.0,4,0.0,2.0,3.0,1.0,0.0,1.0,0.0,0.0,2,4.0,14.0,4.0,6.0,6.0,11,4.0,0.0,3.0,2.0,2.0,1.0,4,4.0,1.0,3.0,12,14,6,1.0,4,4,3.0,0.0,6.0,12,0.0,2,10,3,3,6,5.0,19,1.0,14,35,37,11,3.0,5,13,3.0,3,18,6.0,14,10,40,29,24,7,45,35,25,1.0,12,19.0,10.0,0.0,4.0,0.0,1.0,5.0,3,12,1.0,7.0,25,28,8.0,0.0,6.0,1.0,3.0,1.0,3,2.0,1.0,5,14,11,1.0,3.0,9,5,1.0,1.0,16.0,10,5.0,4.0,13,6,6,6,16,50,15,14,31,41,20,1.0,12,44,3.0,1.0,3,6.0,6.0,8,29,55,15,5,28,19.0,18,6,23,29,14.0,1.0,3.0,3.0,3.0,5,10,21,5.0,9,18,24,6.0,1.0,9.0,15.0,8.0,0.0,0.0,1.0,0.0,3.0,6.0,0.0,0.0,2.0,0.0,1.0,0.0,0.0,3.0,2.0,3,6,3.0,4.0,3.0,2,12,3,9.0,22,25,6.0,1.0,3.0,7.0,2.0,2.0,9,5.0,9.0,9.0,13,16,17,4.0,28,16.0,25,3.0,4.0,6.0,8.0,1.0,0.0,1.0,4.0,3.0,15.0,3.0,3.0,6.0,10.0,3.0,2.0,7.0,4.0,3.0,1.0,1.0
bacteria_mycobacterium_chunk_23,bacteria_mycobacterium.fasta,23,bacteria,3.0,4.0,4.0,0.0,8.0,11,10,2.0,4.0,5.0,9.0,4.0,0.0,3.0,4.0,1.0,1.0,10,5.0,5.0,16,15.0,26,4.0,15.0,19,6,4.0,0.0,5.0,3,2.0,7.0,2,3.0,7.0,16,9,17,4.0,7.0,7,8.0,10,2.0,3.0,2.0,4.0,1.0,1.0,1.0,1.0,6,6.0,12.0,2.0,6.0,7.0,5,6.0,1.0,1.0,5.0,1.0,1.0,7,4.0,5.0,1.0,26,21,4,5.0,21,10,5.0,3.0,7.0,7,1.0,4,19,20,7,16,8.0,18,4.0,24,30,32,10,1.0,7,8,4.0,20,28,15.0,15,3,39,34,4,10,36,17,20,6.0,7,13.0,4.0,1.0,0.0,0.0,1.0,6.0,9,7,2.0,2.0,8,11,2.0,0.0,2.0,5.0,1.0,6.0,18,15.0,3.0,8,21,12,4.0,8.0,18,6,0.0,1.0,14.0,12,5.0,11.0,10,12,3,15,18,40,10,25,22,32,11,1.0,6,11,2.0,8.0,8,9.0,8.0,10,23,29,10,8,12,6.0,11,5,17,25,3.0,1.0,5.0,10.0,1.0,7,5,20,3.0,8,13,17,7.0,4.0,1.0,11.0,0.0,1.0,2.0,0.0,4.0,3.0,1.0,0.0,2.0,2.0,7.0,2.0,0.0,2.0,1.0,1.0,1,12,4.0,3.0,3.0,5,12,2,14.0,9,13,5.0,0.0,6.0,1.0,0.0,7.0,7,5.0,2.0,7.0,12,10,2,8.0,17,6.0,9,4.0,8.0,5.0,5.0,2.0,2.0,1.0,1.0,2.0,2.0,0.0,5.0,3.0,7.0,7.0,0.0,1.0,1.0,0.0,0.0,0.0
bacteria_mycobacterium_chunk_24,bacteria_mycobacterium.fasta,24,bacteria,3.0,4.0,2.0,2.0,4.0,5,5,7.0,2.0,1.0,5.0,2.0,0.0,3.0,3.0,2.0,4.0,9,5.0,5.0,6,3.0,26,3.0,7.0,14,14,9.0,2.0,7.0,4,5.0,0.0,2,1.0,8.0,8,8,4,5.0,1.0,6,5.0,5,0.0,2.0,6.0,3.0,0.0,1.0,0.0,2.0,5,5.0,18.0,6.0,1.0,8.0,8,5.0,0.0,8.0,3.0,1.0,3.0,12,2.0,4.0,9.0,17,17,5,5.0,10,6,4.0,1.0,10.0,6,5.0,6,15,6,4,9,7.0,17,1.0,24,36,28,7,1.0,6,6,8.0,11,20,21.0,10,19,31,19,16,11,40,20,21,4.0,9,9.0,7.0,0.0,8.0,0.0,4.0,4.0,6,14,0.0,6.0,19,14,5.0,1.0,7.0,10.0,4.0,5.0,5,6.0,2.0,9,9,16,4.0,4.0,13,6,6.0,1.0,15.0,8,5.0,5.0,16,10,10,13,17,41,13,15,17,32,7,6.0,9,28,8.0,4.0,8,7.0,5.0,11,27,37,13,4,24,2.0,9,8,10,26,8.0,0.0,7.0,1.0,5.0,9,6,13,3.0,8,13,17,6.0,0.0,10.0,9.0,3.0,0.0,0.0,0.0,1.0,7.0,6.0,2.0,0.0,1.0,0.0,0.0,1.0,6.0,5.0,0.0,6,8,4.0,3.0,3.0,7,11,4,16.0,18,17,6.0,3.0,2.0,6.0,1.0,3.0,8,0.0,6.0,3.0,18,11,17,8.0,18,12.0,17,1.0,10.0,3.0,4.0,0.0,0.0,1.0,3.0,8.0,12.0,3.0,2.0,9.0,16.0,2.0,0.0,1.0,7.0,1.0,0.0,0.0
bacteria_mycobacterium_chunk_25,bacteria_mycobacterium.fasta,25,bacteria,1.0,5.0,3.0,2.0,9.0,4,12,7.0,1.0,4.0,3.0,6.0,5.0,7.0,0.0,0.0,3.0,11,8.0,2.0,10,5.0,18,4.0,11.0,12,7,12.0,3.0,7.0,6,1.0,6.0,5,2.0,6.0,6,13,12,1.0,4.0,8,1.0,6,2.0,6.0,8.0,3.0,2.0,3.0,3.0,1.0,7,14.0,14.0,10.0,5.0,3.0,3,2.0,1.0,5.0,7.0,1.0,4.0,15,8.0,3.0,7.0,12,8,6,9.0,16,8,4.0,1.0,11.0,5,3.0,11,7,10,8,6,1.0,12,4.0,20,20,18,15,7.0,3,12,3.0,8,22,11.0,21,6,21,20,11,10,27,16,18,3.0,20,20.0,10.0,2.0,4.0,3.0,3.0,6.0,6,11,1.0,4.0,12,18,3.0,1.0,5.0,8.0,2.0,6.0,11,3.0,4.0,6,18,19,2.0,7.0,8,6,6.0,3.0,24.0,7,9.0,7.0,7,12,5,11,10,30,9,17,16,27,13,1.0,10,12,4.0,4.0,8,8.0,8.0,11,16,24,8,7,11,5.0,8,1,16,22,10.0,0.0,2.0,3.0,2.0,13,12,20,7.0,17,16,13,11.0,1.0,7.0,18.0,4.0,0.0,1.0,3.0,2.0,3.0,3.0,2.0,2.0,4.0,2.0,3.0,0.0,3.0,1.0,2.0,9,8,7.0,5.0,8.0,7,13,8,14.0,10,19,13.0,1.0,4.0,7.0,8.0,6.0,10,6.0,8.0,8.0,10,17,7,8.0,13,9.0,17,1.0,10.0,7.0,7.0,1.0,2.0,0.0,3.0,4.0,11.0,2.0,4.0,11.0,13.0,9.0,0.0,3.0,4.0,2.0,0.0,0.0
bacteria_mycobacterium_chunk_26,bacteria_mycobacterium.fasta,26,bacteria,2.0,6.0,0.0,1.0,5.0,9,6,4.0,5.0,7.0,1.0,4.0,3.0,5.0,2.0,2.0,4.0,6,3.0,5.0,3,14.0,24,7.0,8.0,10,7,10.0,1.0,3.0,4,1.0,3.0,6,2.0,6.0,3,8,15,7.0,3.0,7,6.0,7,4.0,5.0,2.0,4.0,1.0,2.0,7.0,2.0,4,7.0,12.0,4.0,7.0,8.0,3,7.0,0.0,3.0,5.0,4.0,3.0,6,5.0,4.0,4.0,21,6,2,4.0,11,11,2.0,3.0,7.0,6,3.0,3,10,14,4,11,8.0,19,3.0,23,29,27,17,3.0,5,11,5.0,10,19,15.0,16,6,31,28,14,15,19,20,23,6.0,19,17.0,6.0,0.0,3.0,2.0,3.0,5.0,8,12,2.0,7.0,10,12,1.0,1.0,8.0,7.0,3.0,3.0,11,12.0,5.0,8,13,20,0.0,6.0,12,5,6.0,4.0,13.0,14,4.0,7.0,11,3,5,9,15,41,8,14,29,25,11,1.0,13,13,10.0,11.0,10,8.0,4.0,8,21,20,7,7,15,5.0,13,5,21,24,5.0,3.0,5.0,5.0,4.0,11,10,23,6.0,10,19,19,4.0,1.0,3.0,11.0,2.0,1.0,1.0,2.0,1.0,5.0,3.0,3.0,2.0,3.0,6.0,3.0,2.0,2.0,3.0,3.0,4,6,8.0,5.0,8.0,4,12,5,15.0,11,18,10.0,3.0,6.0,2.0,3.0,7.0,6,4.0,9.0,9.0,13,16,9,8.0,15,9.0,12,2.0,5.0,9.0,2.0,2.0,0.0,1.0,3.0,4.0,7.0,2.0,2.0,10.0,10.0,6.0,1.0,2.0,5.0,2.0,0.0,0.0
bacteria_mycobacterium_chunk_27,bacteria_mycobacterium.fasta,27,bacteria,1.0,5.0,2.0,2.0,1.0,12,10,3.0,5.0,9.0,5.0,2.0,0.0,5.0,5.0,3.0,3.0,6,2.0,5.0,15,9.0,26,7.0,10.0,16,8,8.0,1.0,0.0,6,3.0,5.0,9,1.0,6.0,12,10,12,11.0,6.0,6,5.0,9,2.0,1.0,5.0,5.0,2.0,2.0,3.0,1.0,10,4.0,15.0,5.0,1.0,4.0,6,5.0,0.0,3.0,2.0,3.0,5.0,10,8.0,2.0,6.0,26,7,2,6.0,22,13,1.0,1.0,12.0,1,3.0,5,14,18,4,5,8.0,17,5.0,19,27,20,9,4.0,6,9,8.0,14,28,13.0,13,12,26,39,10,8,35,9,15,5.0,14,12.0,14.0,2.0,1.0,3.0,0.0,4.0,3,11,0.0,10.0,9,11,6.0,1.0,6.0,10.0,1.0,4.0,10,8.0,7.0,7,17,22,2.0,9.0,10,5,6.0,5.0,17.0,8,2.0,13.0,11,17,3,14,16,29,12,22,26,23,15,1.0,8,18,4.0,7.0,6,5.0,5.0,10,22,25,7,6,10,7.0,9,2,14,21,4.0,0.0,3.0,4.0,3.0,3,8,25,2.0,9,14,10,8.0,4.0,12.0,12.0,3.0,0.0,1.0,2.0,2.0,2.0,3.0,3.0,1.0,4.0,3.0,4.0,2.0,0.0,2.0,0.0,4,10,5.0,5.0,7.0,2,3,3,17.0,18,16,13.0,0.0,4.0,3.0,3.0,3.0,5,11.0,8.0,10.0,13,10,3,3.0,13,11.0,8,2.0,9.0,3.0,8.0,4.0,2.0,0.0,7.0,0.0,13.0,3.0,7.0,9.0,8.0,3.0,2.0,2.0,3.0,4.0,2.0,1.0
bacteria_mycobacterium_chunk_28,bacteria_mycobacterium.fasta,28,bacteria,1.0,4.0,2.0,2.0,7.0,5,10,2.0,2.0,6.0,5.0,2.0,0.0,3.0,3.0,0.0,7.0,9,1.0,6.0,10,17.0,10,7.0,12.0,10,10,10.0,0.0,2.0,2,4.0,1.0,8,1.0,3.0,15,14,14,1.0,5.0,7,6.0,15,1.0,9.0,3.0,2.0,0.0,0.0,0.0,0.0,6,5.0,13.0,5.0,3.0,7.0,5,3.0,0.0,1.0,3.0,1.0,4.0,12,7.0,2.0,9.0,20,11,2,6.0,20,17,6.0,0.0,14.0,10,2.0,8,13,23,7,12,9.0,30,6.0,16,27,22,15,1.0,16,8,6.0,8,23,22.0,8,17,33,34,7,7,37,26,15,9.0,21,14.0,6.0,0.0,1.0,3.0,0.0,4.0,7,17,2.0,2.0,10,5,1.0,3.0,6.0,8.0,1.0,3.0,7,6.0,2.0,6,15,20,4.0,2.0,14,8,6.0,0.0,11.0,5,2.0,8.0,12,21,9,18,25,32,13,19,33,26,15,2.0,4,6,6.0,7.0,8,3.0,1.0,15,20,32,9,4,23,9.0,10,2,21,17,5.0,1.0,4.0,7.0,1.0,7,13,33,4.0,7,16,9,3.0,1.0,5.0,8.0,2.0,1.0,1.0,0.0,1.0,4.0,1.0,0.0,3.0,4.0,3.0,1.0,0.0,1.0,0.0,1.0,2,8,4.0,4.0,11.0,6,8,5,14.0,21,26,10.0,1.0,8.0,2.0,2.0,2.0,6,4.0,6.0,3.0,21,13,1,3.0,9,5.0,5,1.0,6.0,1.0,3.0,1.0,1.0,1.0,1.0,5.0,8.0,2.0,6.0,5.0,3.0,4.0,0.0,4.0,0.0,0.0,0.0,1.0
bacteria_mycobacterium_chunk_29,bacteria_mycobacterium.fasta,29,bacteria,0.0,2.0,5.0,1.0,3.0,6,38,0.0,0.0,0.0,15.0,1.0,2.0,0.0,4.0,1.0,3.0,1,3.0,0.0,3,0.0,38,0.0,0.0,9,55,0.0,0.0,1.0,1,0.0,0.0,2,1.0,1.0,5,2,15,1.0,1.0,12,8.0,5,0.0,2.0,2.0,0.0,0.0,0.0,1.0,1.0,1,0.0,5.0,1.0,0.0,0.0,9,0.0,0.0,1.0,2.0,0.0,1.0,36,9.0,5.0,2.0,25,4,1,1.0,18,5,2.0,0.0,4.0,3,1.0,7,2,3,1,1,2.0,3,0.0,1,13,79,5,0.0,3,1,0.0,1,18,0.0,1,3,33,11,12,16,208,28,41,2.0,7,0.0,0.0,2.0,1.0,0.0,0.0,2.0,6,1,0.0,0.0,2,15,0.0,0.0,0.0,0.0,0.0,6.0,4,1.0,0.0,2,5,22,0.0,3.0,2,5,0.0,0.0,0.0,2,1.0,39.0,26,18,7,9,2,51,2,18,35,150,4,3.0,4,15,0.0,10.0,8,9.0,1.0,82,15,179,7,7,32,17.0,5,15,4,45,0.0,6.0,5.0,4.0,2.0,4,3,6,0.0,1,15,31,0.0,0.0,0.0,0.0,0.0,1.0,5.0,1.0,0.0,5.0,0.0,1.0,0.0,3.0,1.0,1.0,0.0,3.0,0.0,0.0,2,3,2.0,0.0,0.0,2,6,2,1.0,2,9,0.0,0.0,1.0,0.0,0.0,0.0,1,0.0,0.0,0.0,14,1,2,4.0,32,8.0,13,0.0,0.0,0.0,0.0,0.0,0.0,0.0,0.0,1.0,0.0,0.0,0.0,0.0,2.0,0.0,0.0,0.0,0.0,0.0,1.0,0.0
bacteria_mycobacterium_chunk_30,bacteria_mycobacterium.fasta,30,bacteria,0.0,1.0,6.0,1.0,5.0,6,5,4.0,3.0,4.0,7.0,4.0,2.0,6.0,2.0,1.0,9.0,6,2.0,7.0,7,9.0,20,5.0,7.0,12,6,12.0,3.0,4.0,4,3.0,1.0,5,4.0,3.0,4,11,7,7.0,10.0,7,0.0,8,2.0,6.0,3.0,1.0,0.0,2.0,2.0,3.0,5,10.0,10.0,3.0,5.0,10.0,12,6.0,2.0,5.0,3.0,0.0,7.0,15,9.0,5.0,6.0,15,6,2,3.0,10,9,0.0,1.0,10.0,12,4.0,10,8,12,5,7,6.0,17,5.0,27,35,21,9,0.0,8,11,4.0,7,29,11.0,17,11,33,42,18,9,33,14,23,4.0,18,9.0,7.0,0.0,6.0,1.0,4.0,8.0,5,19,2.0,5.0,6,17,7.0,2.0,9.0,2.0,1.0,1.0,3,3.0,4.0,9,14,21,5.0,6.0,11,8,6.0,3.0,9.0,12,4.0,10.0,10,4,10,15,11,39,8,15,35,32,12,5.0,18,14,4.0,2.0,10,10.0,4.0,16,18,28,9,2,18,8.0,6,3,17,16,8.0,2.0,6.0,1.0,5.0,7,12,24,7.0,2,15,7,7.0,2.0,8.0,8.0,3.0,0.0,1.0,1.0,4.0,6.0,5.0,3.0,1.0,4.0,1.0,2.0,1.0,3.0,7.0,1.0,7,5,4.0,5.0,6.0,9,16,5,15.0,23,20,5.0,3.0,4.0,6.0,3.0,1.0,5,6.0,4.0,3.0,10,17,7,5.0,13,12.0,7,5.0,9.0,3.0,5.0,4.0,4.0,0.0,1.0,9.0,10.0,4.0,4.0,6.0,1.0,2.0,2.0,2.0,0.0,0.0,0.0,0.0
bacteria_mycobacterium_chunk_31,bacteria_mycobacterium.fasta,31,bacteria,1.0,0.0,3.0,3.0,5.0,5,9,4.0,2.0,6.0,12.0,4.0,1.0,1.0,6.0,4.0,2.0,6,6.0,6.0,9,13.0,17,8.0,13.0,17,11,12.0,4.0,7.0,6,7.0,6.0,4,0.0,7.0,4,9,13,5.0,7.0,13,3.0,5,5.0,3.0,4.0,2.0,0.0,1.0,1.0,2.0,8,5.0,8.0,8.0,7.0,8.0,6,4.0,2.0,3.0,4.0,3.0,4.0,16,9.0,3.0,3.0,18,18,4,7.0,16,7,4.0,2.0,10.0,8,4.0,12,14,17,6,16,7.0,12,8.0,20,21,15,11,7.0,4,13,8.0,9,25,20.0,7,13,33,22,12,7,28,11,10,1.0,17,16.0,4.0,2.0,13.0,1.0,5.0,6.0,7,12,3.0,5.0,16,15,6.0,2.0,17.0,3.0,3.0,2.0,7,11.0,4.0,8,17,19,10.0,7.0,9,8,5.0,1.0,14.0,6,4.0,8.0,15,8,4,18,17,32,11,16,23,13,10,6.0,14,17,3.0,7.0,13,6.0,6.0,10,21,15,14,9,9,8.0,5,4,11,13,4.0,1.0,7.0,2.0,1.0,12,4,16,4.0,5,13,14,6.0,0.0,8.0,4.0,3.0,0.0,0.0,2.0,4.0,7.0,7.0,6.0,1.0,1.0,1.0,1.0,0.0,4.0,5.0,0.0,10,8,3.0,8.0,6.0,6,5,5,12.0,19,17,5.0,4.0,3.0,6.0,7.0,2.0,12,3.0,5.0,8.0,15,12,9,9.0,10,9.0,12,1.0,5.0,5.0,5.0,3.0,0.0,1.0,3.0,6.0,17.0,5.0,5.0,7.0,5.0,0.0,0.0,3.0,6.0,3.0,1.0,0.0
bacteria_mycobacterium_chunk_32,bacteria_mycobacterium.fasta,32,bacteria,3.0,4.0,2.0,3.0,4.0,7,6,2.0,1.0,5.0,3.0,4.0,2.0,3.0,6.0,0.0,4.0,11,7.0,1.0,11,2.0,20,6.0,6.0,11,8,13.0,2.0,4.0,2,2.0,6.0,2,2.0,9.0,11,11,13,15.0,5.0,8,4.0,6,1.0,3.0,7.0,1.0,0.0,1.0,2.0,1.0,7,10.0,14.0,4.0,2.0,10.0,5,4.0,1.0,3.0,2.0,2.0,4.0,7,6.0,6.0,8.0,16,11,2,10.0,30,11,8.0,1.0,7.0,3,1.0,8,8,21,5,8,8.0,14,5.0,18,25,21,9,1.0,7,14,4.0,8,19,11.0,13,8,24,37,11,9,28,19,19,5.0,21,9.0,7.0,0.0,4.0,0.0,4.0,5.0,6,14,4.0,8.0,15,11,8.0,1.0,6.0,11.0,1.0,5.0,7,4.0,2.0,7,14,16,6.0,6.0,11,7,0.0,1.0,21.0,9,5.0,9.0,10,18,6,16,18,27,5,17,33,26,11,4.0,14,16,7.0,2.0,15,4.0,6.0,17,15,21,9,8,12,12.0,11,5,7,13,16.0,1.0,2.0,6.0,3.0,7,8,17,9.0,10,11,9,7.0,4.0,12.0,12.0,4.0,0.0,1.0,0.0,4.0,2.0,5.0,0.0,2.0,4.0,2.0,0.0,0.0,4.0,3.0,2.0,2,8,13.0,0.0,7.0,7,11,10,10.0,11,20,9.0,1.0,4.0,10.0,6.0,2.0,7,7.0,8.0,7.0,16,16,6,5.0,14,8.0,5,1.0,10.0,8.0,8.0,4.0,0.0,1.0,4.0,12.0,5.0,4.0,4.0,9.0,7.0,8.0,0.0,4.0,3.0,1.0,1.0,1.0
bacteria_mycobacterium_chunk_33,bacteria_mycobacterium.fasta,33,bacteria,0.0,1.0,2.0,2.0,1.0,4,4,1.0,7.0,4.0,5.0,1.0,0.0,5.0,3.0,4.0,3.0,7,3.0,3.0,3,8.0,21,4.0,12.0,12,13,4.0,5.0,4.0,4,2.0,1.0,7,3.0,5.0,4,7,10,13.0,2.0,9,5.0,10,1.0,2.0,3.0,5.0,1.0,1.0,2.0,0.0,3,4.0,21.0,3.0,8.0,3.0,5,3.0,0.0,7.0,3.0,3.0,3.0,6,7.0,1.0,1.0,16,7,5,2.0,14,8,2.0,0.0,10.0,5,4.0,2,8,9,4,3,9.0,16,10.0,21,22,29,8,2.0,6,13,5.0,7,27,16.0,19,11,22,29,18,8,44,17,14,1.0,10,13.0,9.0,0.0,7.0,2.0,4.0,4.0,3,11,4.0,7.0,18,25,8.0,1.0,2.0,7.0,2.0,2.0,2,8.0,8.0,11,11,25,6.0,5.0,15,12,6.0,4.0,13.0,9,4.0,6.0,7,7,9,13,18,31,10,20,28,24,12,6.0,7,37,3.0,8.0,9,8.0,0.0,10,29,35,10,4,14,10.0,13,3,18,25,9.0,1.0,6.0,0.0,2.0,11,7,16,1.0,11,14,17,6.0,1.0,16.0,11.0,2.0,0.0,1.0,1.0,3.0,5.0,4.0,3.0,2.0,1.0,1.0,2.0,0.0,3.0,2.0,1.0,6,7,7.0,3.0,4.0,3,12,2,16.0,18,18,9.0,0.0,5.0,4.0,2.0,4.0,10,11.0,6.0,4.0,14,10,12,11.0,17,9.0,18,4.0,5.0,7.0,7.0,1.0,2.0,0.0,5.0,7.0,13.0,3.0,5.0,5.0,8.0,6.0,1.0,3.0,3.0,1.0,0.0,0.0
bacteria_mycobacterium_chunk_34,bacteria_mycobacterium.fasta,34,bacteria,1.0,4.0,4.0,3.0,8.0,5,7,8.0,8.0,7.0,3.0,2.0,2.0,7.0,5.0,2.0,7.0,7,9.0,6.0,3,9.0,17,8.0,10.0,7,8,7.0,4.0,5.0,7,2.0,4.0,8,4.0,10.0,8,9,21,7.0,4.0,4,2.0,4,1.0,3.0,7.0,4.0,3.0,3.0,9.0,1.0,3,9.0,20.0,8.0,8.0,8.0,5,16.0,3.0,6.0,4.0,4.0,6.0,10,2.0,7.0,8.0,13,9,6,7.0,17,6,7.0,4.0,11.0,10,3.0,9,6,8,8,9,6.0,12,3.0,12,17,16,13,3.0,7,8,1.0,11,19,9.0,20,25,14,24,8,12,31,13,12,2.0,17,12.0,5.0,4.0,4.0,5.0,7.0,4.0,3,14,3.0,7.0,16,11,6.0,2.0,5.0,1.0,2.0,4.0,12,10.0,5.0,12,12,11,3.0,7.0,13,4,2.0,5.0,18.0,16,11.0,8.0,14,15,12,13,11,22,3,21,26,21,11,10.0,7,15,4.0,6.0,4,11.0,9.0,8,16,19,14,10,9,11.0,7,6,8,10,7.0,0.0,4.0,3.0,5.0,7,6,20,8.0,11,7,13,4.0,2.0,8.0,12.0,2.0,1.0,2.0,1.0,1.0,7.0,5.0,1.0,4.0,8.0,1.0,4.0,5.0,4.0,6.0,1.0,1,9,5.0,2.0,6.0,4,7,6,16.0,21,23,5.0,3.0,5.0,10.0,3.0,10.0,7,2.0,11.0,8.0,10,15,7,4.0,13,11.0,8,3.0,13.0,6.0,8.0,3.0,0.0,3.0,3.0,4.0,11.0,2.0,4.0,9.0,7.0,4.0,0.0,1.0,7.0,2.0,4.0,1.0
bacteria_mycobacterium_chunk_35,bacteria_mycobacterium.fasta,35,bacteria,4.0,3.0,0.0,3.0,6.0,4,6,2.0,1.0,4.0,2.0,2.0,0.0,4.0,4.0,5.0,2.0,8,3.0,3.0,11,9.0,26,6.0,12.0,13,7,5.0,1.0,3.0,2,2.0,1.0,4,2.0,5.0,9,9,11,6.0,3.0,8,3.0,6,1.0,4.0,4.0,3.0,0.0,0.0,1.0,0.0,4,5.0,12.0,9.0,7.0,11.0,3,4.0,0.0,6.0,3.0,1.0,3.0,1,3.0,2.0,6.0,26,13,4,3.0,18,13,4.0,0.0,10.0,8,0.0,3,16,21,9,7,2.0,15,4.0,19,25,32,12,0.0,9,8,5.0,10,29,15.0,18,9,24,53,7,11,47,25,24,6.0,21,9.0,4.0,0.0,0.0,1.0,0.0,1.0,13,23,3.0,1.0,5,8,3.0,0.0,8.0,5.0,0.0,3.0,13,6.0,8.0,4,20,18,1.0,4.0,12,5,3.0,1.0,15.0,13,3.0,3.0,16,11,5,16,13,35,7,24,33,43,14,0.0,19,5,2.0,9.0,6,3.0,6.0,12,27,37,10,5,18,8.0,13,4,16,26,5.0,1.0,3.0,6.0,3.0,4,11,33,3.0,10,10,14,10.0,0.0,2.0,13.0,1.0,0.0,1.0,0.0,0.0,2.0,0.0,1.0,4.0,1.0,0.0,3.0,0.0,1.0,0.0,2.0,1,9,3.0,0.0,15.0,4,12,5,17.0,22,25,9.0,0.0,9.0,2.0,4.0,10.0,4,4.0,3.0,5.0,11,13,3,5.0,13,8.0,8,2.0,10.0,5.0,4.0,0.0,0.0,0.0,4.0,8.0,5.0,0.0,3.0,6.0,9.0,4.0,0.0,1.0,1.0,0.0,0.0,0.0
bacteria_mycobacterium_chunk_36,bacteria_mycobacterium.fasta,36,bacteria,1.0,2.0,6.0,3.0,6.0,5,6,5.0,13.0,14.0,15.0,2.0,1.0,1.0,3.0,3.0,10.0,6,3.0,6.0,9,10.0,16,9.0,6.0,18,6,9.0,3.0,2.0,5,2.0,3.0,6,4.0,8.0,8,7,11,7.0,11.0,16,9.0,9,1.0,5.0,2.0,2.0,1.0,2.0,0.0,3.0,14,7.0,23.0,2.0,4.0,8.0,7,6.0,1.0,3.0,4.0,4.0,7.0,16,30.0,2.0,9.0,17,11,3,2.0,6,7,4.0,2.0,22.0,6,3.0,21,13,3,10,5,4.0,7,3.0,19,15,27,6,6.0,6,12,3.0,9,18,20.0,11,11,26,13,9,7,33,13,21,2.0,20,7.0,4.0,0.0,6.0,2.0,4.0,3.0,2,12,2.0,7.0,6,24,3.0,0.0,9.0,2.0,0.0,4.0,4,8.0,3.0,9,16,19,3.0,5.0,11,23,4.0,3.0,17.0,13,5.0,9.0,12,9,9,24,3,36,8,15,11,22,6,3.0,8,19,2.0,3.0,14,11.0,9.0,18,28,25,9,7,16,3.0,6,2,17,29,3.0,0.0,2.0,1.0,2.0,18,10,17,5.0,16,10,11,8.0,0.0,6.0,7.0,0.0,0.0,0.0,0.0,1.0,6.0,3.0,1.0,1.0,2.0,0.0,0.0,0.0,6.0,3.0,1.0,15,9,4.0,8.0,8.0,2,8,7,18.0,15,19,12.0,0.0,3.0,4.0,4.0,4.0,9,8.0,10.0,2.0,10,5,7,12.0,15,7.0,15,0.0,8.0,7.0,4.0,1.0,0.0,1.0,1.0,6.0,12.0,2.0,4.0,0.0,7.0,2.0,1.0,3.0,0.0,0.0,1.0,0.0
bacteria_mycobacterium_chunk_37,bacteria_mycobacterium.fasta,37,bacteria,0.0,3.0,2.0,0.0,2.0,8,10,2.0,2.0,2.0,3.0,2.0,2.0,5.0,6.0,2.0,2.0,5,3.0,7.0,17,10.0,24,5.0,10.0,10,12,10.0,0.0,4.0,4,0.0,7.0,2,1.0,2.0,6,5,12,3.0,1.0,4,1.0,6,0.0,6.0,1.0,2.0,3.0,1.0,1.0,2.0,8,9.0,15.0,2.0,3.0,14.0,6,3.0,0.0,2.0,7.0,1.0,1.0,10,3.0,5.0,2.0,22,16,2,4.0,15,6,3.0,5.0,11.0,9,4.0,4,19,13,10,8,7.0,20,5.0,16,35,27,19,3.0,5,13,4.0,9,21,9.0,9,12,39,23,21,6,40,15,24,5.0,15,9.0,9.0,0.0,9.0,1.0,1.0,3.0,2,8,4.0,11.0,17,20,8.0,0.0,2.0,8.0,2.0,3.0,7,3.0,10.0,10,18,13,2.0,5.0,7,3,2.0,0.0,11.0,8,3.0,12.0,6,8,9,16,19,42,11,13,29,32,6,8.0,7,29,7.0,5.0,7,4.0,5.0,10,22,34,12,7,11,10.0,8,8,11,17,11.0,1.0,4.0,2.0,7.0,7,10,16,6.0,5,11,13,3.0,3.0,7.0,14.0,4.0,1.0,2.0,0.0,3.0,8.0,3.0,2.0,1.0,2.0,0.0,2.0,0.0,7.0,3.0,1.0,1,12,4.0,3.0,5.0,4,11,4,9.0,21,14,3.0,0.0,1.0,10.0,1.0,2.0,13,3.0,6.0,7.0,22,11,15,7.0,23,10.0,9,1.0,7.0,5.0,6.0,2.0,1.0,1.0,2.0,3.0,8.0,0.0,5.0,13.0,10.0,5.0,1.0,2.0,4.0,2.0,1.0,0.0
bacteria_mycobacterium_chunk_38,bacteria_mycobacterium.fasta,38,bacteria,2.0,8.0,4.0,2.0,9.0,12,12,7.0,2.0,8.0,4.0,4.0,2.0,3.0,3.0,0.0,4.0,9,4.0,5.0,13,18.0,15,13.0,11.0,21,16,7.0,5.0,7.0,7,3.0,3.0,4,1.0,3.0,11,11,11,5.0,2.0,10,5.0,5,0.0,4.0,6.0,1.0,0.0,2.0,3.0,1.0,7,7.0,13.0,3.0,7.0,3.0,8,4.0,1.0,2.0,3.0,3.0,7.0,21,5.0,2.0,5.0,21,17,3,4.0,14,7,4.0,2.0,12.0,6,4.0,13,15,8,9,13,12.0,18,3.0,22,21,26,4,5.0,1,19,4.0,8,27,17.0,9,16,30,25,13,11,32,21,9,1.0,9,10.0,8.0,2.0,12.0,1.0,5.0,2.0,2,7,2.0,11.0,16,21,3.0,1.0,6.0,3.0,1.0,5.0,10,9.0,4.0,6,20,17,10.0,5.0,14,9,3.0,1.0,12.0,11,5.0,13.0,19,14,6,18,10,31,9,19,28,19,10,8.0,5,20,2.0,9.0,14,9.0,6.0,18,19,28,12,10,22,14.0,8,1,3,18,3.0,1.0,2.0,0.0,0.0,2,9,9,1.0,11,11,10,10.0,0.0,10.0,4.0,3.0,2.0,1.0,0.0,2.0,6.0,9.0,2.0,0.0,2.0,2.0,0.0,1.0,3.0,2.0,0.0,5,3,3.0,4.0,2.0,6,9,4,9.0,14,12,6.0,2.0,0.0,5.0,2.0,8.0,8,4.0,11.0,7.0,8,12,5,15.0,13,14.0,3,1.0,5.0,8.0,5.0,3.0,0.0,0.0,4.0,3.0,12.0,3.0,2.0,2.0,6.0,2.0,1.0,4.0,2.0,2.0,0.0,0.0
bacteria_mycobacterium_chunk_39,bacteria_mycobacterium.fasta,39,bacteria,4.0,10.0,1.0,3.0,4.0,10,14,1.0,3.0,7.0,4.0,1.0,2.0,4.0,6.0,3.0,10.0,5,7.0,7.0,13,12.0,25,4.0,7.0,18,10,11.0,2.0,2.0,3,3.0,1.0,1,0.0,6.0,14,14,15,6.0,5.0,7,3.0,8,1.0,0.0,4.0,5.0,2.0,2.0,4.0,2.0,6,8.0,10.0,4.0,4.0,9.0,7,4.0,0.0,3.0,2.0,3.0,4.0,7,7.0,9.0,11.0,26,8,4,2.0,26,10,3.0,4.0,9.0,7,1.0,6,14,17,6,10,5.0,20,5.0,21,25,29,12,3.0,7,8,5.0,14,30,11.0,9,17,23,25,11,12,34,11,18,5.0,24,5.0,14.0,2.0,3.0,2.0,2.0,2.0,7,15,1.0,7.0,12,5,3.0,0.0,4.0,7.0,4.0,7.0,10,6.0,3.0,12,10,22,5.0,3.0,12,6,4.0,3.0,12.0,9,4.0,9.0,20,13,4,15,18,30,7,17,22,18,12,3.0,12,14,3.0,3.0,10,9.0,4.0,10,22,18,9,2,8,5.0,7,1,14,19,7.0,2.0,6.0,3.0,1.0,8,8,24,4.0,11,6,7,10.0,1.0,8.0,17.0,5.0,3.0,2.0,0.0,2.0,8.0,2.0,0.0,0.0,4.0,3.0,2.0,1.0,3.0,2.0,0.0,2,10,4.0,4.0,5.0,5,12,7,19.0,10,18,13.0,1.0,4.0,2.0,4.0,8.0,8,5.0,9.0,6.0,11,11,6,7.0,10,3.0,8,5.0,6.0,6.0,5.0,1.0,0.0,1.0,4.0,6.0,11.0,2.0,8.0,7.0,9.0,5.0,1.0,8.0,3.0,4.0,1.0,0.0
bacteria_mycobacterium_chunk_40,bacteria_mycobacterium.fasta,40,bacteria,2.0,2.0,0.0,1.0,7.0,9,8,2.0,0.0,3.0,2.0,3.0,1.0,1.0,1.0,3.0,5.0,2,7.0,4.0,3,4.0,24,4.0,4.0,8,12,9.0,0.0,3.0,5,3.0,2.0,2,0.0,1.0,10,14,15,9.0,2.0,11,7.0,5,3.0,4.0,4.0,2.0,1.0,3.0,1.0,2.0,5,8.0,6.0,3.0,2.0,4.0,11,6.0,1.0,5.0,1.0,2.0,2.0,15,6.0,4.0,1.0,14,7,4,5.0,33,16,5.0,2.0,10.0,6,2.0,12,12,26,5,9,4.0,17,4.0,20,36,30,14,2.0,4,13,3.0,6,18,13.0,14,11,32,32,14,11,49,19,20,4.0,16,17.0,7.0,0.0,1.0,2.0,1.0,2.0,5,17,0.0,5.0,21,11,4.0,0.0,5.0,7.0,3.0,1.0,7,1.0,1.0,9,10,13,4.0,0.0,9,5,4.0,4.0,8.0,13,3.0,6.0,7,18,9,33,21,49,9,17,29,30,13,2.0,13,21,9.0,0.0,12,1.0,6.0,11,48,30,12,3,18,3.0,10,5,18,14,4.0,2.0,4.0,3.0,3.0,9,11,24,3.0,8,16,9,5.0,1.0,10.0,3.0,2.0,0.0,2.0,0.0,1.0,2.0,5.0,1.0,0.0,3.0,2.0,1.0,0.0,3.0,3.0,1.0,4,6,8.0,2.0,10.0,4,10,5,10.0,16,27,8.0,0.0,4.0,2.0,0.0,2.0,4,4.0,7.0,8.0,18,12,10,3.0,23,5.0,6,0.0,9.0,3.0,3.0,1.0,0.0,1.0,4.0,5.0,14.0,0.0,2.0,7.0,6.0,0.0,0.0,3.0,4.0,2.0,1.0,0.0
bacteria_mycobacterium_chunk_41,bacteria_mycobacterium.fasta,41,bacteria,0.0,1.0,0.0,0.0,11.0,5,1,2.0,6.0,3.0,2.0,1.0,0.0,4.0,0.0,0.0,2.0,2,8.0,2.0,4,9.0,25,0.0,0.0,6,1,0.0,1.0,4.0,2,0.0,1.0,3,4.0,1.0,11,21,7,2.0,3.0,2,4.0,1,1.0,4.0,2.0,3.0,0.0,0.0,0.0,0.0,5,13.0,0.0,0.0,1.0,4.0,2,0.0,1.0,2.0,6.0,1.0,1.0,4,2.0,1.0,2.0,18,1,3,0.0,22,5,5.0,0.0,0.0,3,7.0,2,16,13,4,11,34.0,61,4.0,36,119,86,41,2.0,4,2,3.0,20,7,6.0,13,1,153,7,4,9,63,8,18,1.0,8,9.0,34.0,0.0,3.0,1.0,3.0,0.0,11,2,0.0,1.0,8,4,2.0,0.0,1.0,2.0,0.0,0.0,13,10.0,3.0,1,8,4,2.0,2.0,15,3,4.0,0.0,13.0,2,2.0,2.0,4,7,4,18,45,177,6,10,36,9,8,3.0,5,10,0.0,2.0,3,9.0,2.0,2,29,47,8,2,7,6.0,3,2,5,16,1.0,0.0,2.0,1.0,1.0,2,11,4,2.0,5,15,6,3.0,4.0,10.0,25.0,0.0,0.0,1.0,0.0,0.0,7.0,1.0,1.0,1.0,1.0,0.0,0.0,0.0,1.0,2.0,1.0,2,2,4.0,0.0,2.0,22,19,1,0.0,4,2,3.0,1.0,0.0,1.0,0.0,3.0,2,5.0,1.0,3.0,42,2,4,2.0,14,0.0,2,0.0,2.0,2.0,1.0,4.0,0.0,0.0,1.0,9.0,3.0,0.0,4.0,24.0,6.0,0.0,0.0,0.0,1.0,1.0,0.0,1.0
bacteria_mycobacterium_chunk_42,bacteria_mycobacterium.fasta,42,bacteria,3.0,4.0,5.0,1.0,4.0,7,7,5.0,5.0,6.0,9.0,2.0,0.0,1.0,2.0,2.0,3.0,9,3.0,10.0,12,16.0,18,10.0,16.0,19,4,5.0,3.0,5.0,8,2.0,2.0,3,2.0,3.0,6,6,5,5.0,5.0,12,6.0,7,1.0,6.0,2.0,2.0,0.0,3.0,0.0,0.0,11,9.0,13.0,7.0,5.0,7.0,8,5.0,1.0,7.0,2.0,1.0,6.0,14,8.0,0.0,7.0,23,8,8,2.0,10,11,3.0,0.0,19.0,10,2.0,8,19,9,5,8,10.0,21,7.0,20,23,37,6,8.0,4,16,2.0,12,27,9.0,13,8,38,23,12,14,31,17,18,4.0,12,5.0,7.0,0.0,13.0,1.0,5.0,4.0,6,11,0.0,5.0,14,22,4.0,1.0,7.0,1.0,1.0,4.0,5,9.0,4.0,9,17,20,2.0,3.0,6,9,6.0,3.0,15.0,11,6.0,8.0,11,9,7,19,14,32,8,13,25,28,9,4.0,10,14,4.0,6.0,10,11.0,9.0,7,21,35,10,6,20,4.0,8,3,15,25,5.0,0.0,7.0,0.0,2.0,11,6,15,4.0,8,10,18,6.0,2.0,6.0,6.0,2.0,0.0,0.0,0.0,5.0,9.0,9.0,3.0,0.0,0.0,1.0,0.0,0.0,5.0,2.0,1.0,9,7,5.0,9.0,2.0,6,15,5,12.0,14,11,8.0,4.0,2.0,6.0,2.0,2.0,8,2.0,10.0,14.0,8,12,5,11.0,11,11.0,15,1.0,3.0,10.0,2.0,3.0,0.0,1.0,4.0,7.0,6.0,3.0,4.0,8.0,0.0,1.0,0.0,0.0,4.0,0.0,0.0,0.0
bacteria_mycobacterium_chunk_43,bacteria_mycobacterium.fasta,43,bacteria,3.0,4.0,3.0,1.0,4.0,6,9,4.0,10.0,5.0,9.0,6.0,2.0,4.0,3.0,0.0,7.0,5,1.0,11.0,7,9.0,16,12.0,10.0,9,13,8.0,5.0,3.0,2,5.0,7.0,6,1.0,7.0,6,4,15,8.0,3.0,8,6.0,8,1.0,5.0,4.0,6.0,2.0,2.0,2.0,0.0,10,9.0,16.0,5.0,9.0,11.0,4,4.0,2.0,2.0,1.0,1.0,1.0,10,11.0,4.0,2.0,16,7,5,3.0,18,9,3.0,1.0,21.0,12,1.0,8,4,14,5,8,11.0,14,4.0,21,18,32,10,4.0,11,20,2.0,13,20,14.0,14,11,24,20,10,10,48,14,12,3.0,13,16.0,5.0,0.0,15.0,0.0,3.0,4.0,12,8,2.0,7.0,19,15,7.0,0.0,7.0,2.0,1.0,6.0,9,14.0,4.0,11,14,18,5.0,7.0,8,6,5.0,2.0,13.0,12,4.0,9.0,11,13,8,8,12,35,12,16,26,24,13,7.0,10,22,1.0,4.0,17,8.0,6.0,14,24,33,10,10,11,2.0,6,3,11,11,6.0,0.0,4.0,4.0,0.0,10,9,13,2.0,5,16,12,4.0,1.0,12.0,7.0,2.0,1.0,0.0,0.0,7.0,8.0,6.0,1.0,1.0,2.0,1.0,2.0,1.0,2.0,1.0,1.0,2,10,5.0,11.0,8.0,5,16,9,14.0,12,15,6.0,2.0,2.0,4.0,2.0,9.0,5,3.0,4.0,10.0,15,11,12,12.0,14,7.0,5,1.0,5.0,6.0,5.0,1.0,0.0,2.0,4.0,7.0,10.0,1.0,1.0,2.0,7.0,2.0,1.0,1.0,2.0,0.0,2.0,1.0
bacteria_mycobacterium_chunk_44,bacteria_mycobacterium.fasta,44,bacteria,1.0,3.0,2.0,1.0,4.0,6,10,5.0,7.0,6.0,1.0,1.0,1.0,5.0,1.0,2.0,3.0,2,7.0,0.0,8,4.0,13,9.0,11.0,15,9,8.0,4.0,4.0,5,3.0,1.0,5,3.0,5.0,1,9,13,2.0,0.0,13,3.0,6,3.0,3.0,4.0,2.0,0.0,2.0,2.0,1.0,6,6.0,13.0,4.0,3.0,7.0,7,5.0,1.0,4.0,9.0,2.0,1.0,10,8.0,4.0,3.0,9,5,2,2.0,9,15,5.0,2.0,11.0,6,4.0,4,3,8,6,3,5.0,9,2.0,11,15,28,10,2.0,5,7,2.0,11,20,7.0,14,12,14,32,16,8,24,24,31,3.0,13,14.0,12.0,1.0,7.0,1.0,2.0,6.0,2,7,1.0,7.0,12,19,4.0,1.0,2.0,4.0,4.0,5.0,10,5.0,4.0,5,13,21,6.0,5.0,5,6,3.0,2.0,11.0,14,8.0,11.0,9,11,9,6,6,36,4,19,27,35,13,4.0,7,24,4.0,7.0,11,3.0,8.0,20,13,37,12,6,22,18.0,20,4,18,43,6.0,1.0,5.0,3.0,2.0,8,4,25,3.0,11,13,33,15.0,1.0,5.0,20.0,8.0,0.0,2.0,0.0,0.0,6.0,6.0,3.0,0.0,5.0,0.0,3.0,0.0,2.0,1.0,2.0,5,5,5.0,8.0,4.0,4,6,1,11.0,17,16,11.0,1.0,0.0,6.0,2.0,5.0,9,6.0,8.0,7.0,16,12,9,15.0,23,21.0,14,1.0,6.0,11.0,14.0,1.0,2.0,0.0,3.0,3.0,10.0,1.0,7.0,12.0,14.0,8.0,0.0,6.0,8.0,3.0,0.0,0.0
bacteria_mycobacterium_chunk_45,bacteria_mycobacterium.fasta,45,bacteria,1.0,2.0,3.0,2.0,5.0,5,12,6.0,6.0,5.0,4.0,4.0,2.0,5.0,4.0,3.0,4.0,6,4.0,6.0,8,5.0,14,7.0,10.0,15,10,9.0,3.0,3.0,6,6.0,4.0,7,3.0,11.0,4,7,9,8.0,4.0,7,3.0,8,2.0,10.0,6.0,9.0,2.0,2.0,1.0,1.0,9,8.0,22.0,7.0,1.0,9.0,6,4.0,1.0,4.0,4.0,3.0,4.0,15,5.0,6.0,8.0,12,8,7,10.0,11,4,7.0,1.0,13.0,8,4.0,6,8,13,8,7,4.0,6,3.0,10,16,18,7,5.0,3,9,3.0,13,16,14.0,17,10,14,33,17,5,34,10,14,6.0,15,12.0,7.0,2.0,6.0,4.0,2.0,4.0,2,10,5.0,12.0,16,16,6.0,2.0,7.0,8.0,4.0,1.0,9,9.0,3.0,6,11,17,4.0,5.0,8,11,11.0,3.0,25.0,6,5.0,13.0,12,7,8,11,10,19,6,24,23,20,14,5.0,9,24,7.0,4.0,2,7.0,6.0,16,15,23,12,2,10,2.0,10,6,14,19,4.0,4.0,3.0,9.0,1.0,9,9,23,9.0,9,13,10,10.0,5.0,5.0,13.0,4.0,2.0,2.0,3.0,1.0,6.0,7.0,1.0,4.0,4.0,3.0,5.0,0.0,3.0,2.0,0.0,7,9,8.0,4.0,9.0,1,12,4,16.0,20,15,10.0,1.0,6.0,11.0,5.0,1.0,13,10.0,5.0,11.0,10,16,8,8.0,15,9.0,11,3.0,11.0,5.0,7.0,4.0,2.0,1.0,6.0,7.0,6.0,2.0,7.0,7.0,11.0,6.0,0.0,5.0,6.0,3.0,2.0,1.0
bacteria_mycobacterium_chunk_46,bacteria_mycobacterium.fasta,46,bacteria,3.0,3.0,5.0,6.0,3.0,8,5,3.0,4.0,10.0,4.0,3.0,4.0,0.0,4.0,8.0,5.0,4,6.0,9.0,10,6.0,15,2.0,7.0,7,9,7.0,0.0,5.0,3,2.0,2.0,5,3.0,4.0,4,13,16,2.0,2.0,9,5.0,16,6.0,2.0,1.0,6.0,2.0,1.0,2.0,5.0,9,2.0,14.0,4.0,6.0,12.0,10,4.0,1.0,5.0,8.0,8.0,6.0,3,9.0,3.0,8.0,13,10,2,3.0,15,15,3.0,4.0,16.0,8,8.0,8,16,18,11,16,12.0,18,3.0,22,27,27,14,0.0,1,9,4.0,11,14,8.0,7,8,33,16,9,16,24,10,20,5.0,17,7.0,14.0,0.0,0.0,1.0,3.0,2.0,3,8,3.0,9.0,15,5,6.0,0.0,3.0,12.0,2.0,4.0,11,7.0,7.0,11,8,13,2.0,2.0,9,9,7.0,2.0,7.0,15,1.0,5.0,6,10,7,20,23,43,5,7,17,22,12,4.0,6,15,6.0,11.0,10,6.0,5.0,12,19,17,14,4,7,6.0,6,8,18,9,12.0,3.0,6.0,9.0,6.0,6,17,14,7.0,4,4,5,6.0,4.0,10.0,25.0,5.0,4.0,2.0,0.0,2.0,4.0,2.0,3.0,5.0,1.0,4.0,2.0,0.0,6.0,5.0,5.0,3,7,2.0,9.0,7.0,8,14,4,4.0,15,12,10.0,0.0,4.0,8.0,5.0,5.0,5,10.0,9.0,4.0,26,9,6,10.0,22,3.0,5,5.0,7.0,2.0,12.0,4.0,0.0,2.0,4.0,11.0,5.0,3.0,10.0,14.0,20.0,9.0,2.0,5.0,8.0,2.0,0.0,1.0
bacteria_mycobacterium_chunk_47,bacteria_mycobacterium.fasta,47,bacteria,8.0,6.0,7.0,1.0,8.0,5,9,2.0,8.0,10.0,8.0,3.0,1.0,4.0,1.0,0.0,5.0,7,7.0,7.0,7,9.0,18,6.0,12.0,9,10,6.0,1.0,7.0,5,5.0,9.0,6,5.0,6.0,13,10,11,5.0,5.0,11,4.0,8,1.0,4.0,7.0,5.0,2.0,1.0,6.0,2.0,6,7.0,12.0,7.0,10.0,11.0,7,5.0,0.0,3.0,7.0,2.0,5.0,5,5.0,4.0,9.0,16,9,7,7.0,15,12,8.0,4.0,11.0,14,2.0,4,12,14,9,11,3.0,13,7.0,10,20,21,15,4.0,4,5,8.0,11,17,9.0,19,14,9,21,10,13,17,13,21,6.0,15,11.0,8.0,5.0,3.0,3.0,2.0,4.0,5,14,3.0,4.0,7,7,6.0,2.0,8.0,10.0,3.0,6.0,10,14.0,1.0,6,17,16,6.0,9.0,10,5,4.0,6.0,13.0,13,8.0,9.0,17,13,12,14,13,24,5,18,14,18,11,4.0,7,10,7.0,7.0,12,5.0,7.0,15,20,15,11,7,17,10.0,6,2,10,28,5.0,2.0,6.0,1.0,4.0,4,14,14,5.0,8,16,21,7.0,2.0,6.0,11.0,3.0,3.0,3.0,0.0,3.0,2.0,3.0,3.0,2.0,4.0,3.0,2.0,0.0,4.0,5.0,2.0,1,5,8.0,3.0,7.0,9,11,3,16.0,11,15,8.0,4.0,8.0,4.0,3.0,4.0,10,9.0,8.0,9.0,17,15,2,5.0,16,13.0,10,4.0,8.0,6.0,4.0,1.0,1.0,3.0,3.0,4.0,10.0,4.0,9.0,9.0,9.0,4.0,1.0,4.0,3.0,0.0,3.0,0.0
bacteria_mycobacterium_chunk_48,bacteria_mycobacterium.fasta,48,bacteria,3.0,2.0,5.0,1.0,6.0,9,6,6.0,3.0,0.0,5.0,5.0,3.0,0.0,2.0,3.0,3.0,5,4.0,7.0,13,11.0,19,6.0,3.0,11,7,7.0,0.0,4.0,7,0.0,2.0,2,3.0,4.0,19,8,15,6.0,3.0,10,3.0,11,0.0,7.0,4.0,4.0,2.0,2.0,2.0,0.0,1,10.0,11.0,2.0,3.0,10.0,3,2.0,0.0,2.0,2.0,2.0,3.0,12,4.0,1.0,6.0,22,8,2,5.0,29,12,8.0,1.0,14.0,5,0.0,5,11,26,2,11,15.0,17,10.0,12,29,34,10,2.0,7,20,2.0,12,22,11.0,6,14,38,32,8,14,33,26,17,4.0,21,6.0,5.0,1.0,2.0,1.0,1.0,2.0,5,12,1.0,6.0,19,16,6.0,0.0,4.0,0.0,1.0,5.0,11,3.0,4.0,7,13,14,3.0,1.0,11,6,1.0,2.0,9.0,10,2.0,10.0,18,20,7,17,16,39,12,17,37,34,14,2.0,7,17,2.0,5.0,7,4.0,8.0,12,22,36,8,6,20,8.0,18,7,13,29,5.0,1.0,1.0,10.0,2.0,7,7,26,4.0,7,20,12,5.0,3.0,6.0,8.0,1.0,0.0,2.0,2.0,0.0,6.0,0.0,0.0,2.0,8.0,4.0,1.0,0.0,1.0,1.0,1.0,2,4,4.0,4.0,3.0,11,9,3,19.0,15,15,5.0,1.0,2.0,3.0,1.0,4.0,6,1.0,5.0,10.0,16,19,6,1.0,15,15.0,8,3.0,3.0,5.0,4.0,1.0,2.0,0.0,4.0,4.0,5.0,0.0,0.0,2.0,8.0,2.0,1.0,1.0,2.0,2.0,1.0,1.0
bacteria_mycobacterium_chunk_49,bacteria_mycobacterium.fasta,49,bacteria,4.0,8.0,3.0,3.0,5.0,6,10,4.0,0.0,5.0,3.0,1.0,5.0,5.0,1.0,2.0,4.0,8,3.0,1.0,10,12.0,30,6.0,6.0,12,12,7.0,0.0,8.0,4,1.0,1.0,2,2.0,3.0,6,12,10,5.0,2.0,6,3.0,8,2.0,7.0,1.0,4.0,3.0,3.0,2.0,0.0,4,7.0,7.0,2.0,0.0,4.0,7,3.0,0.0,1.0,4.0,0.0,7.0,11,4.0,5.0,5.0,32,9,1,2.0,14,9,6.0,0.0,9.0,7,1.0,9,24,14,6,12,19.0,30,4.0,24,58,33,22,3.0,7,6,8.0,6,22,12.0,8,11,73,22,20,10,33,9,13,3.0,10,12.0,20.0,2.0,4.0,2.0,0.0,8.0,8,7,1.0,4.0,14,13,4.0,2.0,8.0,8.0,1.0,5.0,5,2.0,1.0,4,14,12,7.0,2.0,10,6,5.0,3.0,6.0,5,1.0,7.0,8,7,7,24,28,68,12,9,40,14,10,3.0,8,21,8.0,5.0,7,5.0,4.0,10,22,27,8,2,12,7.0,5,3,13,9,5.0,2.0,5.0,5.0,0.0,9,6,15,3.0,3,12,9,5.0,5.0,5.0,19.0,4.0,2.0,1.0,4.0,2.0,6.0,6.0,1.0,4.0,4.0,1.0,2.0,0.0,0.0,1.0,1.0,7,7,7.0,3.0,7.0,5,10,2,9.0,16,6,6.0,2.0,1.0,4.0,2.0,1.0,6,4.0,0.0,2.0,25,14,7,7.0,16,7.0,4,4.0,3.0,7.0,4.0,3.0,2.0,2.0,3.0,3.0,8.0,3.0,4.0,18.0,5.0,6.0,0.0,3.0,2.0,1.0,0.0,0.0
bacteria_mycobacterium_chunk_50,bacteria_mycobacterium.fasta,50,bacteria,1.0,4.0,2.0,2.0,1.0,5,6,2.0,3.0,3.0,2.0,3.0,1.0,4.0,4.0,2.0,3.0,8,5.0,2.0,9,7.0,20,10.0,6.0,9,12,6.0,1.0,5.0,4,6.0,5.0,4,2.0,7.0,7,8,15,11.0,6.0,1,6.0,5,1.0,7.0,5.0,3.0,0.0,3.0,2.0,1.0,6,4.0,16.0,5.0,4.0,5.0,5,7.0,1.0,3.0,6.0,3.0,0.0,5,5.0,4.0,7.0,21,11,6,8.0,26,6,4.0,3.0,11.0,3,2.0,5,10,18,7,3,3.0,15,0.0,17,23,23,12,2.0,7,8,9.0,6,18,14.0,13,13,27,22,6,13,32,20,22,1.0,17,14.0,7.0,0.0,4.0,4.0,2.0,1.0,5,13,2.0,4.0,9,20,2.0,1.0,9.0,11.0,2.0,8.0,4,4.0,5.0,10,15,11,6.0,5.0,10,8,6.0,2.0,12.0,12,9.0,3.0,19,12,4,16,10,35,13,14,21,30,13,5.0,7,16,7.0,4.0,11,6.0,11.0,11,29,33,9,10,24,8.0,7,6,10,28,6.0,1.0,4.0,1.0,3.0,9,7,20,4.0,12,13,19,8.0,0.0,8.0,15.0,4.0,0.0,1.0,0.0,0.0,5.0,5.0,2.0,2.0,2.0,2.0,3.0,0.0,4.0,2.0,0.0,3,9,9.0,5.0,12.0,1,5,3,14.0,15,22,8.0,2.0,2.0,7.0,1.0,6.0,9,7.0,4.0,7.0,10,8,9,3.0,25,15.0,16,1.0,6.0,5.0,11.0,1.0,2.0,0.0,10.0,5.0,10.0,1.0,6.0,7.0,15.0,6.0,1.0,6.0,2.0,4.0,0.0,0.0
bacteria_mycobacterium_chunk_51,bacteria_mycobacterium.fasta,51,bacteria,3.0,2.0,1.0,3.0,4.0,3,2,2.0,2.0,4.0,3.0,6.0,0.0,8.0,3.0,3.0,3.0,8,10.0,1.0,13,5.0,16,4.0,10.0,9,12,3.0,0.0,1.0,5,7.0,2.0,6,1.0,2.0,5,5,14,12.0,5.0,6,7.0,7,2.0,8.0,3.0,2.0,2.0,2.0,3.0,3.0,9,3.0,10.0,6.0,6.0,9.0,8,7.0,1.0,2.0,3.0,3.0,2.0,4,4.0,4.0,4.0,16,11,4,5.0,20,15,5.0,4.0,5.0,7,2.0,5,13,14,7,4,2.0,12,6.0,4,19,33,16,1.0,11,7,8.0,4,22,5.0,20,8,26,15,9,16,35,14,22,1.0,13,15.0,8.0,2.0,2.0,1.0,1.0,2.0,7,19,3.0,6.0,14,10,6.0,1.0,10.0,16.0,3.0,4.0,2,10.0,6.0,13,14,19,3.0,3.0,9,5,2.0,6.0,13.0,17,4.0,2.0,8,12,5,16,15,34,11,16,20,15,8,4.0,10,20,10.0,10.0,10,6.0,13.0,8,21,20,11,9,6,9.0,16,5,18,25,10.0,1.0,4.0,4.0,1.0,11,8,24,7.0,12,20,10,8.0,2.0,8.0,16.0,2.0,0.0,4.0,1.0,1.0,5.0,2.0,4.0,1.0,3.0,2.0,2.0,0.0,2.0,3.0,0.0,4,6,9.0,5.0,6.0,2,10,5,21.0,10,27,10.0,1.0,9.0,4.0,5.0,6.0,11,7.0,5.0,6.0,24,10,12,9.0,13,10.0,13,2.0,11.0,7.0,8.0,4.0,0.0,0.0,2.0,5.0,15.0,3.0,5.0,9.0,17.0,7.0,0.0,5.0,3.0,3.0,0.0,0.0
bacteria_mycobacterium_chunk_52,bacteria_mycobacterium.fasta,52,bacteria,5.0,5.0,6.0,3.0,10.0,9,6,5.0,4.0,9.0,2.0,1.0,0.0,5.0,4.0,1.0,3.0,14,7.0,4.0,11,8.0,22,10.0,14.0,11,6,7.0,0.0,4.0,8,5.0,3.0,7,2.0,4.0,9,9,9,7.0,2.0,2,6.0,6,2.0,6.0,5.0,2.0,2.0,0.0,0.0,2.0,5,3.0,13.0,4.0,10.0,7.0,8,5.0,0.0,3.0,4.0,2.0,5.0,10,8.0,1.0,6.0,27,13,8,6.0,13,8,10.0,3.0,11.0,4,3.0,10,14,17,5,11,5.0,11,3.0,9,30,23,8,3.0,11,12,8.0,11,16,10.0,11,17,31,32,11,15,29,10,9,6.0,16,9.0,11.0,0.0,4.0,4.0,2.0,5.0,6,19,3.0,10.0,9,12,6.0,1.0,14.0,9.0,7.0,6.0,15,2.0,5.0,11,11,16,4.0,3.0,8,5,4.0,1.0,7.0,19,4.0,5.0,19,9,6,15,14,29,16,10,32,23,12,4.0,16,11,8.0,4.0,5,8.0,9.0,7,23,25,8,2,16,6.0,7,2,11,12,7.0,2.0,2.0,4.0,2.0,10,7,16,6.0,6,11,12,1.0,0.0,10.0,13.0,2.0,3.0,0.0,1.0,1.0,4.0,3.0,0.0,3.0,4.0,1.0,0.0,0.0,2.0,3.0,1.0,6,7,4.0,6.0,9.0,3,8,5,15.0,18,11,15.0,3.0,2.0,7.0,10.0,10.0,14,0.0,7.0,6.0,11,11,13,7.0,16,8.0,10,0.0,6.0,4.0,5.0,2.0,0.0,0.0,3.0,9.0,11.0,9.0,5.0,14.0,9.0,3.0,1.0,5.0,5.0,3.0,0.0,0.0
bacteria_mycobacterium_chunk_53,bacteria_mycobacterium.fasta,53,bacteria,1.0,2.0,4.0,2.0,5.0,7,5,3.0,4.0,7.0,9.0,8.0,3.0,5.0,4.0,5.0,2.0,5,3.0,4.0,9,10.0,14,9.0,7.0,9,7,7.0,1.0,3.0,2,4.0,4.0,2,5.0,3.0,8,13,9,8.0,3.0,9,7.0,9,1.0,4.0,3.0,9.0,5.0,2.0,3.0,2.0,10,12.0,11.0,6.0,4.0,6.0,4,7.0,0.0,7.0,3.0,3.0,2.0,6,8.0,6.0,4.0,21,13,2,5.0,19,7,5.0,3.0,13.0,7,5.0,13,13,12,9,7,11.0,22,12.0,13,26,12,11,3.0,8,16,8.0,14,13,11.0,16,5,23,30,9,8,31,13,12,5.0,17,9.0,12.0,2.0,2.0,3.0,1.0,3.0,10,20,6.0,6.0,12,12,3.0,1.0,13.0,11.0,5.0,4.0,9,12.0,7.0,4,8,10,5.0,3.0,7,11,2.0,6.0,19.0,7,2.0,4.0,13,13,4,18,20,18,10,16,20,23,10,2.0,16,6,11.0,7.0,4,3.0,9.0,15,19,20,7,5,9,8.0,10,4,13,13,4.0,3.0,4.0,3.0,1.0,8,5,23,6.0,7,11,5,4.0,4.0,16.0,9.0,5.0,2.0,3.0,2.0,1.0,7.0,2.0,0.0,2.0,5.0,1.0,2.0,0.0,2.0,3.0,1.0,3,9,8.0,10.0,13.0,11,8,4,18.0,12,22,15.0,2.0,12.0,9.0,7.0,7.0,8,4.0,6.0,6.0,11,10,11,7.0,12,4.0,3,1.0,8.0,2.0,9.0,2.0,1.0,2.0,9.0,9.0,13.0,12.0,8.0,9.0,5.0,6.0,1.0,7.0,5.0,2.0,4.0,1.0
bacteria_mycobacterium_chunk_54,bacteria_mycobacterium.fasta,54,bacteria,2.0,3.0,2.0,1.0,7.0,6,10,6.0,6.0,2.0,4.0,4.0,2.0,2.0,1.0,1.0,4.0,8,5.0,4.0,9,7.0,15,10.0,14.0,7,9,7.0,1.0,8.0,3,3.0,2.0,5,3.0,7.0,10,15,7,7.0,8.0,10,8.0,9,4.0,7.0,2.0,3.0,0.0,4.0,4.0,2.0,12,4.0,13.0,10.0,5.0,6.0,2,8.0,0.0,2.0,1.0,3.0,3.0,13,6.0,2.0,5.0,12,9,2,4.0,25,21,2.0,6.0,12.0,2,2.0,7,10,16,5,6,10.0,14,9.0,16,15,23,12,2.0,15,9,13.0,14,19,16.0,19,7,22,10,7,7,23,14,18,2.0,22,9.0,11.0,0.0,5.0,0.0,2.0,5.0,9,28,3.0,3.0,12,9,3.0,2.0,15.0,13.0,4.0,3.0,13,8.0,3.0,4,18,15,3.0,4.0,8,9,10.0,1.0,22.0,18,1.0,6.0,5,18,6,15,16,28,10,11,12,11,12,2.0,10,10,5.0,5.0,8,6.0,10.0,11,24,20,5,7,13,5.0,10,4,16,19,6.0,0.0,6.0,4.0,2.0,11,13,23,8.0,8,10,12,5.0,0.0,8.0,15.0,1.0,0.0,0.0,0.0,5.0,5.0,3.0,4.0,3.0,4.0,1.0,0.0,1.0,3.0,0.0,2.0,7,5,13.0,7.0,8.0,6,9,10,26.0,12,19,13.0,2.0,12.0,5.0,13.0,6.0,8,6.0,6.0,7.0,8,9,8,7.0,15,8.0,8,2.0,10.0,5.0,4.0,2.0,0.0,0.0,4.0,7.0,6.0,11.0,10.0,4.0,15.0,5.0,0.0,3.0,5.0,1.0,0.0,0.0
bacteria_mycobacterium_chunk_55,bacteria_mycobacterium.fasta,55,bacteria,3.0,2.0,3.0,2.0,7.0,5,8,6.0,0.0,8.0,3.0,6.0,3.0,7.0,7.0,5.0,7.0,7,7.0,5.0,11,7.0,22,12.0,12.0,10,10,7.0,9.0,4.0,7,3.0,2.0,4,2.0,2.0,7,10,15,7.0,4.0,6,4.0,8,5.0,6.0,5.0,4.0,2.0,2.0,2.0,2.0,4,12.0,19.0,5.0,2.0,9.0,9,4.0,1.0,6.0,8.0,3.0,2.0,16,4.0,12.0,8.0,19,9,6,4.0,17,9,8.0,2.0,7.0,7,5.0,13,9,13,10,8,0.0,9,5.0,19,22,18,4,3.0,2,20,2.0,9,25,10.0,11,15,19,22,17,15,20,19,16,1.0,8,13.0,3.0,0.0,14.0,3.0,8.0,2.0,3,10,2.0,10.0,18,17,9.0,1.0,6.0,5.0,0.0,5.0,7,9.0,7.0,8,14,19,7.0,4.0,13,8,5.0,3.0,15.0,9,6.0,12.0,19,12,6,17,8,21,6,13,22,24,8,9.0,9,23,3.0,13.0,9,8.0,11.0,18,16,16,10,7,16,5.0,8,5,16,12,4.0,1.0,6.0,1.0,5.0,7,8,18,4.0,11,7,12,4.0,0.0,5.0,10.0,2.0,0.0,1.0,1.0,3.0,14.0,3.0,4.0,2.0,1.0,2.0,1.0,0.0,11.0,2.0,2.0,2,7,6.0,0.0,9.0,7,11,4,11.0,19,18,6.0,4.0,2.0,4.0,4.0,4.0,10,10.0,9.0,9.0,7,14,10,15.0,18,8.0,5,2.0,7.0,4.0,6.0,2.0,0.0,0.0,2.0,8.0,7.0,3.0,9.0,6.0,8.0,2.0,0.0,3.0,2.0,0.0,1.0,0.0
bacteria_mycobacterium_chunk_56,bacteria_mycobacterium.fasta,56,bacteria,0.0,2.0,3.0,2.0,5.0,9,5,5.0,2.0,4.0,3.0,2.0,0.0,6.0,1.0,4.0,4.0,5,6.0,4.0,10,7.0,21,10.0,7.0,12,7,5.0,0.0,6.0,6,1.0,1.0,2,3.0,5.0,11,11,18,10.0,3.0,6,6.0,4,0.0,7.0,1.0,4.0,0.0,1.0,0.0,0.0,4,6.0,12.0,6.0,8.0,8.0,5,3.0,0.0,5.0,5.0,0.0,3.0,8,7.0,4.0,3.0,24,9,5,3.0,33,10,7.0,0.0,9.0,8,4.0,6,17,18,7,9,5.0,14,2.0,9,39,14,11,1.0,13,13,8.0,13,16,10.0,12,21,33,35,13,5,33,17,21,5.0,20,4.0,12.0,1.0,2.0,1.0,0.0,7.0,10,24,4.0,9.0,21,7,3.0,2.0,13.0,10.0,0.0,4.0,11,0.0,4.0,9,15,11,3.0,4.0,7,5,3.0,1.0,13.0,14,1.0,6.0,12,21,8,17,16,29,11,19,36,31,14,1.0,19,16,10.0,3.0,7,2.0,2.0,8,22,29,8,2,20,4.0,9,5,13,16,5.0,3.0,3.0,5.0,2.0,8,7,23,5.0,8,6,7,3.0,3.0,11.0,9.0,1.0,0.0,3.0,1.0,2.0,0.0,6.0,0.0,2.0,5.0,1.0,0.0,0.0,0.0,1.0,1.0,6,7,8.0,2.0,12.0,2,9,12,16.0,15,25,11.0,2.0,7.0,5.0,6.0,2.0,13,4.0,10.0,7.0,7,18,15,4.0,8,8.0,5,3.0,3.0,3.0,3.0,2.0,2.0,0.0,4.0,12.0,8.0,5.0,4.0,12.0,6.0,3.0,0.0,0.0,1.0,0.0,1.0,1.0
bacteria_mycobacterium_chunk_57,bacteria_mycobacterium.fasta,57,bacteria,1.0,4.0,4.0,3.0,2.0,7,10,0.0,2.0,4.0,6.0,3.0,1.0,5.0,4.0,1.0,2.0,5,9.0,7.0,14,11.0,21,6.0,13.0,12,14,5.0,1.0,1.0,5,2.0,2.0,4,1.0,5.0,9,10,15,10.0,5.0,11,6.0,10,2.0,5.0,4.0,3.0,1.0,2.0,3.0,3.0,6,7.0,11.0,3.0,4.0,7.0,10,4.0,0.0,2.0,1.0,6.0,5.0,9,2.0,4.0,13.0,24,7,5,6.0,27,13,4.0,2.0,4.0,8,3.0,6,13,21,5,9,8.0,16,4.0,13,26,34,7,1.0,6,10,2.0,12,25,13.0,10,20,24,20,11,11,37,19,20,2.0,17,8.0,6.0,1.0,6.0,0.0,5.0,3.0,2,13,0.0,6.0,15,17,5.0,3.0,4.0,3.0,1.0,6.0,5,8.0,3.0,7,15,24,2.0,1.0,11,8,1.0,5.0,12.0,11,4.0,8.0,22,14,3,14,14,37,6,14,23,26,12,6.0,8,22,6.0,6.0,8,4.0,10.0,15,27,29,12,8,17,11.0,8,7,25,12,4.0,1.0,3.0,10.0,2.0,11,7,28,8.0,8,7,9,3.0,1.0,4.0,8.0,2.0,0.0,1.0,1.0,1.0,6.0,3.0,2.0,3.0,2.0,5.0,6.0,1.0,6.0,2.0,1.0,4,9,6.0,2.0,8.0,4,6,3,20.0,14,13,9.0,4.0,3.0,6.0,1.0,2.0,11,3.0,6.0,3.0,11,11,9,4.0,18,8.0,10,5.0,7.0,3.0,2.0,1.0,3.0,0.0,1.0,5.0,4.0,3.0,4.0,5.0,4.0,5.0,0.0,3.0,6.0,1.0,1.0,0.0
bacteria_mycobacterium_chunk_58,bacteria_mycobacterium.fasta,58,bacteria,0.0,2.0,5.0,2.0,5.0,11,9,1.0,2.0,4.0,4.0,1.0,2.0,3.0,2.0,4.0,5.0,6,6.0,7.0,11,9.0,18,6.0,16.0,13,8,9.0,2.0,7.0,6,0.0,2.0,2,1.0,2.0,10,11,9,4.0,3.0,7,2.0,12,2.0,7.0,7.0,4.0,1.0,1.0,2.0,2.0,3,9.0,17.0,4.0,7.0,9.0,8,2.0,0.0,7.0,5.0,2.0,4.0,14,4.0,4.0,12.0,18,16,6,1.0,13,11,8.0,1.0,10.0,7,3.0,5,18,9,7,7,7.0,19,7.0,18,25,23,13,4.0,7,9,3.0,6,27,17.0,19,14,22,20,11,9,31,17,17,3.0,19,14.0,10.0,0.0,4.0,2.0,2.0,5.0,6,11,4.0,5.0,14,12,3.0,0.0,9.0,3.0,1.0,4.0,8,2.0,4.0,6,12,15,7.0,2.0,14,8,10.0,3.0,18.0,14,6.0,11.0,18,15,4,12,14,31,5,12,18,26,12,1.0,7,12,5.0,6.0,5,6.0,10.0,16,17,26,4,8,11,6.0,7,3,15,16,12.0,3.0,4.0,3.0,2.0,8,15,20,4.0,14,11,11,8.0,1.0,11.0,12.0,6.0,1.0,2.0,1.0,1.0,3.0,6.0,1.0,2.0,3.0,1.0,1.0,0.0,2.0,3.0,1.0,5,10,3.0,3.0,9.0,10,11,5,23.0,11,17,12.0,1.0,5.0,7.0,5.0,4.0,6,10.0,10.0,8.0,12,13,6,7.0,14,7.0,10,3.0,6.0,7.0,4.0,2.0,0.0,0.0,5.0,5.0,15.0,6.0,4.0,6.0,7.0,7.0,1.0,4.0,4.0,2.0,0.0,0.0
bacteria_mycobacterium_chunk_59,bacteria_mycobacterium.fasta,59,bacteria,2.0,6.0,1.0,4.0,6.0,18,13,7.0,3.0,6.0,2.0,3.0,7.0,4.0,4.0,7.0,9.0,8,0.0,11.0,5,29.0,22,6.0,10.0,15,10,11.0,1.0,5.0,5,1.0,4.0,2,3.0,2.0,9,8,2,5.0,2.0,6,3.0,8,0.0,1.0,5.0,8.0,0.0,4.0,2.0,6.0,5,8.0,17.0,3.0,5.0,5.0,1,5.0,4.0,6.0,11.0,2.0,7.0,22,4.0,4.0,9.0,28,11,1,2.0,11,10,3.0,2.0,16.0,3,8.0,15,22,10,7,26,17.0,35,4.0,28,43,24,11,1.0,10,10,0.0,11,25,6.0,16,12,40,19,9,10,25,8,14,4.0,6,12.0,12.0,2.0,4.0,0.0,0.0,9.0,6,7,3.0,5.0,19,9,3.0,0.0,3.0,2.0,2.0,4.0,15,8.0,11.0,11,7,17,2.0,5.0,4,6,6.0,2.0,8.0,9,5.0,7.0,10,8,8,19,26,45,8,6,12,14,9,4.0,6,15,3.0,8.0,3,8.0,2.0,10,22,8,9,5,7,4.0,5,3,8,13,11.0,1.0,6.0,4.0,2.0,6,4,7,4.0,6,6,12,9.0,3.0,6.0,28.0,3.0,0.0,1.0,3.0,2.0,9.0,5.0,2.0,1.0,3.0,1.0,2.0,1.0,5.0,0.0,3.0,6,9,8.0,3.0,4.0,10,4,3,14.0,10,9,3.0,0.0,4.0,6.0,3.0,15.0,7,4.0,4.0,2.0,28,12,5,4.0,11,6.0,8,6.0,6.0,3.0,9.0,4.0,1.0,1.0,6.0,3.0,5.0,3.0,14.0,17.0,7.0,8.0,1.0,2.0,4.0,1.0,1.0,2.0
bacteria_mycobacterium_chunk_60,bacteria_mycobacterium.fasta,60,bacteria,2.0,3.0,4.0,1.0,4.0,6,4,3.0,4.0,7.0,4.0,3.0,0.0,2.0,1.0,3.0,3.0,8,4.0,3.0,10,12.0,14,6.0,3.0,9,10,7.0,1.0,6.0,5,5.0,5.0,3,2.0,5.0,2,11,9,10.0,3.0,9,1.0,8,4.0,3.0,3.0,3.0,2.0,0.0,1.0,1.0,3,9.0,19.0,2.0,4.0,9.0,11,4.0,1.0,3.0,4.0,4.0,3.0,4,7.0,2.0,5.0,17,6,8,5.0,16,7,2.0,2.0,13.0,7,1.0,6,15,8,11,15,9.0,17,8.0,16,31,25,15,1.0,8,9,5.0,8,22,11.0,17,12,29,19,11,13,34,19,17,6.0,11,13.0,11.0,0.0,3.0,1.0,3.0,5.0,8,16,4.0,9.0,11,11,7.0,1.0,7.0,5.0,7.0,3.0,8,6.0,2.0,8,14,14,5.0,5.0,6,5,6.0,1.0,17.0,16,7.0,6.0,8,8,5,10,17,43,3,19,18,29,11,3.0,16,18,5.0,2.0,10,4.0,12.0,9,17,35,11,3,17,8.0,9,4,19,17,8.0,2.0,6.0,6.0,2.0,6,10,17,7.0,7,13,15,7.0,4.0,10.0,10.0,3.0,2.0,2.0,1.0,1.0,5.0,5.0,1.0,1.0,3.0,5.0,2.0,1.0,1.0,4.0,1.0,1,5,10.0,4.0,5.0,11,13,6,20.0,13,19,8.0,2.0,3.0,6.0,5.0,4.0,6,5.0,7.0,4.0,15,14,10,9.0,13,9.0,14,2.0,7.0,9.0,5.0,3.0,3.0,1.0,6.0,8.0,8.0,3.0,2.0,10.0,8.0,5.0,3.0,5.0,6.0,2.0,1.0,2.0
bacteria_mycobacterium_chunk_61,bacteria_mycobacterium.fasta,61,bacteria,0.0,3.0,0.0,1.0,2.0,8,6,0.0,5.0,4.0,5.0,5.0,4.0,4.0,1.0,0.0,2.0,5,5.0,6.0,12,9.0,18,7.0,5.0,9,21,8.0,2.0,4.0,6,3.0,7.0,3,3.0,7.0,7,11,7,6.0,4.0,6,3.0,6,2.0,5.0,3.0,3.0,2.0,2.0,4.0,1.0,9,8.0,12.0,7.0,8.0,10.0,10,3.0,2.0,5.0,1.0,1.0,1.0,3,6.0,4.0,4.0,15,15,5,9.0,14,8,4.0,3.0,13.0,13,3.0,6,13,17,8,9,4.0,17,6.0,12,23,27,10,1.0,5,10,9.0,7,17,7.0,15,5,17,28,18,6,41,21,16,4.0,13,13.0,7.0,0.0,4.0,2.0,4.0,4.0,8,8,2.0,6.0,13,20,8.0,1.0,7.0,6.0,8.0,3.0,6,12.0,1.0,7,17,20,6.0,3.0,9,5,2.0,1.0,15.0,16,5.0,3.0,11,8,10,15,15,33,8,21,23,20,16,6.0,10,23,6.0,5.0,16,5.0,3.0,15,24,35,14,4,17,10.0,9,6,6,21,4.0,4.0,8.0,3.0,1.0,5,5,13,6.0,12,8,14,9.0,2.0,5.0,14.0,2.0,0.0,4.0,3.0,5.0,6.0,2.0,4.0,3.0,4.0,1.0,2.0,1.0,4.0,1.0,1.0,3,10,5.0,8.0,8.0,8,4,4,8.0,13,16,3.0,1.0,3.0,8.0,4.0,3.0,14,4.0,12.0,5.0,18,10,7,15.0,24,6.0,6,4.0,5.0,6.0,9.0,3.0,1.0,1.0,8.0,3.0,7.0,1.0,7.0,9.0,7.0,4.0,2.0,3.0,6.0,5.0,1.0,2.0
bacteria_mycobacterium_chunk_62,bacteria_mycobacterium.fasta,62,bacteria,4.0,7.0,2.0,4.0,4.0,8,10,3.0,2.0,9.0,2.0,4.0,0.0,4.0,1.0,4.0,1.0,10,4.0,4.0,12,15.0,21,11.0,7.0,13,9,6.0,2.0,2.0,5,4.0,2.0,4,2.0,4.0,10,22,16,11.0,2.0,9,1.0,3,1.0,4.0,2.0,3.0,0.0,1.0,1.0,3.0,8,13.0,17.0,0.0,6.0,8.0,2,2.0,1.0,6.0,3.0,0.0,7.0,7,7.0,3.0,6.0,25,10,5,5.0,31,9,2.0,1.0,15.0,5,2.0,10,11,22,10,13,8.0,27,8.0,21,33,23,15,7.0,8,11,7.0,12,15,18.0,9,20,36,23,14,17,32,17,13,2.0,17,12.0,4.0,1.0,8.0,2.0,1.0,6.0,4,13,1.0,8.0,18,14,3.0,1.0,8.0,6.0,1.0,5.0,9,7.0,2.0,8,19,12,4.0,5.0,17,2,4.0,4.0,15.0,9,3.0,7.0,17,15,6,22,23,32,12,17,31,24,7,2.0,13,27,4.0,3.0,11,7.0,11.0,8,23,27,14,4,17,3.0,1,2,5,11,4.0,3.0,1.0,1.0,2.0,4,7,17,2.0,9,4,13,4.0,1.0,5.0,7.0,1.0,1.0,2.0,0.0,1.0,7.0,3.0,1.0,0.0,2.0,2.0,0.0,0.0,4.0,2.0,1.0,6,8,6.0,3.0,6.0,10,12,2,9.0,17,23,7.0,1.0,1.0,0.0,1.0,6.0,13,1.0,7.0,7.0,8,13,7,9.0,14,4.0,5,2.0,4.0,5.0,3.0,2.0,0.0,1.0,5.0,6.0,9.0,0.0,4.0,5.0,3.0,5.0,0.0,1.0,1.0,1.0,1.0,0.0
bacteria_mycobacterium_chunk_63,bacteria_mycobacterium.fasta,63,bacteria,0.0,3.0,4.0,0.0,3.0,3,21,2.0,2.0,2.0,6.0,0.0,0.0,3.0,7.0,1.0,3.0,5,2.0,2.0,9,7.0,34,4.0,7.0,6,25,4.0,1.0,2.0,5,3.0,1.0,4,1.0,5.0,3,13,14,0.0,1.0,5,5.0,6,2.0,4.0,6.0,1.0,1.0,0.0,1.0,2.0,1,2.0,9.0,3.0,3.0,3.0,14,2.0,4.0,1.0,1.0,1.0,5.0,17,4.0,5.0,3.0,36,8,6,5.0,15,7,2.0,3.0,3.0,4,1.0,4,9,14,4,8,12.0,11,2.0,6,15,56,7,0.0,8,4,6.0,4,19,7.0,10,11,20,16,6,10,138,26,21,4.0,14,6.0,3.0,1.0,0.0,1.0,0.0,2.0,5,12,1.0,2.0,8,10,2.0,2.0,8.0,7.0,1.0,1.0,6,0.0,5.0,6,11,13,3.0,2.0,8,4,6.0,1.0,6.0,11,3.0,23.0,35,12,4,11,10,35,7,21,26,95,7,0.0,5,9,5.0,7.0,1,10.0,4.0,56,24,108,8,9,22,12.0,6,7,6,24,6.0,3.0,2.0,7.0,3.0,2,9,11,5.0,4,11,17,3.0,1.0,6.0,6.0,1.0,1.0,3.0,1.0,0.0,4.0,0.0,0.0,2.0,5.0,0.0,5.0,0.0,3.0,0.0,2.0,1,4,1.0,1.0,3.0,4,4,5,6.0,6,19,9.0,1.0,5.0,4.0,4.0,0.0,9,2.0,2.0,4.0,6,11,5,2.0,30,6.0,10,2.0,3.0,0.0,4.0,2.0,3.0,0.0,2.0,0.0,8.0,5.0,4.0,4.0,7.0,2.0,0.0,0.0,3.0,0.0,2.0,2.0
bacteria_mycobacterium_chunk_64,bacteria_mycobacterium.fasta,64,bacteria,1.0,0.0,4.0,3.0,5.0,2,9,1.0,1.0,6.0,6.0,3.0,1.0,3.0,7.0,3.0,1.0,7,3.0,4.0,5,3.0,15,4.0,9.0,12,12,4.0,3.0,4.0,5,2.0,3.0,1,0.0,4.0,6,14,13,3.0,3.0,10,10.0,6,2.0,5.0,8.0,3.0,2.0,4.0,3.0,1.0,6,9.0,9.0,4.0,5.0,7.0,11,7.0,1.0,2.0,6.0,3.0,1.0,10,6.0,3.0,4.0,10,9,5,4.0,16,13,5.0,5.0,9.0,5,3.0,7,5,11,6,7,4.0,15,4.0,11,29,21,16,2.0,5,7,3.0,8,19,8.0,21,15,24,30,11,10,27,16,28,2.0,18,12.0,10.0,0.0,3.0,3.0,1.0,5.0,2,13,2.0,7.0,12,15,4.0,0.0,3.0,7.0,0.0,6.0,5,5.0,7.0,4,9,16,6.0,3.0,9,6,7.0,4.0,14.0,17,4.0,10.0,10,15,7,14,14,42,7,18,26,28,17,2.0,8,20,2.0,6.0,7,10.0,6.0,14,25,30,10,6,16,8.0,9,8,14,35,7.0,2.0,3.0,6.0,2.0,10,7,26,4.0,10,19,23,8.0,2.0,6.0,16.0,3.0,0.0,2.0,1.0,2.0,6.0,3.0,2.0,0.0,5.0,4.0,3.0,0.0,2.0,1.0,2.0,2,6,9.0,5.0,3.0,9,5,2,17.0,14,20,5.0,0.0,5.0,6.0,3.0,6.0,8,7.0,8.0,7.0,14,16,8,10.0,26,5.0,21,1.0,10.0,5.0,7.0,3.0,0.0,1.0,1.0,1.0,8.0,4.0,7.0,7.0,13.0,4.0,1.0,3.0,2.0,2.0,1.0,0.0
bacteria_mycobacterium_chunk_65,bacteria_mycobacterium.fasta,65,bacteria,3.0,3.0,3.0,2.0,0.0,12,9,5.0,3.0,11.0,8.0,4.0,1.0,3.0,4.0,2.0,3.0,4,5.0,7.0,5,8.0,23,5.0,7.0,12,9,8.0,2.0,7.0,5,3.0,6.0,2,1.0,6.0,10,12,14,4.0,6.0,9,1.0,6,1.0,3.0,6.0,3.0,1.0,2.0,1.0,2.0,6,5.0,12.0,5.0,4.0,6.0,13,1.0,2.0,6.0,5.0,2.0,6.0,11,12.0,2.0,3.0,17,5,6,4.0,15,6,5.0,0.0,7.0,7,6.0,9,9,9,5,10,3.0,23,4.0,16,26,30,13,2.0,4,10,3.0,10,18,20.0,11,10,31,30,16,12,33,15,22,8.0,13,5.0,8.0,0.0,8.0,1.0,2.0,5.0,3,17,2.0,6.0,14,16,3.0,1.0,5.0,5.0,2.0,2.0,10,11.0,6.0,13,7,14,4.0,7.0,11,7,4.0,5.0,12.0,11,4.0,13.0,14,11,5,12,17,32,8,21,32,23,9,6.0,9,17,5.0,6.0,13,7.0,8.0,18,16,25,11,11,9,17.0,12,5,15,24,9.0,1.0,6.0,2.0,6.0,5,8,16,6.0,8,11,15,3.0,1.0,10.0,7.0,5.0,0.0,2.0,0.0,3.0,5.0,8.0,2.0,1.0,3.0,1.0,0.0,0.0,6.0,2.0,3.0,6,4,5.0,3.0,5.0,12,7,2,15.0,17,20,4.0,1.0,7.0,7.0,2.0,7.0,5,1.0,7.0,5.0,10,16,6,5.0,19,16.0,13,1.0,4.0,2.0,2.0,2.0,1.0,1.0,2.0,10.0,11.0,4.0,2.0,6.0,9.0,2.0,0.0,6.0,2.0,0.0,0.0,0.0
bacteria_mycobacterium_chunk_66,bacteria_mycobacterium.fasta,66,bacteria,0.0,5.0,4.0,5.0,6.0,8,9,3.0,2.0,9.0,2.0,5.0,1.0,7.0,3.0,0.0,6.0,11,6.0,2.0,9,14.0,18,6.0,10.0,18,7,6.0,1.0,5.0,2,1.0,3.0,3,0.0,8.0,10,14,17,6.0,4.0,2,4.0,10,2.0,9.0,2.0,4.0,1.0,1.0,4.0,3.0,9,14.0,12.0,2.0,5.0,6.0,6,7.0,0.0,3.0,2.0,3.0,5.0,11,4.0,3.0,11.0,25,16,2,5.0,28,6,3.0,6.0,12.0,5,2.0,7,22,14,10,9,5.0,20,4.0,15,35,30,15,0.0,9,6,4.0,14,15,15.0,13,17,38,31,13,19,36,18,8,7.0,12,15.0,5.0,1.0,1.0,2.0,0.0,5.0,6,13,6.0,4.0,10,8,4.0,0.0,6.0,4.0,1.0,8.0,9,9.0,3.0,8,12,13,4.0,3.0,8,8,4.0,2.0,18.0,14,5.0,7.0,14,16,8,19,16,43,6,21,29,25,13,3.0,10,11,4.0,7.0,13,5.0,9.0,9,22,28,6,7,16,5.0,7,2,12,14,3.0,1.0,3.0,9.0,0.0,5,14,19,2.0,9,13,10,3.0,0.0,5.0,8.0,2.0,1.0,1.0,0.0,0.0,2.0,3.0,0.0,4.0,2.0,4.0,5.0,0.0,0.0,2.0,1.0,3,8,6.0,5.0,16.0,3,14,3,11.0,16,19,5.0,0.0,6.0,7.0,2.0,5.0,6,3.0,9.0,9.0,10,12,3,4.0,11,8.0,6,2.0,7.0,4.0,3.0,0.0,0.0,0.0,3.0,2.0,7.0,5.0,5.0,5.0,5.0,2.0,0.0,3.0,3.0,1.0,1.0,0.0
bacteria_mycobacterium_chunk_67,bacteria_mycobacterium.fasta,67,bacteria,2.0,3.0,1.0,4.0,16.0,5,7,4.0,6.0,2.0,3.0,3.0,0.0,7.0,3.0,4.0,9.0,7,12.0,7.0,8,9.0,13,5.0,8.0,8,6,8.0,2.0,3.0,6,1.0,6.0,5,0.0,8.0,9,11,9,5.0,6.0,12,9.0,6,3.0,4.0,3.0,6.0,0.0,3.0,4.0,1.0,9,7.0,17.0,2.0,3.0,9.0,3,13.0,0.0,7.0,9.0,2.0,2.0,16,5.0,7.0,10.0,18,8,4,7.0,17,20,7.0,5.0,9.0,8,6.0,9,9,17,4,8,3.0,18,1.0,21,18,25,13,0.0,5,8,4.0,13,18,13.0,14,14,18,19,10,10,31,14,15,11.0,20,11.0,9.0,1.0,1.0,1.0,0.0,4.0,7,14,1.0,4.0,16,5,6.0,0.0,6.0,6.0,2.0,4.0,12,7.0,3.0,6,11,13,2.0,4.0,8,7,2.0,2.0,19.0,14,6.0,6.0,15,16,7,13,15,34,5,11,22,20,18,0.0,13,16,6.0,4.0,5,6.0,11.0,13,22,25,12,7,20,10.0,5,3,9,12,9.0,3.0,4.0,10.0,3.0,12,8,19,5.0,6,11,12,5.0,2.0,13.0,10.0,5.0,2.0,1.0,0.0,3.0,1.0,2.0,2.0,2.0,7.0,3.0,4.0,1.0,0.0,3.0,2.0,6,9,5.0,10.0,10.0,3,12,6,18.0,13,19,12.0,1.0,5.0,1.0,3.0,3.0,4,2.0,8.0,8.0,16,18,8,3.0,9,9.0,7,3.0,11.0,8.0,6.0,0.0,1.0,2.0,5.0,9.0,12.0,2.0,4.0,14.0,8.0,4.0,1.0,3.0,5.0,0.0,1.0,0.0
bacteria_mycobacterium_chunk_68,bacteria_mycobacterium.fasta,68,bacteria,0.0,1.0,3.0,1.0,11.0,6,12,4.0,3.0,6.0,2.0,3.0,4.0,3.0,4.0,1.0,6.0,9,6.0,3.0,21,12.0,26,5.0,10.0,10,14,5.0,0.0,4.0,8,5.0,2.0,7,2.0,3.0,22,15,20,4.0,5.0,8,2.0,7,3.0,3.0,4.0,3.0,3.0,2.0,5.0,1.0,13,7.0,14.0,2.0,4.0,4.0,7,4.0,0.0,4.0,3.0,1.0,3.0,16,5.0,6.0,3.0,38,11,3,5.0,40,11,5.0,0.0,16.0,5,4.0,8,21,25,7,14,10.0,24,1.0,26,34,20,14,2.0,3,6,4.0,13,28,13.0,17,11,33,26,10,7,37,13,13,4.0,22,9.0,5.0,0.0,2.0,2.0,1.0,2.0,4,9,1.0,4.0,9,12,3.0,1.0,4.0,9.0,2.0,2.0,13,5.0,5.0,10,15,14,8.0,5.0,5,6,1.0,6.0,15.0,10,1.0,9.0,18,21,7,20,19,35,7,19,25,25,12,3.0,9,10,4.0,6.0,8,0.0,7.0,13,22,30,6,4,9,3.0,6,6,11,10,5.0,1.0,3.0,9.0,3.0,12,9,17,2.0,4,11,8,3.0,3.0,8.0,4.0,1.0,0.0,3.0,0.0,0.0,5.0,2.0,2.0,1.0,10.0,3.0,4.0,1.0,2.0,0.0,2.0,7,7,9.0,8.0,6.0,8,9,2,16.0,11,11,9.0,0.0,0.0,4.0,3.0,4.0,4,2.0,5.0,9.0,11,5,6,5.0,17,4.0,6,3.0,3.0,3.0,3.0,2.0,2.0,0.0,4.0,5.0,7.0,2.0,3.0,7.0,5.0,2.0,0.0,3.0,1.0,2.0,1.0,0.0
bacteria_mycobacterium_chunk_69,bacteria_mycobacterium.fasta,69,bacteria,0.0,2.0,1.0,1.0,5.0,10,5,4.0,2.0,6.0,4.0,3.0,3.0,5.0,3.0,2.0,4.0,9,2.0,5.0,12,11.0,19,7.0,9.0,8,12,7.0,3.0,4.0,3,2.0,3.0,3,2.0,1.0,7,8,8,7.0,5.0,10,8.0,6,1.0,5.0,9.0,6.0,0.0,2.0,2.0,5.0,9,4.0,14.0,4.0,10.0,5.0,7,5.0,0.0,8.0,6.0,1.0,2.0,14,8.0,7.0,5.0,21,8,2,3.0,11,13,9.0,3.0,7.0,8,4.0,12,12,15,4,6,7.0,17,3.0,19,24,15,10,2.0,7,7,4.0,6,21,15.0,19,10,18,27,18,10,28,13,13,7.0,22,13.0,8.0,0.0,4.0,3.0,1.0,5.0,4,13,3.0,7.0,13,12,11.0,0.0,3.0,6.0,1.0,2.0,7,6.0,5.0,9,15,16,4.0,4.0,8,8,6.0,3.0,13.0,13,6.0,10.0,9,9,8,24,10,25,7,16,22,21,18,1.0,10,27,2.0,6.0,8,3.0,7.0,12,25,30,6,3,17,5.0,9,4,9,17,8.0,0.0,4.0,6.0,6.0,9,5,27,2.0,9,17,14,8.0,4.0,11.0,15.0,4.0,0.0,1.0,0.0,1.0,3.0,7.0,2.0,0.0,5.0,4.0,3.0,0.0,6.0,3.0,3.0,5,6,10.0,5.0,1.0,5,7,3,17.0,19,16,15.0,2.0,4.0,6.0,2.0,5.0,12,6.0,8.0,7.0,15,13,9,6.0,18,8.0,10,4.0,7.0,8.0,12.0,3.0,1.0,0.0,3.0,3.0,13.0,5.0,5.0,9.0,9.0,7.0,1.0,2.0,3.0,2.0,0.0,1.0
bacteria_mycobacterium_chunk_70,bacteria_mycobacterium.fasta,70,bacteria,0.0,2.0,1.0,6.0,9.0,13,4,2.0,4.0,8.0,5.0,4.0,3.0,7.0,4.0,4.0,2.0,7,6.0,6.0,7,21.0,11,1.0,5.0,4,5,10.0,0.0,4.0,2,1.0,4.0,1,1.0,4.0,3,11,10,5.0,7.0,12,9.0,12,0.0,3.0,2.0,11.0,0.0,0.0,4.0,4.0,3,10.0,15.0,8.0,5.0,6.0,13,14.0,0.0,2.0,11.0,1.0,2.0,8,5.0,0.0,6.0,17,7,3,1.0,15,17,2.0,1.0,6.0,5,6.0,10,11,19,4,18,19.0,44,1.0,42,20,47,4,1.0,1,4,1.0,13,16,16.0,28,6,22,11,1,13,15,16,28,0.0,5,8.0,15.0,1.0,0.0,1.0,0.0,5.0,2,9,1.0,4.0,11,5,3.0,0.0,2.0,1.0,0.0,7.0,16,15.0,12.0,6,9,13,2.0,4.0,4,15,8.0,5.0,20.0,27,3.0,0.0,9,5,7,9,29,49,4,5,8,16,8,0.0,6,13,0.0,13.0,6,5.0,15.0,11,22,11,3,14,9,10.0,11,3,15,35,12.0,1.0,0.0,2.0,2.0,4,14,11,2.0,10,15,13,14.0,2.0,9.0,43.0,1.0,0.0,2.0,0.0,0.0,1.0,0.0,0.0,1.0,2.0,3.0,2.0,0.0,3.0,2.0,1.0,3,6,5.0,1.0,10.0,13,9,1,21.0,8,4,6.0,1.0,6.0,4.0,1.0,20.0,7,9.0,8.0,1.0,36,5,10,5.0,11,9.0,14,2.0,8.0,7.0,17.0,1.0,1.0,0.0,3.0,7.0,4.0,1.0,25.0,20.0,8.0,3.0,0.0,2.0,1.0,0.0,0.0,0.0
bacteria_mycobacterium_chunk_71,bacteria_mycobacterium.fasta,71,bacteria,4.0,6.0,3.0,3.0,2.0,3,5,4.0,5.0,4.0,8.0,2.0,1.0,3.0,0.0,1.0,0.0,10,5.0,7.0,11,7.0,15,6.0,9.0,9,9,5.0,2.0,5.0,8,8.0,4.0,5,3.0,3.0,14,13,5,7.0,4.0,2,4.0,8,2.0,2.0,9.0,2.0,1.0,6.0,2.0,0.0,6,10.0,13.0,2.0,6.0,5.0,3,4.0,0.0,5.0,6.0,2.0,3.0,5,8.0,1.0,8.0,17,8,6,4.0,22,8,8.0,2.0,14.0,8,6.0,8,14,13,8,19,10.0,11,6.0,7,17,16,16,3.0,6,15,5.0,7,16,11.0,10,6,23,17,19,5,38,12,15,3.0,14,8.0,12.0,0.0,9.0,0.0,3.0,2.0,5,11,5.0,8.0,14,22,8.0,3.0,8.0,9.0,8.0,9.0,2,7.0,1.0,9,14,10,7.0,6.0,7,2,4.0,4.0,12.0,9,4.0,5.0,9,18,8,11,21,22,9,13,21,26,9,2.0,10,27,8.0,4.0,8,2.0,10.0,15,18,32,11,5,14,5.0,10,8,12,18,8.0,1.0,6.0,5.0,3.0,7,5,19,4.0,4,9,18,11.0,0.0,15.0,10.0,8.0,0.0,1.0,0.0,3.0,5.0,9.0,6.0,0.0,6.0,0.0,1.0,2.0,2.0,1.0,2.0,4,6,6.0,7.0,3.0,8,8,8,15.0,18,19,7.0,5.0,2.0,2.0,7.0,4.0,11,3.0,6.0,5.0,9,15,10,10.0,22,13.0,13,2.0,7.0,7.0,11.0,2.0,0.0,1.0,8.0,7.0,16.0,5.0,6.0,11.0,14.0,4.0,0.0,8.0,10.0,1.0,1.0,0.0
bacteria_mycobacterium_chunk_72,bacteria_mycobacterium.fasta,72,bacteria,1.0,3.0,1.0,1.0,1.0,3,10,5.0,1.0,6.0,3.0,5.0,0.0,2.0,2.0,2.0,2.0,5,6.0,3.0,8,6.0,21,5.0,10.0,21,13,6.0,2.0,6.0,7,3.0,4.0,4,2.0,3.0,7,4,13,10.0,7.0,9,3.0,3,0.0,4.0,2.0,5.0,0.0,2.0,0.0,0.0,6,5.0,14.0,5.0,5.0,6.0,3,5.0,0.0,2.0,5.0,1.0,0.0,9,4.0,3.0,4.0,20,9,9,5.0,16,8,3.0,1.0,13.0,7,4.0,2,8,7,11,5,9.0,18,4.0,23,30,20,8,3.0,4,8,2.0,11,28,12.0,12,19,24,32,12,4,44,22,20,2.0,19,12.0,7.0,1.0,3.0,2.0,2.0,4.0,7,8,2.0,8.0,17,21,7.0,1.0,4.0,4.0,2.0,5.0,7,8.0,2.0,10,13,29,4.0,6.0,9,10,2.0,1.0,13.0,7,2.0,9.0,21,11,7,13,12,30,6,14,26,38,21,2.0,8,31,2.0,4.0,12,5.0,5.0,15,22,33,11,8,13,7.0,12,4,15,30,4.0,1.0,0.0,3.0,2.0,11,8,21,6.0,8,20,16,9.0,1.0,8.0,9.0,5.0,0.0,0.0,0.0,1.0,4.0,2.0,0.0,1.0,3.0,1.0,1.0,0.0,2.0,3.0,0.0,3,8,8.0,4.0,2.0,9,12,2,16.0,11,19,5.0,1.0,3.0,7.0,4.0,3.0,12,8.0,3.0,7.0,11,21,10,7.0,15,8.0,18,0.0,8.0,9.0,7.0,2.0,1.0,1.0,2.0,4.0,8.0,2.0,5.0,6.0,8.0,3.0,2.0,2.0,4.0,0.0,2.0,0.0
bacteria_mycobacterium_chunk_73,bacteria_mycobacterium.fasta,73,bacteria,2.0,7.0,7.0,1.0,7.0,6,11,1.0,2.0,8.0,5.0,6.0,3.0,6.0,3.0,2.0,4.0,8,5.0,6.0,9,7.0,22,5.0,6.0,11,14,10.0,1.0,1.0,4,1.0,5.0,2,2.0,4.0,12,6,18,10.0,9.0,7,7.0,9,0.0,4.0,7.0,3.0,2.0,2.0,2.0,3.0,8,14.0,14.0,4.0,5.0,10.0,4,1.0,0.0,6.0,5.0,5.0,6.0,12,7.0,6.0,7.0,23,10,3,3.0,23,15,3.0,2.0,16.0,8,6.0,10,16,11,10,14,7.0,12,3.0,25,37,15,7,4.0,7,6,2.0,12,19,14.0,11,17,40,37,9,5,30,13,12,5.0,19,11.0,6.0,0.0,4.0,6.0,3.0,3.0,6,9,3.0,6.0,5,14,6.0,2.0,4.0,5.0,0.0,8.0,5,7.0,6.0,7,10,16,3.0,2.0,12,8,4.0,3.0,14.0,8,6.0,12.0,12,21,9,16,14,36,7,14,39,22,15,7.0,11,14,6.0,7.0,5,7.0,6.0,16,18,20,11,2,14,7.0,8,3,16,18,1.0,0.0,3.0,4.0,2.0,13,10,16,3.0,12,18,10,1.0,2.0,1.0,6.0,2.0,1.0,1.0,1.0,2.0,4.0,4.0,0.0,6.0,3.0,4.0,1.0,1.0,4.0,1.0,2.0,5,7,7.0,7.0,8.0,8,14,4,11.0,16,9,9.0,1.0,2.0,6.0,2.0,2.0,10,3.0,10.0,9.0,9,15,8,9.0,14,4.0,9,1.0,3.0,5.0,1.0,1.0,2.0,0.0,2.0,4.0,6.0,1.0,2.0,8.0,8.0,2.0,0.0,3.0,4.0,1.0,0.0,1.0
bacteria_mycobacterium_chunk_74,bacteria_mycobacterium.fasta,74,bacteria,2.0,1.0,4.0,2.0,5.0,9,7,4.0,8.0,5.0,5.0,1.0,0.0,3.0,4.0,2.0,3.0,1,5.0,4.0,6,11.0,15,4.0,2.0,12,6,8.0,1.0,4.0,4,3.0,7.0,2,3.0,10.0,13,14,11,4.0,7.0,10,5.0,7,1.0,3.0,4.0,1.0,0.0,1.0,6.0,1.0,6,4.0,14.0,6.0,2.0,6.0,6,10.0,0.0,2.0,6.0,2.0,3.0,7,2.0,6.0,2.0,16,12,1,5.0,21,14,3.0,3.0,9.0,8,3.0,7,11,20,6,13,11.0,19,13.0,19,38,19,22,0.0,9,13,9.0,10,12,12.0,12,8,52,15,11,11,31,16,13,8.0,20,6.0,14.0,0.0,1.0,0.0,1.0,4.0,8,15,1.0,5.0,16,9,2.0,2.0,5.0,11.0,3.0,3.0,15,12.0,1.0,4,9,8,6.0,4.0,11,7,2.0,5.0,15.0,11,4.0,3.0,16,13,7,21,29,55,10,8,26,22,10,1.0,10,11,4.0,9.0,8,4.0,6.0,11,25,25,7,6,17,5.0,11,3,9,19,8.0,2.0,3.0,9.0,2.0,9,6,18,4.0,8,13,9,5.0,1.0,10.0,17.0,1.0,1.0,2.0,0.0,2.0,2.0,1.0,1.0,5.0,5.0,3.0,3.0,0.0,3.0,1.0,1.0,5,4,5.0,6.0,4.0,5,9,4,17.0,10,24,8.0,0.0,5.0,4.0,5.0,5.0,5,5.0,7.0,7.0,24,15,4,3.0,10,13.0,8,4.0,5.0,6.0,6.0,1.0,1.0,1.0,1.0,4.0,11.0,3.0,7.0,15.0,10.0,4.0,2.0,2.0,2.0,2.0,1.0,2.0
bacteria_mycobacterium_chunk_75,bacteria_mycobacterium.fasta,75,bacteria,4.0,8.0,2.0,6.0,7.0,7,11,5.0,5.0,9.0,7.0,3.0,2.0,7.0,3.0,5.0,7.0,4,10.0,6.0,4,11.0,15,2.0,11.0,12,14,4.0,2.0,4.0,7,3.0,7.0,4,6.0,6.0,9,11,18,7.0,11.0,15,6.0,6,1.0,12.0,6.0,4.0,2.0,1.0,3.0,2.0,5,4.0,15.0,2.0,6.0,13.0,4,6.0,3.0,4.0,4.0,6.0,5.0,7,6.0,6.0,7.0,13,12,4,8.0,15,11,12.0,3.0,7.0,5,3.0,6,8,10,4,8,1.0,14,7.0,28,17,14,13,1.0,6,11,1.0,15,20,21.0,13,10,24,16,14,10,24,11,16,7.0,11,12.0,4.0,0.0,3.0,5.0,2.0,9.0,2,9,1.0,8.0,14,16,5.0,0.0,4.0,7.0,0.0,10.0,13,11.0,4.0,11,8,16,5.0,9.0,17,19,3.0,2.0,11.0,20,4.0,4.0,16,15,3,13,14,32,5,15,20,22,13,7.0,10,17,5.0,8.0,8,12.0,10.0,8,16,24,12,6,9,5.0,7,4,15,18,1.0,4.0,5.0,1.0,4.0,14,9,16,5.0,13,9,14,11.0,0.0,6.0,5.0,3.0,1.0,2.0,1.0,2.0,4.0,2.0,2.0,1.0,4.0,1.0,5.0,1.0,1.0,1.0,5.0,7,8,11.0,5.0,3.0,4,11,5,15.0,15,11,5.0,0.0,1.0,8.0,2.0,8.0,8,9.0,8.0,11.0,13,12,6,11.0,11,5.0,9,2.0,6.0,11.0,5.0,1.0,2.0,0.0,3.0,8.0,6.0,3.0,6.0,6.0,2.0,2.0,3.0,6.0,0.0,4.0,5.0,3.0
bacteria_mycobacterium_chunk_76,bacteria_mycobacterium.fasta,76,bacteria,0.0,2.0,4.0,1.0,2.0,6,9,1.0,3.0,10.0,2.0,2.0,0.0,3.0,1.0,2.0,4.0,4,6.0,3.0,11,6.0,21,4.0,8.0,11,11,4.0,0.0,2.0,3,4.0,2.0,2,3.0,3.0,7,10,14,11.0,2.0,7,6.0,8,0.0,6.0,5.0,2.0,0.0,3.0,1.0,2.0,3,7.0,17.0,4.0,4.0,5.0,6,2.0,0.0,5.0,3.0,1.0,1.0,11,7.0,2.0,4.0,21,7,2,3.0,21,7,5.0,1.0,9.0,3,2.0,8,16,7,4,8,6.0,23,1.0,19,33,34,16,2.0,5,9,1.0,11,15,13.0,12,16,29,27,17,13,44,22,20,6.0,19,14.0,8.0,1.0,5.0,0.0,3.0,3.0,5,10,2.0,6.0,19,13,5.0,1.0,2.0,8.0,2.0,6.0,4,6.0,3.0,8,10,15,4.0,4.0,8,14,3.0,5.0,16.0,9,2.0,6.0,8,16,7,11,18,49,5,13,25,37,14,6.0,8,27,6.0,5.0,11,10.0,9.0,9,29,30,15,15,16,17.0,7,4,22,17,3.0,0.0,5.0,4.0,5.0,11,10,26,5.0,7,11,17,5.0,0.0,8.0,6.0,2.0,0.0,1.0,0.0,3.0,5.0,3.0,2.0,0.0,3.0,0.0,3.0,0.0,3.0,4.0,3.0,3,6,7.0,1.0,5.0,8,9,7,11.0,20,17,13.0,1.0,5.0,4.0,2.0,1.0,9,3.0,8.0,5.0,16,18,4,5.0,15,10.0,11,4.0,5.0,4.0,3.0,0.0,1.0,0.0,0.0,7.0,8.0,1.0,4.0,8.0,5.0,4.0,0.0,1.0,4.0,0.0,0.0,0.0
bacteria_mycobacterium_chunk_77,bacteria_mycobacterium.fasta,77,bacteria,0.0,3.0,3.0,2.0,5.0,10,8,6.0,4.0,6.0,7.0,5.0,0.0,6.0,4.0,1.0,1.0,2,7.0,8.0,3,12.0,16,7.0,12.0,9,12,8.0,0.0,8.0,8,4.0,3.0,4,2.0,5.0,13,15,9,6.0,7.0,9,5.0,6,1.0,5.0,9.0,3.0,1.0,3.0,5.0,2.0,9,10.0,10.0,4.0,8.0,14.0,5,6.0,1.0,4.0,2.0,3.0,5.0,15,7.0,4.0,7.0,9,12,5,4.0,20,11,7.0,5.0,12.0,6,5.0,15,10,12,9,10,5.0,13,6.0,13,26,20,12,1.0,7,13,6.0,7,13,11.0,15,12,24,17,16,13,22,13,16,5.0,7,14.0,10.0,1.0,3.0,1.0,1.0,9.0,6,12,8.0,8.0,10,17,4.0,2.0,7.0,12.0,4.0,3.0,11,8.0,5.0,4,14,14,8.0,3.0,12,6,5.0,4.0,12.0,21,2.0,12.0,6,16,8,19,12,30,12,11,20,18,9,2.0,15,15,8.0,13.0,12,6.0,6.0,10,18,17,13,5,13,4.0,4,6,11,12,7.0,2.0,5.0,4.0,4.0,6,11,10,3.0,10,11,10,9.0,2.0,10.0,9.0,4.0,0.0,0.0,0.0,2.0,5.0,7.0,1.0,3.0,5.0,3.0,1.0,2.0,3.0,2.0,2.0,3,15,7.0,3.0,14.0,5,11,2,11.0,14,14,7.0,3.0,5.0,3.0,7.0,4.0,11,7.0,13.0,7.0,16,15,5,12.0,14,4.0,10,3.0,7.0,5.0,5.0,4.0,2.0,2.0,4.0,5.0,14.0,3.0,9.0,8.0,8.0,1.0,3.0,5.0,3.0,4.0,4.0,0.0
bacteria_mycobacterium_chunk_78,bacteria_mycobacterium.fasta,78,bacteria,3.0,6.0,4.0,1.0,8.0,10,9,4.0,5.0,9.0,6.0,5.0,1.0,7.0,4.0,3.0,9.0,11,4.0,5.0,10,9.0,15,5.0,12.0,10,12,1.0,3.0,6.0,3,4.0,8.0,5,3.0,6.0,14,10,17,5.0,7.0,11,3.0,4,3.0,11.0,9.0,7.0,2.0,5.0,9.0,2.0,8,11.0,15.0,2.0,6.0,5.0,9,5.0,0.0,8.0,7.0,1.0,2.0,9,11.0,7.0,8.0,14,10,5,8.0,18,5,8.0,7.0,10.0,9,6.0,6,15,11,9,8,6.0,20,2.0,19,18,27,6,3.0,3,8,3.0,12,18,23.0,19,13,19,28,11,15,41,10,15,3.0,6,9.0,4.0,2.0,2.0,9.0,1.0,2.0,3,10,1.0,7.0,11,9,2.0,3.0,6.0,4.0,3.0,8.0,12,9.0,7.0,11,11,11,6.0,5.0,11,9,10.0,7.0,16.0,11,5.0,10.0,8,17,11,17,18,28,6,25,25,29,10,7.0,6,16,3.0,11.0,8,5.0,7.0,15,25,31,10,4,9,2.0,3,5,11,10,3.0,2.0,4.0,4.0,3.0,10,2,16,5.0,7,15,6,3.0,1.0,3.0,11.0,1.0,1.0,4.0,0.0,2.0,4.0,5.0,1.0,4.0,8.0,5.0,7.0,2.0,3.0,1.0,2.0,4,3,7.0,7.0,6.0,3,7,4,16.0,18,13,5.0,1.0,1.0,2.0,6.0,5.0,9,4.0,7.0,4.0,15,13,6,5.0,20,3.0,7,2.0,5.0,3.0,2.0,1.0,2.0,2.0,1.0,4.0,11.0,2.0,5.0,7.0,11.0,2.0,1.0,1.0,3.0,0.0,1.0,0.0
bacteria_mycobacterium_chunk_79,bacteria_mycobacterium.fasta,79,bacteria,4.0,5.0,1.0,3.0,7.0,6,2,2.0,0.0,3.0,2.0,0.0,1.0,2.0,2.0,0.0,3.0,4,3.0,7.0,8,6.0,32,6.0,4.0,8,4,3.0,3.0,0.0,5,1.0,2.0,1,0.0,0.0,6,11,12,7.0,3.0,4,3.0,3,2.0,3.0,3.0,0.0,0.0,3.0,2.0,1.0,6,4.0,6.0,2.0,2.0,6.0,5,0.0,1.0,3.0,7.0,2.0,5.0,7,1.0,2.0,3.0,29,5,3,2.0,21,5,6.0,1.0,13.0,3,10.0,3,18,18,9,9,10.0,17,0.0,15,88,51,36,1.0,3,9,5.0,4,10,4.0,10,9,110,14,17,3,51,13,16,2.0,15,6.0,26.0,2.0,2.0,5.0,1.0,5.0,6,6,0.0,6.0,18,12,7.0,2.0,0.0,5.0,4.0,3.0,4,1.0,0.0,7,6,7,4.0,0.0,5,4,0.0,2.0,3.0,8,3.0,6.0,12,11,6,28,13,133,11,4,41,17,7,4.0,14,24,5.0,1.0,6,2.0,3.0,11,24,38,15,6,14,12.0,4,3,6,16,4.0,1.0,5.0,2.0,0.0,4,4,16,3.0,1,16,6,3.0,7.0,6.0,22.0,1.0,1.0,1.0,0.0,0.0,11.0,5.0,0.0,1.0,7.0,2.0,2.0,2.0,0.0,0.0,0.0,3,6,2.0,5.0,3.0,7,8,1,5.0,13,11,3.0,2.0,0.0,5.0,0.0,1.0,6,3.0,3.0,9.0,40,5,9,0.0,19,8.0,6,1.0,3.0,1.0,6.0,6.0,3.0,0.0,1.0,5.0,4.0,2.0,4.0,23.0,10.0,1.0,0.0,3.0,4.0,1.0,2.0,1.0
bacteria_mycobacterium_chunk_80,bacteria_mycobacterium.fasta,80,bacteria,3.0,4.0,3.0,1.0,1.0,11,10,4.0,3.0,5.0,5.0,3.0,1.0,0.0,3.0,2.0,0.0,5,2.0,3.0,19,13.0,24,10.0,10.0,17,15,6.0,1.0,5.0,1,3.0,2.0,1,2.0,3.0,9,6,10,4.0,5.0,8,1.0,10,0.0,6.0,5.0,3.0,1.0,2.0,2.0,3.0,7,3.0,13.0,3.0,4.0,7.0,4,6.0,0.0,3.0,4.0,0.0,4.0,11,8.0,4.0,3.0,31,9,4,1.0,14,10,2.0,3.0,13.0,6,4.0,12,21,13,8,11,5.0,23,2.0,22,39,17,18,1.0,9,9,7.0,11,25,18.0,10,12,38,32,16,7,46,9,15,4.0,19,13.0,7.0,0.0,4.0,1.0,0.0,4.0,7,16,2.0,6.0,10,9,3.0,1.0,6.0,11.0,5.0,3.0,11,5.0,1.0,5,18,23,2.0,3.0,8,7,8.0,3.0,12.0,10,1.0,10.0,11,8,10,18,18,41,11,16,27,26,11,2.0,11,17,9.0,4.0,9,5.0,5.0,9,28,28,12,3,10,4.0,5,2,9,19,7.0,0.0,3.0,2.0,1.0,9,8,20,3.0,8,17,14,3.0,1.0,6.0,10.0,5.0,1.0,0.0,0.0,1.0,6.0,6.0,0.0,1.0,2.0,2.0,1.0,1.0,1.0,2.0,0.0,5,10,4.0,5.0,6.0,5,8,3,16.0,15,19,8.0,1.0,4.0,1.0,4.0,3.0,13,1.0,8.0,9.0,16,10,7,8.0,13,8.0,7,0.0,6.0,5.0,5.0,4.0,1.0,0.0,4.0,4.0,9.0,2.0,7.0,8.0,9.0,4.0,3.0,4.0,3.0,2.0,0.0,0.0
bacteria_mycobacterium_chunk_81,bacteria_mycobacterium.fasta,81,bacteria,4.0,6.0,3.0,3.0,6.0,12,8,4.0,1.0,5.0,1.0,0.0,3.0,4.0,1.0,3.0,4.0,10,9.0,2.0,10,14.0,33,6.0,4.0,10,12,6.0,1.0,5.0,3,1.0,5.0,8,4.0,5.0,15,10,13,5.0,4.0,5,3.0,10,1.0,8.0,1.0,2.0,1.0,4.0,2.0,0.0,5,8.0,11.0,1.0,5.0,7.0,5,3.0,0.0,3.0,2.0,2.0,5.0,10,1.0,4.0,13.0,30,9,1,14.0,25,12,4.0,1.0,10.0,7,2.0,7,12,22,6,10,5.0,21,6.0,15,35,36,9,1.0,8,9,4.0,11,17,11.0,9,17,31,22,8,14,35,23,22,5.0,24,10.0,8.0,0.0,1.0,1.0,1.0,4.0,8,16,1.0,4.0,13,6,6.0,0.0,5.0,5.0,0.0,7.0,12,3.0,4.0,6,17,14,5.0,4.0,8,5,5.0,3.0,10.0,11,2.0,6.0,22,20,8,18,16,30,9,7,19,23,18,1.0,11,13,4.0,8.0,10,4.0,6.0,13,24,19,9,5,17,8.0,11,3,16,21,8.0,1.0,0.0,12.0,0.0,10,7,35,3.0,5,13,11,9.0,1.0,12.0,8.0,1.0,0.0,2.0,0.0,0.0,4.0,1.0,0.0,3.0,5.0,4.0,3.0,0.0,0.0,1.0,0.0,3,9,4.0,4.0,9.0,7,11,1,22.0,14,23,14.0,0.0,5.0,4.0,1.0,2.0,7,3.0,6.0,11.0,8,13,7,5.0,8,7.0,5,4.0,7.0,6.0,4.0,0.0,0.0,0.0,1.0,5.0,11.0,5.0,4.0,6.0,3.0,3.0,0.0,2.0,1.0,2.0,1.0,1.0
bacteria_mycobacterium_chunk_82,bacteria_mycobacterium.fasta,82,bacteria,1.0,2.0,4.0,0.0,6.0,11,9,6.0,6.0,8.0,5.0,2.0,1.0,5.0,4.0,1.0,8.0,17,2.0,4.0,14,16.0,21,6.0,13.0,18,10,8.0,2.0,5.0,9,2.0,9.0,1,7.0,2.0,10,3,10,7.0,6.0,11,4.0,6,1.0,5.0,9.0,4.0,0.0,2.0,0.0,1.0,5,7.0,16.0,7.0,6.0,6.0,3,5.0,0.0,3.0,6.0,1.0,2.0,13,10.0,2.0,14.0,29,10,6,4.0,12,8,8.0,1.0,12.0,5,5.0,3,17,13,7,14,7.0,21,5.0,18,23,24,8,2.0,6,9,2.0,10,30,14.0,16,15,22,26,11,8,31,8,16,3.0,9,10.0,11.0,2.0,7.0,1.0,1.0,11.0,8,7,2.0,9.0,7,14,9.0,0.0,4.0,6.0,4.0,4.0,15,6.0,9.0,10,13,23,4.0,9.0,7,11,8.0,1.0,15.0,11,4.0,12.0,12,10,6,8,20,22,4,19,23,16,12,3.0,8,18,5.0,9.0,6,9.0,3.0,11,19,25,12,6,8,6.0,6,2,10,14,9.0,1.0,3.0,5.0,1.0,8,3,18,7.0,12,8,15,6.0,3.0,8.0,11.0,5.0,0.0,2.0,0.0,1.0,5.0,7.0,2.0,0.0,3.0,3.0,1.0,0.0,3.0,0.0,0.0,4,13,7.0,6.0,4.0,4,8,4,20.0,10,13,5.0,4.0,9.0,3.0,5.0,6.0,13,5.0,10.0,4.0,10,9,4,7.0,17,8.0,7,4.0,12.0,8.0,3.0,3.0,1.0,0.0,6.0,2.0,7.0,5.0,7.0,6.0,7.0,7.0,1.0,5.0,4.0,4.0,1.0,0.0
bacteria_mycobacterium_chunk_83,bacteria_mycobacterium.fasta,83,bacteria,7.0,4.0,4.0,3.0,7.0,4,10,5.0,3.0,3.0,7.0,3.0,0.0,5.0,4.0,1.0,5.0,9,4.0,5.0,13,11.0,18,7.0,10.0,12,9,7.0,1.0,3.0,5,2.0,1.0,6,2.0,2.0,7,4,12,7.0,6.0,9,6.0,7,4.0,4.0,4.0,3.0,0.0,1.0,4.0,1.0,8,10.0,15.0,6.0,5.0,4.0,5,6.0,0.0,5.0,7.0,0.0,7.0,14,6.0,6.0,6.0,25,10,2,4.0,17,9,8.0,4.0,12.0,7,4.0,12,17,14,6,9,5.0,15,4.0,12,32,12,14,0.0,11,11,4.0,8,21,11.0,13,11,30,24,14,6,27,11,19,5.0,19,11.0,11.0,0.0,4.0,2.0,3.0,7.0,9,14,1.0,10.0,15,16,5.0,0.0,4.0,6.0,4.0,4.0,7,6.0,1.0,8,15,18,3.0,3.0,5,7,4.0,2.0,16.0,7,5.0,4.0,11,13,9,14,12,28,6,12,20,24,11,8.0,10,25,6.0,4.0,6,3.0,5.0,12,11,23,15,3,18,5.0,9,2,20,19,6.0,0.0,3.0,5.0,4.0,11,9,24,5.0,10,13,11,6.0,1.0,14.0,8.0,5.0,0.0,1.0,0.0,2.0,5.0,0.0,1.0,1.0,5.0,5.0,0.0,0.0,6.0,2.0,2.0,12,6,7.0,7.0,13.0,5,9,9,19.0,15,18,14.0,0.0,7.0,5.0,2.0,5.0,11,3.0,10.0,7.0,15,8,13,3.0,7,13.0,12,2.0,6.0,6.0,8.0,0.0,0.0,2.0,6.0,8.0,13.0,2.0,4.0,11.0,3.0,5.0,2.0,6.0,1.0,0.0,0.0,1.0
bacteria_mycobacterium_chunk_84,bacteria_mycobacterium.fasta,84,bacteria,1.0,0.0,6.0,1.0,1.0,8,7,2.0,5.0,6.0,7.0,5.0,0.0,3.0,2.0,4.0,5.0,4,2.0,6.0,12,11.0,15,10.0,12.0,8,13,6.0,0.0,5.0,6,2.0,1.0,5,2.0,2.0,5,8,7,8.0,6.0,9,2.0,8,5.0,6.0,5.0,2.0,2.0,1.0,0.0,0.0,9,14.0,15.0,3.0,7.0,8.0,7,5.0,2.0,5.0,0.0,3.0,3.0,10,7.0,6.0,8.0,15,11,4,3.0,14,9,7.0,2.0,18.0,7,3.0,8,12,11,4,7,8.0,19,6.0,13,35,21,7,2.0,7,18,6.0,9,24,9.0,19,16,22,23,15,6,26,15,21,1.0,13,12.0,8.0,1.0,4.0,2.0,0.0,6.0,5,16,1.0,16.0,20,12,5.0,3.0,7.0,8.0,0.0,4.0,7,9.0,1.0,5,18,19,6.0,2.0,5,6,5.0,1.0,17.0,18,2.0,8.0,15,12,12,11,15,28,10,15,20,21,8,4.0,12,26,6.0,5.0,8,3.0,6.0,13,16,22,12,2,15,5.0,8,2,13,25,8.0,0.0,5.0,4.0,0.0,7,6,23,4.0,7,20,16,8.0,3.0,5.0,8.0,6.0,0.0,1.0,1.0,4.0,7.0,2.0,1.0,0.0,3.0,3.0,1.0,0.0,2.0,0.0,1.0,5,7,8.0,8.0,5.0,6,14,7,21.0,13,13,13.0,1.0,4.0,3.0,4.0,6.0,11,4.0,11.0,13.0,18,12,13,8.0,13,8.0,11,1.0,8.0,9.0,4.0,4.0,1.0,3.0,6.0,7.0,6.0,4.0,2.0,8.0,5.0,4.0,0.0,6.0,3.0,3.0,1.0,0.0
bacteria_mycobacterium_chunk_85,bacteria_mycobacterium.fasta,85,bacteria,0.0,1.0,1.0,1.0,2.0,3,6,2.0,4.0,6.0,3.0,2.0,2.0,3.0,6.0,2.0,2.0,3,1.0,2.0,6,10.0,9,2.0,11.0,11,8,7.0,1.0,3.0,3,3.0,3.0,2,1.0,8.0,5,16,13,6.0,3.0,7,3.0,10,4.0,3.0,3.0,3.0,2.0,0.0,3.0,7.0,6,2.0,11.0,6.0,11.0,14.0,9,10.0,0.0,7.0,2.0,4.0,0.0,3,5.0,8.0,2.0,17,9,5,0.0,16,9,2.0,1.0,6.0,11,3.0,5,12,8,9,5,5.0,20,6.0,10,29,25,9,3.0,7,9,3.0,10,14,12.0,23,11,25,27,14,5,34,18,26,1.0,16,16.0,10.0,0.0,2.0,3.0,1.0,5.0,3,16,2.0,11.0,7,14,5.0,0.0,7.0,8.0,2.0,2.0,8,8.0,2.0,3,5,19,3.0,8.0,13,7,5.0,5.0,13.0,25,5.0,5.0,11,9,6,15,17,38,7,20,24,26,14,2.0,12,19,6.0,3.0,3,8.0,6.0,11,23,28,7,7,13,3.0,7,6,18,24,5.0,2.0,3.0,8.0,3.0,6,12,31,4.0,8,16,11,16.0,1.0,10.0,9.0,6.0,1.0,1.0,2.0,1.0,2.0,3.0,0.0,2.0,5.0,4.0,4.0,4.0,3.0,2.0,3.0,4,7,9.0,4.0,8.0,4,6,7,18.0,13,24,13.0,0.0,4.0,6.0,5.0,4.0,11,12.0,11.0,4.0,13,16,12,5.0,15,7.0,10,5.0,16.0,8.0,8.0,1.0,1.0,1.0,7.0,8.0,10.0,3.0,8.0,8.0,2.0,6.0,3.0,4.0,5.0,2.0,1.0,1.0
bacteria_mycobacterium_chunk_86,bacteria_mycobacterium.fasta,86,bacteria,0.0,3.0,4.0,1.0,1.0,7,7,4.0,6.0,5.0,3.0,2.0,1.0,6.0,5.0,3.0,3.0,4,3.0,2.0,7,9.0,15,8.0,7.0,12,5,8.0,0.0,6.0,3,4.0,5.0,3,1.0,6.0,15,13,10,7.0,4.0,5,4.0,6,3.0,2.0,3.0,5.0,3.0,3.0,1.0,0.0,3,12.0,18.0,6.0,3.0,9.0,8,3.0,2.0,3.0,9.0,3.0,5.0,6,7.0,3.0,7.0,16,13,3,8.0,30,8,5.0,3.0,13.0,7,5.0,3,14,20,10,13,15.0,16,5.0,13,34,14,11,2.0,13,12,5.0,9,14,10.0,9,19,28,32,11,7,38,13,15,5.0,13,8.0,10.0,1.0,2.0,0.0,4.0,7.0,10,14,1.0,7.0,16,4,5.0,0.0,10.0,10.0,2.0,2.0,8,3.0,10.0,4,12,7,6.0,1.0,6,4,6.0,3.0,17.0,10,6.0,10.0,12,18,13,16,20,33,9,13,26,31,11,5.0,8,11,10.0,5.0,4,1.0,11.0,13,23,22,3,7,8,6.0,13,3,13,23,4.0,2.0,2.0,6.0,3.0,11,6,16,3.0,9,8,16,10.0,0.0,9.0,13.0,2.0,1.0,2.0,1.0,0.0,4.0,4.0,0.0,0.0,4.0,4.0,0.0,0.0,3.0,1.0,3.0,5,9,10.0,3.0,11.0,5,8,10,9.0,18,23,6.0,0.0,5.0,6.0,3.0,5.0,8,5.0,10.0,6.0,14,17,13,3.0,10,11.0,9,2.0,8.0,9.0,5.0,1.0,1.0,0.0,6.0,6.0,8.0,4.0,9.0,17.0,5.0,6.0,0.0,2.0,5.0,1.0,2.0,0.0
bacteria_mycobacterium_chunk_87,bacteria_mycobacterium.fasta,87,bacteria,7.0,5.0,3.0,4.0,9.0,5,11,5.0,8.0,7.0,6.0,2.0,1.0,7.0,9.0,5.0,6.0,6,7.0,5.0,9,6.0,15,7.0,14.0,12,4,8.0,0.0,5.0,6,3.0,8.0,5,3.0,5.0,11,8,13,4.0,4.0,13,5.0,9,4.0,3.0,3.0,7.0,2.0,4.0,6.0,3.0,4,7.0,22.0,2.0,6.0,10.0,5,5.0,1.0,7.0,4.0,5.0,4.0,11,6.0,7.0,5.0,19,9,4,3.0,16,9,6.0,6.0,5.0,1,5.0,15,11,8,5,7,8.0,10,1.0,22,19,17,10,1.0,5,9,8.0,16,17,15.0,22,9,19,29,8,5,24,10,15,8.0,11,13.0,13.0,3.0,2.0,3.0,1.0,3.0,4,7,4.0,5.0,8,13,5.0,0.0,5.0,16.0,1.0,6.0,11,14.0,7.0,9,6,16,4.0,6.0,9,5,7.0,7.0,17.0,14,5.0,5.0,10,14,5,18,8,30,10,21,18,15,18,4.0,5,9,5.0,8.0,6,4.0,2.0,9,25,19,6,5,10,6.0,11,8,13,14,7.0,4.0,5.0,10.0,6.0,5,11,16,6.0,10,7,12,5.0,2.0,12.0,16.0,3.0,2.0,3.0,4.0,1.0,7.0,2.0,1.0,4.0,4.0,11.0,2.0,1.0,6.0,2.0,2.0,2,10,5.0,2.0,5.0,4,13,5,13.0,16,18,9.0,4.0,3.0,7.0,6.0,6.0,7,5.0,13.0,5.0,15,11,5,6.0,12,11.0,7,5.0,11.0,4.0,6.0,0.0,2.0,1.0,7.0,5.0,11.0,8.0,10.0,11.0,6.0,11.0,0.0,7.0,2.0,1.0,0.0,0.0
bacteria_mycobacterium_chunk_88,bacteria_mycobacterium.fasta,88,bacteria,0.0,3.0,1.0,0.0,3.0,4,5,3.0,2.0,11.0,0.0,6.0,0.0,0.0,7.0,1.0,3.0,10,5.0,2.0,11,7.0,20,5.0,9.0,11,14,11.0,4.0,2.0,4,2.0,3.0,3,0.0,6.0,2,5,13,6.0,3.0,3,7.0,4,1.0,11.0,0.0,10.0,0.0,5.0,2.0,3.0,6,6.0,13.0,7.0,6.0,11.0,10,1.0,1.0,3.0,3.0,2.0,2.0,6,6.0,6.0,11.0,17,10,2,5.0,9,9,5.0,4.0,6.0,6,3.0,8,10,14,4,7,2.0,12,6.0,16,15,33,5,4.0,6,15,5.0,7,19,16.0,18,5,19,27,9,18,46,19,23,3.0,21,9.0,5.0,1.0,9.0,1.0,5.0,8.0,6,11,0.0,4.0,9,19,5.0,1.0,3.0,6.0,3.0,1.0,5,11.0,1.0,4,16,23,2.0,4.0,2,6,11.0,4.0,20.0,12,5.0,4.0,6,7,6,16,11,29,13,21,18,33,11,5.0,10,18,3.0,5.0,13,3.0,8.0,13,29,31,11,4,19,9.0,15,4,14,28,7.0,2.0,3.0,3.0,1.0,12,8,28,6.0,11,14,10,9.0,5.0,12.0,11.0,1.0,1.0,1.0,1.0,2.0,6.0,7.0,5.0,1.0,4.0,2.0,0.0,2.0,6.0,3.0,0.0,5,14,2.0,7.0,2.0,7,8,6,14.0,16,26,11.0,3.0,7.0,0.0,3.0,3.0,10,4.0,9.0,3.0,16,12,10,4.0,16,12.0,11,1.0,8.0,7.0,6.0,3.0,1.0,2.0,2.0,3.0,15.0,0.0,5.0,7.0,5.0,7.0,0.0,2.0,4.0,2.0,1.0,1.0
bacteria_mycobacterium_chunk_89,bacteria_mycobacterium.fasta,89,bacteria,1.0,4.0,0.0,3.0,11.0,7,8,5.0,1.0,0.0,1.0,1.0,1.0,7.0,3.0,5.0,2.0,9,7.0,10.0,11,11.0,18,7.0,10.0,8,18,10.0,1.0,5.0,4,2.0,4.0,3,5.0,5.0,16,4,17,7.0,3.0,6,0.0,5,0.0,4.0,8.0,9.0,1.0,3.0,6.0,2.0,9,6.0,14.0,5.0,5.0,3.0,6,7.0,0.0,10.0,6.0,3.0,1.0,19,2.0,5.0,11.0,24,23,3,9.0,20,7,13.0,5.0,11.0,4,4.0,8,20,18,4,12,6.0,17,3.0,14,19,29,7,0.0,7,8,3.0,8,20,15.0,17,18,23,19,9,14,40,16,20,5.0,16,10.0,12.0,2.0,1.0,1.0,0.0,1.0,6,16,1.0,4.0,12,7,2.0,1.0,9.0,5.0,0.0,6.0,7,1.0,6.0,5,12,14,4.0,5.0,19,4,4.0,6.0,16.0,10,8.0,14.0,20,16,6,17,14,24,6,13,25,23,15,2.0,7,10,4.0,4.0,6,3.0,13.0,11,22,28,5,5,8,3.0,6,3,16,12,6.0,0.0,0.0,5.0,3.0,12,6,24,5.0,11,12,8,4.0,0.0,15.0,10.0,5.0,0.0,1.0,2.0,1.0,3.0,1.0,0.0,2.0,5.0,2.0,3.0,0.0,0.0,4.0,2.0,3,12,8.0,4.0,10.0,7,10,2,23.0,17,20,11.0,1.0,5.0,3.0,6.0,4.0,6,9.0,5.0,11.0,12,12,2,4.0,12,3.0,6,0.0,11.0,5.0,3.0,1.0,0.0,1.0,5.0,11.0,17.0,4.0,4.0,10.0,4.0,6.0,1.0,4.0,3.0,0.0,0.0,0.0
bacteria_mycobacterium_chunk_90,bacteria_mycobacterium.fasta,90,bacteria,4.0,7.0,2.0,3.0,5.0,17,8,4.0,5.0,11.0,2.0,8.0,2.0,7.0,4.0,2.0,7.0,4,6.0,5.0,18,11.0,26,6.0,11.0,16,7,4.0,2.0,6.0,5,4.0,7.0,4,0.0,6.0,7,8,12,11.0,2.0,8,2.0,6,5.0,8.0,0.0,3.0,1.0,4.0,2.0,0.0,8,11.0,15.0,6.0,8.0,5.0,5,4.0,0.0,7.0,1.0,1.0,6.0,17,13.0,6.0,7.0,27,12,6,3.0,12,12,3.0,1.0,17.0,9,1.0,23,17,14,10,9,10.0,14,4.0,15,24,30,9,0.0,14,4,4.0,13,25,10.0,13,17,24,24,15,11,33,9,16,1.0,17,14.0,7.0,1.0,3.0,0.0,2.0,6.0,12,14,4.0,4.0,12,5,6.0,0.0,6.0,7.0,10.0,6.0,9,9.0,6.0,5,15,14,6.0,6.0,9,2,2.0,4.0,14.0,8,5.0,7.0,17,5,7,25,9,23,8,17,19,20,18,2.0,12,14,9.0,6.0,5,4.0,9.0,9,17,30,5,5,9,2.0,3,6,8,8,7.0,2.0,2.0,10.0,2.0,12,8,14,3.0,2,10,10,4.0,2.0,11.0,4.0,4.0,0.0,1.0,0.0,5.0,2.0,4.0,1.0,3.0,6.0,2.0,3.0,0.0,2.0,1.0,1.0,5,14,5.0,6.0,12.0,7,15,4,18.0,21,12,8.0,2.0,4.0,4.0,6.0,4.0,6,5.0,3.0,3.0,15,8,6,6.0,11,6.0,4,4.0,4.0,4.0,4.0,3.0,2.0,0.0,4.0,7.0,16.0,3.0,4.0,5.0,7.0,2.0,3.0,6.0,6.0,4.0,3.0,0.0
bacteria_mycobacterium_chunk_91,bacteria_mycobacterium.fasta,91,bacteria,3.0,3.0,2.0,2.0,6.0,6,7,6.0,4.0,5.0,5.0,1.0,1.0,7.0,1.0,1.0,8.0,10,10.0,6.0,17,12.0,20,6.0,8.0,11,14,9.0,0.0,9.0,4,1.0,0.0,6,2.0,2.0,9,14,18,11.0,7.0,11,6.0,7,1.0,3.0,8.0,3.0,2.0,3.0,1.0,0.0,10,10.0,11.0,1.0,2.0,5.0,2,3.0,0.0,1.0,1.0,0.0,4.0,13,7.0,5.0,11.0,40,13,3,5.0,36,10,10.0,3.0,12.0,3,1.0,5,22,24,4,14,17.0,20,3.0,17,28,30,13,0.0,7,10,2.0,9,21,16.0,6,17,30,22,10,11,43,17,21,1.0,23,7.0,6.0,0.0,0.0,0.0,0.0,9.0,7,11,3.0,8.0,14,8,6.0,0.0,1.0,4.0,3.0,3.0,8,5.0,2.0,14,8,20,5.0,1.0,8,13,4.0,2.0,11.0,8,0.0,9.0,19,21,3,15,18,33,7,16,22,32,11,0.0,12,19,3.0,7.0,9,6.0,5.0,19,19,27,6,7,12,3.0,11,7,17,12,7.0,1.0,2.0,5.0,2.0,12,13,24,3.0,9,14,5,6.0,0.0,6.0,8.0,2.0,0.0,1.0,1.0,3.0,1.0,2.0,0.0,0.0,3.0,3.0,0.0,0.0,2.0,0.0,0.0,7,16,6.0,6.0,9.0,7,15,3,11.0,18,16,4.0,0.0,2.0,3.0,2.0,2.0,10,2.0,8.0,7.0,10,14,7,2.0,5,7.0,4,1.0,9.0,7.0,0.0,1.0,0.0,0.0,4.0,4.0,3.0,0.0,3.0,5.0,4.0,2.0,1.0,3.0,1.0,0.0,1.0,0.0
bacteria_mycobacterium_chunk_92,bacteria_mycobacterium.fasta,92,bacteria,4.0,4.0,6.0,3.0,6.0,10,9,4.0,1.0,8.0,2.0,6.0,0.0,6.0,2.0,1.0,5.0,11,6.0,1.0,20,11.0,26,5.0,8.0,12,7,7.0,3.0,4.0,5,1.0,4.0,4,0.0,4.0,12,16,15,8.0,5.0,6,3.0,4,0.0,5.0,5.0,2.0,1.0,1.0,3.0,2.0,5,6.0,16.0,1.0,1.0,9.0,4,4.0,2.0,3.0,2.0,1.0,6.0,13,4.0,4.0,6.0,27,12,8,10.0,21,9,3.0,3.0,13.0,5,3.0,12,27,23,8,14,11.0,17,2.0,17,29,29,15,2.0,3,5,3.0,12,29,8.0,13,15,26,28,8,8,48,16,23,3.0,21,22.0,4.0,0.0,3.0,7.0,1.0,3.0,5,12,1.0,2.0,10,8,3.0,0.0,3.0,6.0,2.0,6.0,10,7.0,2.0,10,19,13,1.0,0.0,10,4,1.0,4.0,9.0,9,2.0,8.0,9,11,12,26,17,36,5,21,26,37,14,5.0,12,11,5.0,6.0,7,4.0,5.0,10,29,35,9,5,14,4.0,7,6,12,14,3.0,2.0,1.0,6.0,1.0,6,10,29,4.0,8,18,11,9.0,2.0,1.0,4.0,3.0,1.0,2.0,0.0,1.0,6.0,0.0,0.0,1.0,12.0,3.0,2.0,0.0,0.0,2.0,2.0,2,6,3.0,3.0,10.0,5,10,1,16.0,10,22,14.0,1.0,2.0,2.0,2.0,3.0,3,3.0,2.0,3.0,13,20,8,4.0,15,7.0,2,1.0,11.0,5.0,1.0,2.0,2.0,0.0,0.0,5.0,5.0,1.0,0.0,7.0,5.0,2.0,0.0,4.0,2.0,1.0,0.0,0.0
bacteria_mycobacterium_chunk_93,bacteria_mycobacterium.fasta,93,bacteria,1.0,6.0,1.0,4.0,11.0,8,13,7.0,3.0,2.0,5.0,1.0,2.0,7.0,3.0,1.0,5.0,14,5.0,5.0,20,9.0,25,9.0,11.0,11,8,11.0,3.0,6.0,6,5.0,3.0,7,4.0,6.0,9,7,4,10.0,3.0,11,6.0,5,1.0,9.0,5.0,4.0,2.0,2.0,3.0,1.0,6,8.0,15.0,4.0,3.0,8.0,8,2.0,2.0,1.0,3.0,1.0,6.0,18,3.0,4.0,5.0,31,9,5,7.0,22,8,8.0,2.0,10.0,10,6.0,9,15,19,9,7,13.0,15,5.0,14,31,23,8,1.0,8,10,5.0,9,32,7.0,8,14,26,21,14,10,34,8,15,4.0,20,12.0,8.0,1.0,8.0,5.0,2.0,8.0,3,17,2.0,8.0,13,11,5.0,1.0,10.0,3.0,3.0,5.0,10,7.0,4.0,10,17,18,6.0,7.0,3,4,6.0,4.0,11.0,7,0.0,9.0,15,13,9,18,14,28,8,19,20,13,10,5.0,12,17,6.0,7.0,7,5.0,4.0,19,22,24,9,5,14,7.0,2,4,13,11,2.0,2.0,1.0,6.0,1.0,11,5,20,8.0,8,11,11,3.0,4.0,8.0,2.0,3.0,0.0,5.0,1.0,3.0,7.0,1.0,2.0,3.0,3.0,8.0,4.0,0.0,5.0,1.0,0.0,8,6,8.0,5.0,7.0,4,8,2,12.0,13,23,15.0,7.0,4.0,4.0,1.0,7.0,5,4.0,4.0,4.0,13,13,8,5.0,15,7.0,8,1.0,2.0,5.0,3.0,2.0,3.0,2.0,2.0,5.0,11.0,2.0,1.0,6.0,5.0,1.0,1.0,1.0,5.0,2.0,0.0,1.0
bacteria_mycobacterium_chunk_94,bacteria_mycobacterium.fasta,94,bacteria,0.0,2.0,1.0,2.0,8.0,7,6,3.0,2.0,3.0,1.0,5.0,2.0,3.0,3.0,5.0,2.0,11,9.0,3.0,9,8.0,19,4.0,5.0,13,9,5.0,1.0,4.0,3,1.0,2.0,1,1.0,6.0,12,13,11,8.0,4.0,7,5.0,9,4.0,6.0,6.0,5.0,0.0,0.0,3.0,0.0,5,9.0,17.0,6.0,3.0,5.0,4,10.0,1.0,6.0,5.0,1.0,0.0,12,2.0,5.0,9.0,25,14,4,5.0,25,13,6.0,1.0,17.0,6,1.0,9,15,13,13,7,11.0,11,4.0,19,22,20,12,1.0,6,13,3.0,14,15,14.0,18,22,23,29,9,8,30,20,22,4.0,18,12.0,6.0,0.0,1.0,2.0,0.0,1.0,5,14,1.0,2.0,13,18,3.0,1.0,3.0,2.0,1.0,5.0,8,8.0,6.0,8,5,8,2.0,3.0,12,6,7.0,0.0,16.0,13,5.0,7.0,17,21,5,23,7,31,13,21,27,29,9,1.0,11,13,0.0,7.0,5,5.0,3.0,9,30,30,5,6,21,7.0,13,5,17,15,12.0,2.0,4.0,6.0,3.0,11,11,31,0.0,8,12,8,13.0,1.0,12.0,14.0,2.0,0.0,2.0,0.0,0.0,3.0,4.0,0.0,0.0,4.0,5.0,3.0,0.0,1.0,0.0,2.0,1,9,6.0,4.0,11.0,6,12,2,16.0,21,23,14.0,0.0,0.0,7.0,3.0,4.0,2,8.0,7.0,7.0,8,16,3,2.0,16,15.0,5,2.0,12.0,8.0,6.0,2.0,1.0,0.0,3.0,6.0,12.0,3.0,8.0,4.0,8.0,2.0,0.0,3.0,1.0,0.0,0.0,0.0
bacteria_mycobacterium_chunk_95,bacteria_mycobacterium.fasta,95,bacteria,0.0,1.0,0.0,0.0,2.0,4,7,4.0,1.0,5.0,6.0,0.0,1.0,0.0,3.0,3.0,7.0,9,3.0,3.0,12,10.0,24,8.0,12.0,12,15,9.0,5.0,7.0,4,2.0,2.0,4,4.0,2.0,8,13,11,6.0,7.0,8,3.0,5,3.0,1.0,3.0,4.0,0.0,2.0,0.0,1.0,2,5.0,17.0,2.0,7.0,5.0,5,6.0,0.0,2.0,5.0,2.0,1.0,11,7.0,2.0,6.0,27,13,5,7.0,16,9,1.0,0.0,17.0,9,2.0,4,13,15,9,7,5.0,19,6.0,22,26,29,5,6.0,5,14,1.0,4,27,18.0,5,18,25,27,13,10,37,27,22,0.0,11,13.0,10.0,1.0,9.0,3.0,4.0,6.0,4,12,4.0,6.0,14,17,2.0,2.0,5.0,4.0,1.0,1.0,5,4.0,4.0,12,16,18,6.0,4.0,17,6,6.0,1.0,7.0,7,4.0,7.0,20,15,14,15,17,31,11,8,31,33,8,4.0,9,17,7.0,5.0,14,5.0,7.0,21,25,31,6,10,20,2.0,7,5,11,24,7.0,1.0,7.0,3.0,1.0,3,6,14,4.0,5,20,15,7.0,2.0,15.0,5.0,2.0,0.0,0.0,1.0,2.0,7.0,10.0,3.0,0.0,0.0,2.0,4.0,1.0,2.0,4.0,0.0,3,9,0.0,2.0,6.0,5,8,1,12.0,14,19,12.0,2.0,5.0,4.0,2.0,3.0,7,6.0,5.0,9.0,11,11,12,4.0,18,7.0,13,4.0,4.0,7.0,3.0,4.0,0.0,1.0,3.0,5.0,14.0,3.0,3.0,4.0,5.0,3.0,1.0,3.0,1.0,3.0,1.0,0.0
bacteria_mycobacterium_chunk_96,bacteria_mycobacterium.fasta,96,bacteria,8.0,6.0,6.0,6.0,6.0,11,11,12.0,10.0,9.0,4.0,2.0,5.0,8.0,3.0,2.0,14.0,17,10.0,3.0,15,17.0,25,6.0,11.0,12,7,8.0,3.0,9.0,7,6.0,5.0,9,5.0,9.0,11,4,11,7.0,3.0,3,4.0,5,1.0,6.0,4.0,4.0,2.0,6.0,0.0,2.0,6,10.0,15.0,9.0,5.0,5.0,4,4.0,2.0,6.0,7.0,1.0,13.0,18,13.0,7.0,21.0,26,9,5,9.0,15,3,9.0,2.0,16.0,4,6.0,18,17,10,5,14,10.0,14,5.0,27,22,9,12,1.0,7,6,6.0,8,26,15.0,11,14,23,15,18,2,15,8,9,3.0,16,10.0,10.0,3.0,8.0,1.0,1.0,11.0,9,12,6.0,7.0,8,8,10.0,4.0,12.0,5.0,6.0,4.0,10,5.0,3.0,12,16,15,5.0,8.0,8,8,4.0,3.0,12.0,9,7.0,11.0,13,8,6,12,9,15,6,10,17,12,5,7.0,12,15,7.0,5.0,3,2.0,2.0,8,9,12,9,2,8,7.0,7,1,13,1,7.0,1.0,3.0,1.0,2.0,15,10,13,4.0,7,5,4,4.0,4.0,15.0,10.0,2.0,1.0,6.0,2.0,5.0,10.0,3.0,3.0,1.0,1.0,0.0,0.0,0.0,4.0,2.0,1.0,8,14,8.0,14.0,9.0,7,16,3,12.0,20,6,14.0,2.0,10.0,5.0,8.0,4.0,10,6.0,9.0,5.0,6,6,7,5.0,12,5.0,1,2.0,7.0,5.0,10.0,4.0,0.0,2.0,12.0,6.0,12.0,6.0,10.0,6.0,7.0,6.0,0.0,3.0,6.0,0.0,1.0,4.0
bacteria_mycobacterium_chunk_97,bacteria_mycobacterium.fasta,97,bacteria,6.0,5.0,4.0,5.0,12.0,9,9,4.0,8.0,7.0,8.0,8.0,2.0,3.0,5.0,2.0,5.0,9,1.0,7.0,14,13.0,18,8.0,12.0,17,10,14.0,0.0,6.0,1,3.0,7.0,7,3.0,4.0,14,9,14,8.0,3.0,6,2.0,7,0.0,11.0,7.0,5.0,0.0,4.0,2.0,2.0,8,6.0,16.0,3.0,10.0,9.0,7,4.0,0.0,2.0,2.0,1.0,1.0,18,6.0,2.0,6.0,26,15,3,7.0,26,8,5.0,4.0,13.0,10,0.0,8,18,25,9,20,11.0,12,5.0,14,17,22,11,0.0,8,5,7.0,21,25,9.0,13,11,21,21,7,11,31,14,18,5.0,20,11.0,8.0,0.0,0.0,1.0,3.0,4.0,7,21,2.0,2.0,8,7,1.0,0.0,3.0,11.0,0.0,13.0,11,20.0,4.0,4,14,26,2.0,4.0,9,1,5.0,2.0,14.0,14,2.0,8.0,15,13,8,11,17,27,6,22,13,24,7,2.0,19,10,1.0,8.0,7,2.0,8.0,13,19,23,10,4,12,3.0,6,9,10,17,2.0,2.0,4.0,8.0,0.0,10,11,22,3.0,12,12,12,4.0,0.0,5.0,9.0,3.0,0.0,0.0,1.0,0.0,4.0,3.0,1.0,2.0,3.0,1.0,5.0,0.0,3.0,1.0,1.0,6,8,7.0,3.0,15.0,7,7,1,20.0,13,18,12.0,2.0,1.0,2.0,3.0,12.0,8,4.0,7.0,6.0,12,8,7,7.0,16,6.0,7,0.0,5.0,5.0,2.0,0.0,0.0,0.0,2.0,6.0,4.0,0.0,7.0,4.0,10.0,3.0,0.0,2.0,2.0,0.0,1.0,0.0
bacteria_mycobacterium_chunk_98,bacteria_mycobacterium.fasta,98,bacteria,0.0,1.0,3.0,4.0,3.0,2,11,5.0,3.0,3.0,5.0,2.0,1.0,4.0,4.0,7.0,4.0,9,7.0,10.0,17,9.0,12,7.0,7.0,10,11,9.0,3.0,3.0,5,4.0,7.0,3,0.0,5.0,7,12,16,4.0,6.0,8,6.0,7,2.0,2.0,5.0,6.0,0.0,3.0,1.0,1.0,7,6.0,14.0,2.0,4.0,7.0,5,6.0,0.0,10.0,4.0,2.0,2.0,14,5.0,6.0,11.0,18,9,5,6.0,26,14,6.0,4.0,15.0,6,3.0,10,20,23,3,13,9.0,20,4.0,17,22,26,11,5.0,10,5,4.0,8,20,12.0,13,8,34,26,12,8,36,17,22,4.0,20,6.0,4.0,0.0,11.0,0.0,2.0,8.0,5,19,3.0,2.0,12,10,6.0,2.0,9.0,5.0,1.0,4.0,6,5.0,6.0,12,16,12,2.0,3.0,8,7,7.0,0.0,7.0,11,6.0,5.0,4,18,7,17,23,35,11,10,30,31,7,2.0,13,15,5.0,1.0,11,7.0,4.0,12,22,25,11,6,16,5.0,5,7,14,18,3.0,2.0,5.0,6.0,1.0,8,8,20,7.0,11,14,7,2.0,0.0,6.0,8.0,2.0,2.0,0.0,0.0,4.0,9.0,5.0,3.0,3.0,2.0,2.0,0.0,0.0,3.0,1.0,0.0,8,10,4.0,8.0,9.0,5,9,2,19.0,18,15,7.0,3.0,8.0,5.0,4.0,5.0,8,6.0,2.0,7.0,18,11,8,3.0,10,4.0,8,1.0,7.0,5.0,3.0,2.0,0.0,0.0,7.0,6.0,6.0,8.0,4.0,11.0,3.0,2.0,0.0,2.0,3.0,0.0,0.0,0.0
bacteria_mycobacterium_chunk_99,bacteria_mycobacterium.fasta,99,bacteria,5.0,6.0,4.0,2.0,3.0,5,13,4.0,4.0,7.0,9.0,2.0,3.0,8.0,4.0,1.0,4.0,4,4.0,8.0,11,6.0,16,10.0,24.0,11,14,8.0,1.0,4.0,6,6.0,3.0,9,1.0,4.0,4,6,12,9.0,10.0,12,10.0,10,0.0,4.0,2.0,3.0,2.0,2.0,0.0,2.0,10,9.0,28.0,5.0,1.0,11.0,2,1.0,2.0,4.0,4.0,3.0,4.0,12,13.0,6.0,4.0,16,6,8,6.0,13,17,3.0,0.0,14.0,4,6.0,15,9,15,3,7,1.0,12,0.0,19,12,15,6,4.0,3,10,2.0,9,37,22.0,12,16,16,23,10,10,31,19,12,6.0,12,13.0,3.0,0.0,4.0,3.0,4.0,1.0,4,12,0.0,8.0,12,19,7.0,0.0,8.0,2.0,2.0,6.0,6,5.0,6.0,9,16,32,5.0,6.0,7,14,4.0,3.0,22.0,5,5.0,11.0,15,14,5,15,10,19,6,20,24,28,8,5.0,8,24,2.0,6.0,12,5.0,8.0,19,21,28,10,4,20,10.0,10,4,12,16,10.0,1.0,7.0,2.0,3.0,11,3,15,2.0,6,13,11,6.0,3.0,6.0,12.0,2.0,2.0,1.0,2.0,4.0,6.0,6.0,0.0,1.0,4.0,2.0,0.0,0.0,7.0,2.0,1.0,5,6,6.0,8.0,9.0,3,5,3,17.0,18,16,12.0,1.0,2.0,6.0,2.0,5.0,4,3.0,11.0,6.0,7,17,10,7.0,15,5.0,10,3.0,3.0,5.0,7.0,3.0,2.0,1.0,3.0,4.0,8.0,4.0,8.0,4.0,5.0,4.0,3.0,1.0,3.0,0.0,0.0,2.0
bacteria_mycobacterium_chunk_100,bacteria_mycobacterium.fasta,100,bacteria,2.0,6.0,1.0,3.0,3.0,5,9,7.0,7.0,0.0,6.0,1.0,1.0,8.0,1.0,1.0,3.0,3,2.0,1.0,6,12.0,27,3.0,11.0,11,7,11.0,2.0,5.0,6,3.0,3.0,4,4.0,3.0,7,8,7,2.0,6.0,7,6.0,14,4.0,1.0,4.0,5.0,3.0,2.0,2.0,1.0,5,9.0,16.0,6.0,4.0,4.0,7,5.0,0.0,6.0,4.0,3.0,3.0,8,6.0,3.0,2.0,16,8,3,3.0,9,13,5.0,4.0,8.0,8,3.0,6,13,10,5,11,6.0,16,6.0,21,24,25,16,3.0,5,7,7.0,7,27,11.0,10,13,28,8,17,11,20,10,22,4.0,9,16.0,15.0,2.0,3.0,2.0,0.0,5.0,6,11,4.0,6.0,10,17,7.0,4.0,5.0,13.0,4.0,5.0,8,5.0,4.0,3,16,22,5.0,2.0,12,9,5.0,3.0,20.0,10,4.0,4.0,7,11,11,9,15,31,10,8,14,17,7,2.0,12,20,8.0,5.0,10,9.0,9.0,9,14,20,10,4,12,5.0,10,6,21,23,6.0,2.0,4.0,9.0,5.0,8,8,20,4.0,13,20,11,6.0,1.0,8.0,22.0,5.0,2.0,2.0,1.0,1.0,11.0,1.0,1.0,2.0,3.0,5.0,3.0,0.0,0.0,1.0,5.0,7,7,7.0,6.0,8.0,6,12,3,15.0,17,14,9.0,0.0,4.0,7.0,8.0,7.0,5,4.0,15.0,4.0,15,11,13,12.0,14,10.0,10,6.0,9.0,7.0,10.0,5.0,0.0,0.0,9.0,6.0,8.0,5.0,8.0,9.0,11.0,14.0,0.0,9.0,3.0,4.0,2.0,0.0
