unique_id,file_name,sample_id,class,AAAA,AAAC,AAAG,AAAT,AACA,AACC,AACG,AACT,AAGA,AAGC,AAGG,AAGT,AATA,AATC,AATG,AATT,ACAA,ACAC,ACAG,ACAT,ACCA,ACCC,ACCG,ACCT,ACGA,ACGC,ACGG,ACGT,ACTA,ACTC,ACTG,ACTT,AGAA,AGAC,AGAG,AGAT,AGCA,AGCC,AGCG,AGCT,AGGA,AGGC,AGGG,AGGT,AGTA,AGTC,AGTG,AGTT,ATAA,ATAC,ATAG,ATAT,ATCA,ATCC,ATCG,ATCT,ATGA,ATGC,ATGG,ATGT,ATTA,ATTC,ATTG,ATTT,CAAA,CAAC,CAAG,CAAT,CACA,CACC,CACG,CACT,CAGA,CAGC,CAGG,CAGT,CATA,CATC,CATG,CATT,CCAA,CCAC,CCAG,CCAT,CCCA,CCCG,CCCT,CCGA,CCGC,CCGG,CCGT,CCTA,CCTC,CCTG,CCTT,CGAA,CGAC,CGAG,CGAT,CGCA,CGCC,CGCG,CGCT,CGGA,CGGC,CGGG,CGGT,CGTA,CGTC,CGTG,CGTT,CTAA,CTAC,CTAG,CTAT,CTCA,CTCC,CTCG,CTCT,CTGA,CTGC,CTGG,CTGT,CTTA,CTTC,CTTG,CTTT,GAAA,GAAC,GAAG,GAAT,GACA,GACC,GACG,GACT,GAGA,GAGC,GAGG,GAGT,GATA,GATC,GATG,GATT,GCAA,GCAC,GCAG,GCAT,GCCA,GCCC,GCCG,GCCT,GCGA,GCGG,GCGT,GCTA,GCTC,GCTG,GCTT,GGAA,GGAC,GGAG,GGAT,GGCA,GGCT,GGGA,GGGC,GGGG,GGGT,GGTA,GGTG,GGTT,GTAA,GTAC,GTAG,GTAT,GTCA,GTCC,GTCG,GTCT,GTGA,GTGC,GTGG,GTGT,GTTA,GTTC,GTTG,GTTT,TAAA,TAAC,TAAG,TAAT,TACA,TACC,TACG,TACT,TAGA,TAGC,TAGG,TAGT,TATA,TATC,TATG,TATT,TCAA,TCAC,TCAG,TCAT,TCCA,TCCC,TCCG,TCCT,TCGA,TCGC,TCGG,TCGT,TCTA,TCTC,TCTG,TCTT,TGAA,TGAC,TGAG,TGAT,TGCA,TGCC,TGCG,TGCT,TGGA,TGGC,TGGG,TGGT,TGTA,TGTC,TGTG,TGTT,TTAA,TTAC,TTAG,TTAT,TTCA,TTCC,TTCG,TTCT,TTGA,TTGC,TTGG,TTGT,TTTA,TTTC,TTTG,TTTT,CCCC,GGCC,GGTC,GCGC,GGCG
virus_phagel_chunk_1,virus_phagel.fasta,1,viruses,32,15,7,17,9.0,4.0,8,11,6,7,2.0,12,17.0,8,15,19.0,6,6.0,2,8,7.0,2,6.0,15,7,1,3,6,8.0,3.0,11,10.0,7,1.0,10,6,9.0,2.0,3,7.0,9,4,2,6,8.0,3,6,14.0,20,5.0,10.0,21,10,4,6,14.0,16,4,4,9,16,10,11,27,6.0,4,6,10,3.0,10.0,5.0,8.0,8,1.0,5,4,14,12,5,16,5.0,7.0,4,6.0,3,1.0,4,8,1.0,6,1,5.0,10,7,8,8.0,3,5.0,7,1,3.0,1.0,5,9,2,3,3.0,6,5,2,3,9.0,7.0,5.0,10.0,10,5,3.0,11.0,10,11,6.0,11,5.0,14,9.0,13,16,6,6,12,4,7.0,1,6.0,5.0,7,3,9.0,13,3,7,7,7,3,8,11.0,4.0,1,3.0,3,2,6,2,6.0,7,7,10,11,6.0,4,7,4,6,4,1.0,3.0,3,4,7,10,11,5.0,6.0,4,5,7.0,7,4.0,4,7.0,6,5,6,12,11,9,17,7.0,8,19,6,9,3,7,5.0,6.0,11.0,6.0,12,11,6,22,8,10,4,22,8.0,5,6,8.0,6.0,8,2,7,12.0,9,13,13,14,8.0,5,10,15,6,6,12,6.0,3,3.0,9,8,15,7,11,11,8,7.0,16,19,11,7,18,8,17,5.0,16.0,15,19,15,28.0,0.0,0.0,0.0,0.0,0.0
virus_phagel_chunk_2,virus_phagel.fasta,2,viruses,1,1,2,1,0.0,0.0,1,2,2,1,0.0,4,2.0,2,2,8.0,1,0.0,1,1,0.0,2,0.0,1,1,2,2,4,0.0,1.0,3,2.0,2,0.0,1,2,0.0,0.0,2,0.0,2,2,1,2,0.0,1,3,2.0,2,2.0,0.0,3,5,1,1,0.0,3,3,1,5,5,3,3,5,0.0,1,1,6,0.0,0.0,2.0,3.0,1,0.0,4,1,1,1,1,3,0.0,1.0,1,0.0,1,2.0,2,2,0.0,2,1,0.0,2,2,2,0.0,2,0.0,2,1,0.0,1.0,1,3,1,4,1.0,2,2,1,4,0.0,0.0,0.0,0.0,2,2,1.0,2.0,4,4,0.0,4,0.0,3,0.0,5,3,1,2,1,2,2.0,3,0.0,1.0,1,2,0.0,3,2,7,2,2,1,2,0.0,0.0,2,0.0,1,1,4,1,0.0,2,2,1,3,1.0,1,2,1,2,2,0.0,0.0,3,1,1,6,2,0.0,1.0,3,3,2.0,1,2.0,3,0.0,2,1,5,6,8,2,1,0.0,2,6,1,1,4,1,1.0,0.0,1.0,1.0,1,2,2,3,5,3,2,5,1.0,1,3,2.0,0.0,1,1,3,0.0,2,5,3,2,4.0,2,8,3,2,3,2,0.0,1,0.0,3,3,4,1,9,5,5,2.0,2,5,2,2,5,6,3,1.0,7.0,4,2,6,6.0,1.0,1.0,1.0,0.0,0.0
virus_phagel_chunk_3,virus_phagel.fasta,3,viruses,28,13,9,16,17.0,7.0,8,7,6,10,9.0,5,13.0,10,15,16.0,6,5.0,7,7,8.0,3,6.0,12,2,3,3,5,7.0,7.0,6,5.0,12,4.0,5,8,8.0,7.0,3,9.0,6,7,5,7,1.0,4,5,4.0,16,8.0,2.0,15,14,9,4,18.0,13,10,7,9,11,13,11,11,8.0,11,8,12,1.0,12.0,0.0,5.0,10,8.0,12,5,13,14,5,14,10.0,4.0,8,10.0,9,3.0,8,7,6.0,1,3,2.0,4,13,16,1.0,3,2.0,11,5,5.0,2.0,6,3,6,1,2.0,3,6,3,4,10.0,2.0,1.0,11.0,14,5,1.0,12.0,14,13,6.0,7,7.0,14,13.0,20,13,6,4,10,4,5.0,3,5.0,9.0,5,4,2.0,8,4,9,12,9,1,6,12.0,10.0,6,3.0,8,6,4,5,7.0,9,6,14,8,0.0,4,5,4,11,5,1.0,1.0,5,7,7,9,7,2.0,4.0,1,9,1.0,5,5.0,6,5.0,6,3,7,12,6,6,17,9.0,9,16,3,5,2,8,4.0,4.0,0.0,2.0,7,17,10,4,13,8,14,17,5.0,11,5,7.0,2.0,4,4,3,8.0,12,15,19,12,10.0,9,9,11,9,9,10,3.0,13,5.0,12,3,7,5,14,18,7,3.0,11,15,13,3,19,7,11,14.0,10.0,14,11,12,31.0,10.0,6.0,3.0,5.0,6.0
virus_phagel_chunk_4,virus_phagel.fasta,4,viruses,33,25,14,13,20.0,13.0,18,12,14,11,5.0,9,9.0,10,11,6.0,16,5.0,17,10,13.0,4,10.0,6,14,6,5,4,5.0,5.0,6,7.0,14,7.0,7,12,12.0,11.0,11,3.0,6,8,5,8,3.0,2,7,8.0,11,4.0,0.0,6,15,9,6,7.0,5,14,17,5,8,11,5,6,25.0,16,9,9,5.0,7.0,1.0,1.0,21,16.0,12,5,4,9,9,8,12.0,3.0,11,5.0,1,7.0,7,5,10.0,11,6,3.0,4,8,2,8.0,9,11.0,8,11,8.0,5.0,4,9,9,6,4.0,6,6,7,6,6.0,1.0,0.0,9.0,8,1,6.0,4.0,12,8,12.0,6,5.0,3,5.0,6,15,9,12,12,16,11.0,5,5.0,4.0,7,10,6.0,6,10,10,10,14,2,18,11.0,14.0,5,9.0,3,11,6,11,4.0,3,13,8,15,10.0,4,10,12,6,9,7.0,10.0,5,5,12,9,8,3.0,2.0,4,6,1.0,5,0.0,9,8.0,11,5,8,8,8,6,12,13.0,4,2,7,2,5,5,1.0,3.0,0.0,0.0,2,8,11,6,17,4,8,4,3.0,6,6,1.0,6.0,6,6,4,4.0,6,11,2,11,11.0,5,6,10,8,8,15,15.0,8,10.0,12,4,1,7,7,6,11,2.0,8,4,5,5,12,7,11,5.0,3.0,6,4,8,6.0,2.0,4.0,3.0,6.0,10.0
virus_phagel_chunk_5,virus_phagel.fasta,5,viruses,19,9,18,17,9.0,17.0,8,5,13,14,9.0,7,7.0,10,14,6.0,2,1.0,12,8,15.0,2,11.0,6,3,9,10,7,2.0,2.0,10,4.0,10,9.0,6,12,13.0,5.0,6,14.0,14,11,8,9,4.0,4,6,5.0,5,8.0,2.0,13,12,6,11,4.0,15,10,16,7,14,10,4,8,17.0,10,2,4,2.0,3.0,5.0,3.0,14,12.0,20,4,7,7,11,10,12.0,1.0,8,8.0,2,1.0,3,3,8.0,8,4,1.0,2,11,5,10.0,2,6.0,7,12,4.0,7.0,7,10,5,11,12.0,3,4,9,6,10.0,3.0,0.0,3.0,1,3,4.0,6.0,9,9,17.0,7,5.0,7,7.0,4,14,11,18,10,6,5.0,11,6.0,7.0,11,10,6.0,10,4,15,8,13,7,16,13.0,7.0,1,7.0,6,14,10,6,11.0,5,10,10,21,9.0,14,10,11,10,16,9.0,4.0,1,13,7,9,10,4.0,3.0,10,10,1.0,5,4.0,7,6.0,9,8,7,7,6,7,13,9.0,5,6,6,9,5,4,3.0,1.0,3.0,2.0,4,12,8,12,6,4,14,6,5.0,3,4,4.0,6.0,7,10,5,2.0,5,11,4,12,8.0,8,8,13,5,12,5,14.0,14,7.0,12,7,7,8,7,8,9,4.0,10,7,5,8,8,5,10,5.0,7.0,5,4,10,7.0,0.0,7.0,5.0,6.0,11.0
virus_phagel_chunk_6,virus_phagel.fasta,6,viruses,8,10,7,8,12.0,7.0,4,10,3,7,7.0,7,9.0,7,8,9.0,10,5.0,7,6,8.0,4,3.0,6,4,13,5,3,0.0,7.0,9,10.0,6,2.0,2,5,9.0,12.0,5,5.0,5,11,5,4,5.0,5,9,8.0,9,10.0,3.0,4,6,12,10,6.0,10,11,4,9,4,8,8,16,9.0,6,8,10,10.0,7.0,10.0,4.0,7,11.0,13,13,8,16,10,12,4.0,7.0,18,11.0,9,6.0,6,5,4.0,11,8,2.0,9,15,3,6.0,5,3.0,7,6,8.0,5.0,12,10,6,8,5.0,4,12,2,18,1.0,4.0,0.0,4.0,10,7,11.0,5.0,12,13,10.0,13,4.0,18,3.0,15,11,8,6,7,4,1.0,5,2.0,3.0,7,4,6.0,8,5,12,8,10,6,8,10.0,15.0,2,11.0,10,4,8,9,4.0,8,13,17,6,2.0,7,8,10,4,5,4.0,2.0,5,3,9,8,7,6.0,3.0,3,12,3.0,6,7.0,8,11.0,5,5,6,13,8,17,5,9.0,3,8,2,6,6,10,2.0,6.0,1.0,1.0,1,6,4,7,9,13,11,19,8.0,15,8,7.0,8.0,10,6,16,3.0,9,11,10,14,3.0,8,13,9,11,7,21,3.0,8,1.0,10,7,7,9,10,8,4,4.0,7,24,15,13,15,8,13,3.0,6.0,9,28,11,24.0,6.0,7.0,4.0,4.0,8.0
virus_phagel_chunk_7,virus_phagel.fasta,7,viruses,10,11,6,8,8.0,10.0,5,10,7,3,3.0,10,12.0,7,10,11.0,6,4.0,5,8,2.0,7,6.0,9,4,5,5,3,2.0,18.0,5,4.0,5,9.0,4,6,7.0,4.0,7,3.0,2,5,2,3,6.0,6,10,4.0,17,7.0,3.0,15,15,11,5,14.0,6,9,9,16,6,12,15,18,5.0,7,11,11,3.0,6.0,2.0,5.0,12,8.0,4,9,7,17,8,20,6.0,4.0,4,14.0,5,8.0,3,5,10.0,5,5,1.0,7,11,15,5.0,6,6.0,10,8,10.0,5.0,7,6,2,1,5.0,8,6,5,6,4.0,3.0,0.0,6.0,10,12,8.0,16.0,10,13,4.0,13,5.0,18,12.0,10,6,4,3,10,6,3.0,6,6.0,3.0,4,4,6.0,14,6,11,13,11,3,7,14.0,8.0,4,7.0,8,11,2,5,3.0,6,9,9,6,1.0,3,6,5,5,3,1.0,3.0,4,5,4,6,12,4.0,5.0,8,7,3.0,6,11.0,7,6.0,6,7,7,8,8,13,14,11.0,3,11,6,5,4,8,2.0,6.0,1.0,1.0,9,15,11,7,11,5,17,16,13.0,5,4,14.0,7.0,10,2,12,7.0,15,15,17,7,5.0,4,22,15,9,8,12,5.0,9,5.0,8,10,10,7,20,6,9,2.0,13,17,10,12,14,15,16,8.0,11.0,12,15,15,17.0,3.0,4.0,5.0,5.0,3.0
virus_phagel_chunk_8,virus_phagel.fasta,8,viruses,31,22,24,20,11.0,15.0,15,14,21,17,6.0,7,10.0,18,10,4.0,12,4.0,6,5,15.0,2,8.0,9,20,9,8,13,3.0,9.0,13,3.0,21,12.0,11,7,18.0,7.0,10,6.0,7,5,2,3,6.0,1,8,7.0,7,8.0,3.0,5,15,4,13,10.0,14,9,10,7,7,9,5,4,17.0,13,10,3,4.0,7.0,12.0,5.0,20,8.0,6,8,5,8,7,6,13.0,5.0,7,7.0,4,2.0,3,6,7.0,7,3,1.0,1,7,6,24.0,10,7.0,14,10,7.0,8.0,5,10,4,5,8.0,4,5,10,9,7.0,3.0,0.0,3.0,10,3,9.0,4.0,7,17,12.0,2,7.0,5,1.0,5,34,16,15,10,9,4.0,13,6.0,9.0,10,5,5.0,7,6,21,12,9,9,17,6.0,9.0,4,6.0,3,15,10,5,9.0,7,9,5,19,5.0,4,8,4,9,6,3.0,1.0,2,5,12,5,6,5.0,5.0,4,4,0.0,4,2.0,9,8.0,13,9,6,9,6,3,15,4.0,2,9,3,8,10,3,1.0,6.0,0.0,2.0,1,10,2,3,9,10,12,8,3.0,3,7,0.0,14.0,7,2,7,0.0,9,9,4,11,5.0,7,17,9,6,11,10,13.0,11,4.0,12,5,1,9,3,10,8,1.0,4,10,6,4,6,10,2,6.0,0.0,3,3,6,0.0,2.0,2.0,3.0,7.0,8.0
virus_phagel_chunk_9,virus_phagel.fasta,9,viruses,14,5,14,5,10.0,4.0,7,4,9,13,13.0,4,3.0,4,4,0.0,5,2.0,15,3,4.0,6,11.0,2,7,9,10,7,0.0,5.0,9,1.0,10,11.0,10,8,7.0,11.0,13,3.0,12,20,7,5,4.0,9,4,6.0,4,4.0,0.0,5,5,9,4,3.0,14,18,7,8,5,1,4,8,4.0,7,3,1,3.0,5.0,5.0,4.0,25,12.0,20,11,1,5,9,4,0.0,4.0,9,7.0,2,10.0,5,11,13.0,19,5,0.0,2,16,3,10.0,10,4.0,10,9,8.0,7.0,17,11,18,19,8.0,7,9,10,6,0.0,0.0,0.0,0.0,8,3,2.0,1.0,28,18,23.0,5,1.0,4,6.0,4,19,10,18,3,9,8.0,19,6.0,6.0,9,10,8.0,5,9,23,11,6,7,29,4.0,8.0,8,15.0,7,15,22,14,0.0,5,38,10,8,9.0,11,16,18,17,11,19.0,14.0,2,6,13,2,2,4.0,1.0,12,7,10.0,8,5.0,8,7.0,11,6,4,6,4,7,1,3.0,4,2,3,6,2,1,0.0,0.0,1.0,0.0,4,3,11,3,4,4,15,5,6.0,3,12,7.0,1.0,5,5,6,0.0,2,11,1,22,12.0,8,14,12,11,15,16,10.0,16,6.0,11,2,7,5,7,4,4,0.0,4,8,6,3,5,6,11,2.0,2.0,2,10,7,9.0,4.0,8.0,5.0,14.0,30.0
virus_phagel_chunk_10,virus_phagel.fasta,10,viruses,18,13,9,18,14.0,11.0,8,8,8,9,6.0,6,21.0,9,16,12.0,13,10.0,8,6,3.0,5,7.0,6,7,5,4,7,3.0,2.0,7,3.0,12,2.0,8,9,13.0,6.0,10,3.0,5,3,4,3,12.0,5,5,8.0,14,5.0,8.0,13,8,3,10,8.0,14,16,8,18,17,9,9,21,13.0,10,2,10,8.0,6.0,8.0,3.0,13,7.0,3,9,6,6,8,14,4.0,4.0,6,8.0,5,4.0,7,4,5.0,6,2,4.0,5,9,5,5.0,5,3.0,7,5,5.0,5.0,5,5,2,4,5.0,5,6,10,8,6.0,2.0,2.0,6.0,4,5,1.0,5.0,16,14,10.0,9,2.0,5,4.0,8,11,8,13,12,8,1.0,5,2.0,5.0,9,4,7.0,7,5,20,11,11,6,11,9.0,9.0,5,3.0,4,5,4,11,5.0,4,15,4,10,2.0,5,6,6,4,5,4.0,1.0,3,2,9,7,14,1.0,5.0,11,7,4.0,3,7.0,13,7.0,5,10,7,4,12,17,16,10.0,5,18,7,3,2,2,5.0,7.0,2.0,8.0,6,9,12,19,7,5,8,11,5.0,6,3,6.0,4.0,2,2,9,4.0,4,18,7,17,7.0,9,21,13,8,10,16,8.0,6,4.0,10,12,7,11,17,15,6,7.0,15,12,8,3,13,11,10,5.0,10.0,17,18,11,24.0,4.0,2.0,3.0,8.0,3.0
virus_phagel_chunk_11,virus_phagel.fasta,11,viruses,13,6,12,9,6.0,5.0,9,10,9,9,9.0,5,5.0,4,5,5.0,6,7.0,5,6,6.0,9,12.0,5,8,11,12,6,1.0,1.0,12,3.0,10,4.0,6,5,7.0,10.0,8,9.0,7,8,4,7,1.0,6,3,5.0,5,7.0,0.0,5,9,9,6,3.0,20,9,9,8,2,6,5,6,6.0,5,4,2,3.0,9.0,11.0,4.0,7,15.0,7,6,2,10,10,7,1.0,6.0,4,10.0,1,9.0,8,9,14.0,24,17,3.0,3,13,5,11.0,3,2.0,12,8,14.0,10.0,11,17,14,12,13.0,4,12,19,9,2.0,1.0,0.0,5.0,4,4,1.0,10.0,17,18,21.0,9,2.0,7,3.0,3,18,13,13,6,10,12.0,9,2.0,8.0,10,10,4.0,9,7,23,6,6,7,14,7.0,10.0,6,24.0,8,4,17,13,2.0,7,27,5,8,12.0,12,14,13,11,13,7.0,7.0,5,3,19,3,2,6.0,1.0,4,10,7.0,8,7.0,18,9.0,16,9,3,7,3,12,3,6.0,3,2,5,6,8,1,1.0,0.0,0.0,0.0,1,6,8,1,4,7,13,6,4.0,3,19,3.0,7.0,6,3,8,2.0,8,13,2,21,14.0,12,14,6,14,10,10,9.0,23,9.0,6,5,8,11,8,5,6,0.0,2,7,9,9,5,6,4,1.0,5.0,6,10,5,12.0,1.0,10.0,6.0,12.0,18.0
virus_phagel_chunk_12,virus_phagel.fasta,12,viruses,6,9,6,4,9.0,9.0,10,5,7,6,3.0,2,0.0,6,3,3.0,4,6.0,17,3,9.0,8,15.0,4,8,13,10,8,1.0,3.0,14,2.0,11,4.0,7,3,9.0,16.0,10,3.0,10,14,6,7,2.0,3,11,4.0,2,3.0,2.0,3,9,6,7,3.0,14,12,14,3,5,4,3,5,4.0,11,1,3,4.0,11.0,10.0,5.0,11,27.0,22,12,5,9,5,10,2.0,5.0,15,7.0,3,20.0,1,4,21.0,26,15,3.0,3,6,3,5.0,9,6.0,8,18,16.0,12.0,14,12,21,7,15.0,6,9,14,8,0.0,3.0,0.0,2.0,6,5,3.0,1.0,17,21,18.0,4,1.0,4,7.0,4,12,10,8,2,12,9.0,17,7.0,6.0,5,11,6.0,4,6,26,3,8,13,28,14.0,15.0,11,19.0,9,13,16,9,0.0,6,32,7,6,11.0,10,15,20,13,8,11.0,9.0,2,3,14,6,6,4.0,0.0,3,8,7.0,4,6.0,13,17.0,8,7,7,4,6,6,3,3.0,3,3,5,7,2,3,1.0,0.0,1.0,0.0,1,4,9,1,5,6,12,5,2.0,5,12,1.0,2.0,7,3,5,1.0,3,8,4,10,21.0,5,13,16,13,18,15,13.0,13,8.0,8,2,4,6,5,4,7,0.0,7,5,2,3,6,5,12,2.0,3.0,5,4,6,5.0,4.0,9.0,9.0,19.0,17.0
virus_phagel_chunk_13,virus_phagel.fasta,13,viruses,21,8,9,8,9.0,9.0,9,4,9,8,6.0,3,7.0,1,9,2.0,3,6.0,12,3,6.0,10,10.0,8,4,17,17,5,0.0,5.0,12,4.0,7,6.0,8,6,11.0,6.0,15,9.0,13,6,5,4,3.0,4,6,6.0,5,9.0,0.0,8,6,6,6,5.0,19,11,11,4,6,4,8,6,4.0,6,2,5,3.0,6.0,10.0,8.0,16,21.0,11,11,1,9,9,7,4.0,9.0,5,9.0,7,19.0,2,8,14.0,23,12,1.0,1,9,5,13.0,8,5.0,5,14,15.0,10.0,14,14,18,14,12.0,4,4,12,7,0.0,3.0,0.0,3.0,4,2,6.0,0.0,10,23,21.0,4,2.0,6,1.0,6,18,12,14,5,10,8.0,14,5.0,2.0,12,11,5.0,10,5,19,9,9,6,31,11.0,12.0,10,19.0,5,14,14,3,4.0,4,30,5,14,8.0,8,25,16,11,11,10.0,6.0,9,5,17,3,2,4.0,0.0,9,6,1.0,5,4.0,9,12.0,12,9,2,7,4,8,3,5.0,1,1,2,11,10,4,0.0,0.0,0.0,0.0,4,8,8,6,1,6,11,3,2.0,8,9,1.0,5.0,5,4,7,1.0,2,7,1,15,15.0,9,7,16,18,9,9,17.0,13,11.0,5,3,3,8,5,3,11,0.0,6,5,11,4,2,8,6,2.0,2.0,10,5,5,12.0,2.0,7.0,5.0,16.0,13.0
virus_phagel_chunk_14,virus_phagel.fasta,14,viruses,9,8,6,13,9.0,4.0,7,5,6,4,6.0,9,12.0,12,14,7.0,3,6.0,9,5,8.0,1,4.0,4,8,6,8,5,0.0,6.0,7,0.0,4,2.0,7,5,8.0,7.0,6,5.0,6,8,4,1,6.0,10,11,7.0,11,5.0,6.0,10,16,17,10,7.0,7,18,9,14,9,14,8,15,8.0,7,4,9,6.0,6.0,8.0,3.0,11,12.0,10,11,8,20,15,14,3.0,6.0,14,21.0,4,3.0,2,2,2.0,7,7,0.0,7,13,10,8.0,5,5.0,12,4,7.0,6.0,6,6,13,6,7.0,5,8,3,12,0.0,1.0,0.0,2.0,9,6,2.0,7.0,15,18,13.0,7,3.0,9,5.0,11,12,6,6,10,4,3.0,7,2.0,0.0,7,2,8.0,8,8,14,13,8,4,9,12.0,16.0,6,5.0,7,11,9,8,2.0,7,13,12,7,2.0,3,8,10,9,4,7.0,3.0,4,8,8,6,12,4.0,1.0,8,9,5.0,13,4.0,11,3.0,5,8,5,11,4,15,7,4.0,9,13,4,4,5,3,1.0,3.0,1.0,6.0,4,10,5,12,14,7,12,19,16.0,2,6,17.0,9.0,10,8,8,1.0,4,20,6,15,7.0,3,18,11,11,11,14,4.0,10,5.0,13,6,10,5,10,10,5,4.0,11,18,13,10,13,10,8,5.0,2.0,13,20,8,21.0,2.0,9.0,3.0,5.0,10.0
virus_phagel_chunk_15,virus_phagel.fasta,15,viruses,6,9,4,6,11.0,9.0,8,5,5,3,9.0,3,5.0,6,7,1.0,3,7.0,18,2,7.0,6,23.0,6,5,15,21,5,3.0,1.0,9,2.0,5,9.0,3,5,12.0,8.0,13,7.0,5,7,3,10,4.0,4,7,4.0,9,6.0,1.0,6,10,8,5,6.0,7,12,10,9,4,2,6,4,4.0,4,2,3,6.0,11.0,10.0,4.0,15,26.0,11,12,4,10,5,2,0.0,4.0,10,9.0,2,8.0,1,8,20.0,22,19,1.0,1,10,1,7.0,12,2.0,8,13,16.0,10.0,15,19,25,11,16.0,8,10,17,10,0.0,4.0,0.0,4.0,1,2,5.0,1.0,15,15,16.0,8,0.0,3,4.0,4,10,13,11,4,6,15.0,23,3.0,2.0,10,5,4.0,10,1,18,9,7,13,25,6.0,14.0,4,25.0,3,12,14,14,4.0,5,27,5,11,11.0,7,17,19,9,9,15.0,8.0,1,10,18,5,9,8.0,0.0,11,8,2.0,11,3.0,16,12.0,17,6,5,9,6,5,5,7.0,3,6,7,7,5,3,0.0,1.0,0.0,0.0,3,12,8,4,3,7,11,4,0.0,1,13,3.0,4.0,1,13,7,0.0,2,9,3,15,15.0,9,8,7,15,12,10,13.0,11,11.0,13,6,3,9,6,3,4,0.0,6,6,5,4,4,9,5,5.0,1.0,4,5,4,5.0,0.0,7.0,7.0,18.0,23.0
virus_phagel_chunk_16,virus_phagel.fasta,16,viruses,22,11,20,10,11.0,4.0,7,10,9,11,8.0,7,2.0,2,15,6.0,5,4.0,10,4,5.0,5,11.0,7,5,8,4,5,6.0,3.0,9,7.0,7,6.0,7,5,9.0,8.0,14,5.0,9,12,5,6,4.0,5,6,0.0,5,4.0,1.0,6,3,7,4,8.0,15,14,13,5,4,8,11,8,11.0,2,2,1,3.0,8.0,4.0,3.0,8,15.0,14,5,5,8,5,8,3.0,6.0,10,6.0,2,10.0,5,8,12.0,14,18,1.0,5,11,5,10.0,12,6.0,1,8,11.0,6.0,10,8,6,13,11.0,6,6,15,14,2.0,4.0,0.0,4.0,3,8,4.0,7.0,15,14,21.0,7,5.0,5,1.0,10,24,16,11,9,7,10.0,7,8.0,7.0,10,10,3.0,6,3,17,6,4,3,16,9.0,13.0,8,16.0,6,12,14,12,3.0,7,22,6,16,5.0,6,14,12,11,12,11.0,6.0,8,5,18,9,4,4.0,0.0,8,8,4.0,6,2.0,17,9.0,12,5,4,6,7,13,6,3.0,2,5,2,6,4,4,1.0,0.0,0.0,0.0,3,9,10,11,4,5,6,7,5.0,4,15,4.0,4.0,6,6,6,0.0,7,15,3,27,9.0,11,12,3,15,13,12,12.0,18,12.0,8,1,8,4,7,5,4,0.0,15,8,9,8,8,12,6,4.0,3.0,11,14,6,16.0,5.0,9.0,1.0,9.0,14.0
virus_phagel_chunk_17,virus_phagel.fasta,17,viruses,13,11,14,6,6.0,5.0,13,5,10,7,6.0,7,1.0,7,9,2.0,4,5.0,16,5,10.0,2,14.0,1,7,9,20,12,1.0,3.0,12,1.0,3,7.0,8,6,9.0,6.0,11,5.0,10,5,4,12,9.0,5,20,2.0,5,5.0,2.0,6,5,6,6,2.0,16,8,11,9,8,8,8,5,6.0,3,1,4,6.0,7.0,6.0,5.0,10,14.0,13,20,1,7,8,7,2.0,5.0,12,8.0,1,7.0,2,2,8.0,25,12,0.0,3,8,2,5.0,3,3.0,7,4,11.0,8.0,7,17,19,16,16.0,12,10,11,13,1.0,0.0,0.0,2.0,5,6,0.0,1.0,21,5,6.0,6,2.0,2,2.0,5,19,10,10,6,9,9.0,20,3.0,4.0,8,12,8.0,11,2,16,10,6,6,16,6.0,14.0,4,14.0,4,5,17,15,2.0,4,12,6,14,13.0,12,11,16,8,11,10.0,10.0,8,10,21,8,10,16.0,0.0,9,9,5.0,11,3.0,20,9.0,25,14,8,5,8,10,6,5.0,5,3,9,6,9,4,0.0,2.0,0.0,1.0,5,3,11,10,2,8,13,4,2.0,4,12,6.0,4.0,6,6,7,0.0,2,6,2,22,18.0,9,15,5,11,10,4,12.0,14,9.0,9,4,7,16,8,3,7,1.0,12,8,7,6,4,7,8,2.0,6.0,5,10,5,12.0,2.0,8.0,6.0,7.0,16.0
virus_phagel_chunk_18,virus_phagel.fasta,18,viruses,33,12,16,17,12.0,9.0,5,9,11,8,9.0,13,14.0,9,12,15.0,9,6.0,8,8,10.0,5,2.0,6,5,1,2,3,11.0,6.0,13,8.0,8,5.0,4,5,5.0,4.0,4,7.0,10,3,1,10,12.0,10,7,11.0,14,8.0,13.0,16,12,4,8,10.0,7,14,3,7,14,12,11,26,14.0,7,4,11,5.0,6.0,3.0,13.0,4,3.0,9,4,14,9,7,18,7.0,4.0,1,14.0,3,3.0,5,6,4.0,1,1,3.0,5,3,7,6.0,2,2.0,9,4,4.0,0.0,6,4,2,2,0.0,4,2,4,5,14.0,6.0,1.0,9.0,5,3,5.0,11.0,10,9,9.0,7,11.0,12,4.0,16,15,4,8,11,8,2.0,1,5.0,4.0,2,3,7.0,11,5,4,9,8,6,4,11.0,5.0,2,2.0,4,4,4,2,3.0,6,7,16,8,2.0,6,6,7,3,4,2.0,2.0,4,3,6,5,5,2.0,9.0,7,9,4.0,4,5.0,6,6.0,4,6,10,4,11,14,16,12.0,13,11,6,6,2,11,3.0,7.0,3.0,16.0,12,11,8,21,12,11,7,15,8.0,4,5,3.0,4.0,6,1,9,13.0,7,12,12,16,7.0,4,9,13,4,6,16,4.0,7,7.0,4,4,6,5,17,19,9,6.0,20,19,9,3,18,13,11,6.0,12.0,19,21,16,42.0,2.0,1.0,4.0,3.0,3.0
virus_phagel_chunk_19,virus_phagel.fasta,19,viruses,16,13,13,13,15.0,8.0,10,7,13,11,12.0,3,9.0,16,6,8.0,12,4.0,10,7,4.0,5,7.0,9,7,9,5,5,5.0,6.0,8,5.0,10,3.0,16,9,16.0,11.0,6,5.0,6,13,1,6,6.0,5,5,6.0,8,3.0,3.0,11,10,5,16,6.0,10,13,10,2,10,11,15,6,21.0,14,8,11,9.0,4.0,6.0,4.0,13,11.0,9,6,5,4,7,10,7.0,4.0,7,4.0,6,3.0,2,4,8.0,8,10,4.0,3,10,8,5.0,7,4.0,9,10,9.0,6.0,18,13,8,7,9.0,6,6,10,9,8.0,4.0,1.0,6.0,3,5,8.0,4.0,11,10,10.0,8,8.0,9,4.0,4,12,8,8,5,4,5.0,9,6.0,8.0,11,4,7.0,7,3,14,15,25,5,15,10.0,11.0,2,14.0,9,4,14,10,9.0,5,11,10,8,4.0,6,9,13,6,5,5.0,8.0,4,12,7,8,9,5.0,8.0,5,14,1.0,6,3.0,6,10.0,11,2,8,6,8,5,6,5.0,10,10,5,8,1,7,4.0,5.0,1.0,6.0,4,14,8,9,10,10,7,5,1.0,4,6,5.0,10.0,17,10,6,1.0,6,10,2,10,10.0,4,12,16,12,10,6,2.0,12,6.0,18,3,4,7,4,6,9,4.0,13,5,5,13,6,9,11,7.0,6.0,6,3,6,6.0,1.0,4.0,9.0,9.0,15.0
virus_phagel_chunk_20,virus_phagel.fasta,20,viruses,7,8,6,8,7.0,4.0,11,5,3,7,9.0,6,5.0,7,8,2.0,7,10.0,9,5,7.0,4,9.0,6,5,8,20,6,0.0,4.0,11,3.0,6,8.0,4,7,11.0,8.0,10,2.0,8,5,10,7,5.0,5,5,4.0,6,4.0,0.0,8,12,6,4,8.0,6,9,9,6,3,6,9,9,8.0,8,1,3,8.0,13.0,11.0,6.0,15,14.0,12,8,5,11,5,7,3.0,7.0,8,9.0,3,6.0,4,8,12.0,28,6,1.0,5,11,5,7.0,8,3.0,9,13,14.0,5.0,6,14,17,17,17.0,5,9,10,2,0.0,0.0,0.0,3.0,4,8,3.0,4.0,12,18,22.0,10,2.0,4,1.0,8,10,4,12,9,9,5.0,11,6.0,7.0,10,9,5.0,7,4,10,12,9,12,19,7.0,13.0,3,23.0,7,11,12,9,1.0,3,26,6,11,7.0,9,12,14,15,10,17.0,21.0,7,8,28,8,9,6.0,0.0,8,9,7.0,7,4.0,16,13.0,18,8,3,9,5,6,4,7.0,6,2,7,4,6,1,0.0,0.0,0.0,0.0,1,8,7,6,1,9,13,7,4.0,6,16,6.0,3.0,6,5,5,1.0,7,14,1,11,8.0,15,5,9,17,7,13,7.0,19,7.0,21,5,5,12,9,4,8,0.0,3,5,11,5,7,4,6,5.0,7.0,7,9,7,4.0,4.0,7.0,8.0,12.0,22.0
virus_phagel_chunk_21,virus_phagel.fasta,21,viruses,33,19,9,10,20.0,8.0,19,5,4,6,8.0,7,6.0,6,9,6.0,11,11.0,23,3,12.0,4,8.0,2,11,14,12,8,2.0,3.0,11,2.0,12,3.0,6,7,14.0,8.0,12,6.0,7,11,10,5,3.0,7,14,5.0,3,5.0,2.0,5,13,7,9,1.0,7,14,4,2,5,7,9,5,16.0,15,3,4,16.0,12.0,10.0,7.0,20,30.0,19,15,2,15,5,6,6.0,16.0,12,6.0,6,2.0,1,3,15.0,13,8,1.0,6,4,3,15.0,4,4.0,4,11,11.0,14.0,9,11,27,9,13.0,2,15,7,5,1.0,3.0,0.0,1.0,14,2,2.0,1.0,16,9,9.0,3,1.0,4,8.0,4,19,13,10,11,9,1.0,9,5.0,4.0,3,6,6.0,5,2,11,6,14,13,25,12.0,16.0,4,18.0,6,9,29,7,2.0,9,13,10,15,8.0,3,7,22,8,9,7.0,10.0,5,8,11,6,3,4.0,0.0,8,11,7.0,7,5.0,5,23.0,6,1,5,5,4,5,3,5.0,3,2,3,5,7,1,0.0,1.0,0.0,1.0,2,7,2,8,7,6,24,7,6.0,1,11,5.0,4.0,5,6,6,0.0,1,9,2,11,9.0,6,6,17,13,16,11,6.0,11,2.0,6,2,4,3,3,6,4,0.0,5,6,6,3,5,4,11,6.0,6.0,4,4,6,3.0,0.0,12.0,4.0,11.0,14.0
virus_phagel_chunk_22,virus_phagel.fasta,22,viruses,11,7,9,11,7.0,7.0,15,6,8,3,11.0,3,4.0,6,8,4.0,3,4.0,15,1,4.0,3,9.0,11,6,11,16,7,0.0,0.0,10,2.0,11,7.0,8,5,16.0,11.0,15,4.0,10,13,3,11,7.0,5,9,5.0,6,0.0,2.0,4,5,7,3,1.0,11,13,15,5,1,7,7,4,6.0,8,2,1,4.0,10.0,9.0,2.0,17,25.0,16,10,1,1,7,6,2.0,7.0,8,7.0,2,7.0,2,2,8.0,25,8,1.0,1,14,6,6.0,5,2.0,4,13,15.0,10.0,11,16,22,18,20.0,5,6,10,5,1.0,0.0,0.0,3.0,1,2,0.0,2.0,18,10,21.0,12,2.0,7,1.0,6,17,16,11,8,8,9.0,10,1.0,6.0,16,9,13.0,6,2,17,6,11,9,32,5.0,15.0,4,14.0,7,8,28,8,2.0,2,26,6,17,6.0,19,12,18,13,14,10.0,10.0,2,8,21,6,4,9.0,0.0,12,8,9.0,12,3.0,17,9.0,16,2,5,5,2,9,4,4.0,3,2,4,1,6,3,0.0,1.0,1.0,0.0,1,7,12,3,1,5,13,2,3.0,4,13,2.0,1.0,9,7,3,1.0,2,11,2,18,10.0,15,10,10,6,10,8,15.0,24,5.0,13,5,10,4,5,2,5,0.0,4,7,4,5,10,7,2,5.0,5.0,3,7,9,8.0,3.0,8.0,11.0,21.0,30.0
virus_phagel_chunk_23,virus_phagel.fasta,23,viruses,13,12,9,7,8.0,10.0,4,7,8,9,6.0,4,12.0,8,11,13.0,7,5.0,6,8,7.0,7,3.0,4,4,1,2,2,4.0,4.0,6,3.0,10,0.0,9,9,5.0,7.0,5,10.0,6,10,5,3,7.0,4,11,8.0,11,5.0,8.0,16,13,6,10,9.0,10,11,7,14,9,14,20,20,11.0,5,4,13,7.0,7.0,0.0,6.0,7,11.0,10,10,8,10,8,14,9.0,5.0,8,14.0,6,4.0,6,3,7.0,3,2,3.0,2,8,7,2.0,3,3.0,13,5,4.0,4.0,8,5,4,1,5.0,3,5,5,8,4.0,3.0,2.0,9.0,4,3,6.0,7.0,8,7,11.0,9,9.0,12,7.0,10,10,6,4,14,2,0.0,2,2.0,11.0,4,6,4.0,10,6,9,15,7,3,12,13.0,12.0,4,5.0,4,9,4,5,6.0,8,7,16,9,3.0,1,10,11,4,1,5.0,6.0,3,7,6,11,5,2.0,5.0,14,6,5.0,2,3.0,5,10.0,10,11,11,9,11,15,7,6.0,10,10,9,4,3,2,3.0,3.0,2.0,12.0,10,14,14,21,10,7,12,5,11.0,5,3,6.0,4.0,5,6,12,5.0,6,14,12,13,0.0,12,8,14,9,10,15,11.0,8,3.0,16,9,4,14,19,13,8,5.0,20,11,11,9,18,10,20,10.0,12.0,17,14,14,23.0,7.0,5.0,3.0,8.0,7.0
virus_phagel_chunk_24,virus_phagel.fasta,24,viruses,23,8,5,25,5.0,4.0,6,12,9,8,5.0,11,20.0,10,16,22.0,2,0.0,4,8,5.0,2,8.0,4,1,5,2,3,4.0,5.0,6,2.0,8,3.0,5,7,5.0,9.0,3,5.0,6,5,2,5,8.0,9,7,7.0,22,9.0,8.0,22,11,3,9,13.0,13,9,7,14,13,10,23,29,9.0,4,6,12,2.0,4.0,0.0,0.0,5,4.0,5,6,14,9,7,14,8.0,0.0,3,12.0,4,0.0,1,1,5.0,8,4,1.0,3,10,3,5.0,2,1.0,3,3,7.0,1.0,3,5,3,4,5.0,3,5,3,9,8.0,1.0,1.0,7.0,3,2,4.0,6.0,12,13,9.0,10,3.0,10,5.0,15,12,5,16,11,1,3.0,4,3.0,3.0,3,5,9.0,14,4,9,8,5,3,6,11.0,9.0,1,4.0,9,7,3,2,4.0,3,12,12,14,1.0,7,6,6,8,3,0.0,2.0,4,3,5,10,9,1.0,3.0,13,10,3.0,4,7.0,9,2.0,5,3,13,5,9,20,17,10.0,6,20,6,8,1,2,6.0,7.0,3.0,5.0,13,13,11,31,16,3,7,13,5.0,2,6,3.0,2.0,3,4,11,8.0,4,16,16,17,5.0,7,19,11,5,5,15,13.0,12,1.0,7,12,7,4,21,14,6,9.0,26,15,8,3,18,14,12,12.0,18.0,26,19,19,49.0,0.0,2.0,3.0,1.0,4.0
virus_phagel_chunk_25,virus_phagel.fasta,25,viruses,18,10,15,9,8.0,11.0,6,6,8,5,13.0,7,3.0,10,9,1.0,5,2.0,7,3,10.0,5,21.0,6,2,10,14,4,1.0,1.0,13,1.0,8,7.0,7,6,13.0,7.0,12,8.0,5,12,8,6,2.0,6,3,8.0,6,6.0,0.0,4,9,12,4,5.0,16,11,9,8,3,4,4,5,8.0,5,3,4,1.0,12.0,10.0,2.0,15,23.0,13,6,4,7,5,6,2.0,7.0,8,6.0,2,12.0,6,6,14.0,25,20,4.0,2,14,3,8.0,5,0.0,13,9,9.0,9.0,12,14,19,7,19.0,6,10,15,12,0.0,2.0,0.0,7.0,3,1,3.0,0.0,15,12,18.0,7,3.0,5,2.0,4,18,9,13,5,6,10.0,11,5.0,5.0,12,5,6.0,7,4,22,6,8,7,28,8.0,9.0,8,18.0,6,14,16,16,4.0,1,19,9,7,5.0,11,11,20,6,5,12.0,8.0,5,9,21,6,10,3.0,0.0,6,14,6.0,8,3.0,15,10.0,20,5,5,4,9,11,8,7.0,2,6,2,9,3,3,0.0,0.0,0.0,0.0,2,9,8,3,5,9,14,5,2.0,7,14,5.0,4.0,6,4,3,0.0,3,6,1,22,15.0,10,9,9,16,8,7,10.0,17,7.0,13,2,8,11,3,7,6,0.0,5,7,9,2,2,10,7,0.0,4.0,7,7,6,7.0,2.0,8.0,7.0,9.0,26.0
